Cohort_Position,True_Family,Predicted_Family,ATTACK_Candidate_ID,ATTACK_Candidate_Name,Aggregated_Evidence_Level,Supporting_Feature_Count,Supporting_Features,Candidate_Positive_SHAP,Candidate_Normalized_SHAP_Support
2,Benign,Benign,T1620,Reflective Code Loading,MEDIUM_CANDIDATE,1,ldrmodules.not_in_init_avg,0.08102012425661087,0.014194189800219243
8,Benign,Benign,T1620,Reflective Code Loading,MEDIUM_CANDIDATE,1,ldrmodules.not_in_init_avg,0.08102338016033173,0.014209229319208962
16,Benign,Benign,T1014,Rootkit,MEDIUM_CANDIDATE,1,psxview.not_in_pslist_false_avg,0.07131194323301315,0.01321432820126711
16,Benign,Benign,T1620,Reflective Code Loading,MEDIUM_CANDIDATE,2,ldrmodules.not_in_init_avg; ldrmodules.not_in_load,0.4299573749303818,0.0796724588800026
19,Benign,Benign,T1620,Reflective Code Loading,MEDIUM_CANDIDATE,1,ldrmodules.not_in_init_avg,0.07062225788831711,0.012354877607787959
22,Benign,Benign,T1014,Rootkit,MEDIUM_CANDIDATE,1,psxview.not_in_pslist_false_avg,0.05671525374054909,0.01084692228369097
22,Benign,Benign,T1620,Reflective Code Loading,MEDIUM_CANDIDATE,2,ldrmodules.not_in_init_avg; ldrmodules.not_in_load,0.4346122443675995,0.08312058797729395
23,Benign,Benign,T1620,Reflective Code Loading,MEDIUM_CANDIDATE,1,ldrmodules.not_in_init_avg,0.0701364129781723,0.012284393434599401
24,Benign,Benign,T1620,Reflective Code Loading,MEDIUM_CANDIDATE,1,ldrmodules.not_in_init_avg,0.08102338016033173,0.014214750981483924
28,Benign,Benign,T1620,Reflective Code Loading,MEDIUM_CANDIDATE,2,ldrmodules.not_in_init_avg; ldrmodules.not_in_load,0.43271419405937195,0.0809864979047917
29,Benign,Benign,T1014,Rootkit,MEDIUM_CANDIDATE,1,psxview.not_in_pslist_false_avg,0.07131194323301315,0.012895283557381915
29,Benign,Benign,T1620,Reflective Code Loading,MEDIUM_CANDIDATE,2,ldrmodules.not_in_init_avg; ldrmodules.not_in_load,0.4258359968662262,0.0770035940626037
32,Benign,Benign,T1620,Reflective Code Loading,MEDIUM_CANDIDATE,1,ldrmodules.not_in_init_avg,0.08534332364797592,0.015082156237332688
33,Benign,Benign,T1620,Reflective Code Loading,MEDIUM_CANDIDATE,1,ldrmodules.not_in_init_avg,0.08102012425661087,0.014189928108952017
34,Benign,Benign,T1620,Reflective Code Loading,MEDIUM_CANDIDATE,1,ldrmodules.not_in_init_avg,0.08485908061265945,0.015032225915034917
39,Benign,Benign,T1620,Reflective Code Loading,MEDIUM_CANDIDATE,1,ldrmodules.not_in_init_avg,0.08096595108509064,0.01412384230377057
44,Benign,Benign,T1620,Reflective Code Loading,MEDIUM_CANDIDATE,1,ldrmodules.not_in_init_avg,0.08096595108509064,0.014151838748883476
46,Benign,Benign,T1620,Reflective Code Loading,MEDIUM_CANDIDATE,2,ldrmodules.not_in_init_avg; ldrmodules.not_in_load,0.42159128934144974,0.07584286937425327
47,Benign,Benign,T1014,Rootkit,MEDIUM_CANDIDATE,1,psxview.not_in_pslist_false_avg,0.0700278952717781,0.012510690599509117
47,Benign,Benign,T1620,Reflective Code Loading,MEDIUM_CANDIDATE,2,ldrmodules.not_in_init_avg; ldrmodules.not_in_load,0.4154701605439186,0.0742249729442906
49,Benign,Benign,T1620,Reflective Code Loading,MEDIUM_CANDIDATE,1,ldrmodules.not_in_init_avg,0.07977294921875,0.01398033242632335
52,Benign,Benign,T1620,Reflective Code Loading,MEDIUM_CANDIDATE,1,ldrmodules.not_in_init_avg,0.07093165814876556,0.012423475905836014
53,Benign,Benign,T1620,Reflective Code Loading,MEDIUM_CANDIDATE,1,ldrmodules.not_in_init_avg,0.07977087795734406,0.013968464174476582
55,Benign,Benign,T1620,Reflective Code Loading,MEDIUM_CANDIDATE,2,ldrmodules.not_in_init_avg; ldrmodules.not_in_load,0.4419499337673187,0.08191732495225268
57,Benign,Benign,T1620,Reflective Code Loading,MEDIUM_CANDIDATE,2,ldrmodules.not_in_init_avg; ldrmodules.not_in_load,0.44546541571617126,0.08762629121365231
58,Benign,Benign,T1620,Reflective Code Loading,MEDIUM_CANDIDATE,1,ldrmodules.not_in_init_avg,0.07093165814876556,0.012423475970683962
59,Benign,Benign,T1620,Reflective Code Loading,MEDIUM_CANDIDATE,1,ldrmodules.not_in_init_avg,0.08096595108509064,0.0141238418264977
61,Benign,Benign,T1620,Reflective Code Loading,MEDIUM_CANDIDATE,1,ldrmodules.not_in_init_avg,0.08102338016033173,0.014209265226147108
62,Benign,Benign,T1620,Reflective Code Loading,MEDIUM_CANDIDATE,2,ldrmodules.not_in_init_avg; ldrmodules.not_in_load,0.42601868510246277,0.08005116497645479
63,Benign,Benign,T1620,Reflective Code Loading,MEDIUM_CANDIDATE,2,ldrmodules.not_in_init_avg; ldrmodules.not_in_load,0.4219935014843941,0.0765649467285534
64,Benign,Benign,T1620,Reflective Code Loading,MEDIUM_CANDIDATE,2,ldrmodules.not_in_init_avg; ldrmodules.not_in_load,0.45117612183094025,0.0982731023882698
70,Benign,Benign,T1620,Reflective Code Loading,MEDIUM_CANDIDATE,1,ldrmodules.not_in_init_avg,0.07977087795734406,0.014005116511073203
71,Benign,Benign,T1014,Rootkit,MEDIUM_CANDIDATE,1,psxview.not_in_pslist_false_avg,0.057790834456682205,0.011068492478242348
71,Benign,Benign,T1620,Reflective Code Loading,MEDIUM_CANDIDATE,2,ldrmodules.not_in_init_avg; ldrmodules.not_in_load,0.43755975365638733,0.08380441098765445
72,Benign,Benign,T1014,Rootkit,MEDIUM_CANDIDATE,1,psxview.not_in_pslist_false_avg,0.07110347598791122,0.012745218118423525
72,Benign,Benign,T1620,Reflective Code Loading,MEDIUM_CANDIDATE,2,ldrmodules.not_in_init_avg; ldrmodules.not_in_load,0.4250964820384979,0.07619806640502788
74,Benign,Benign,T1620,Reflective Code Loading,MEDIUM_CANDIDATE,2,ldrmodules.not_in_init_avg; ldrmodules.not_in_load,0.40642084181308746,0.0788004243054277
77,Benign,Benign,T1620,Reflective Code Loading,MEDIUM_CANDIDATE,1,ldrmodules.not_in_init_avg,0.08485908061265945,0.015032225915034917
78,Benign,Benign,T1620,Reflective Code Loading,MEDIUM_CANDIDATE,1,ldrmodules.not_in_init_avg,0.08101805299520493,0.014183560021301415
80,Benign,Benign,T1620,Reflective Code Loading,MEDIUM_CANDIDATE,2,ldrmodules.not_in_init_avg; ldrmodules.not_in_load,0.38714103400707245,0.07297770780255386
82,Benign,Benign,T1014,Rootkit,MEDIUM_CANDIDATE,1,psxview.not_in_pslist_false_avg,0.07215812802314758,0.012981974206640644
82,Benign,Benign,T1620,Reflective Code Loading,MEDIUM_CANDIDATE,2,ldrmodules.not_in_init_avg; ldrmodules.not_in_load,0.4250964820384979,0.0764791398605456
84,Benign,Benign,T1620,Reflective Code Loading,MEDIUM_CANDIDATE,1,ldrmodules.not_in_init_avg,0.08096595108509064,0.014122366363124531
87,Benign,Benign,T1620,Reflective Code Loading,MEDIUM_CANDIDATE,1,ldrmodules.not_in_init_avg,0.08102012425661087,0.014189928108952017
88,Benign,Benign,T1620,Reflective Code Loading,MEDIUM_CANDIDATE,2,ldrmodules.not_in_init_avg; ldrmodules.not_in_load,0.42159128934144974,0.07584286937425327
92,Benign,Benign,T1620,Reflective Code Loading,MEDIUM_CANDIDATE,1,ldrmodules.not_in_init_avg,0.08096595108509064,0.0141238418264977
93,Benign,Benign,T1620,Reflective Code Loading,MEDIUM_CANDIDATE,2,ldrmodules.not_in_init_avg; ldrmodules.not_in_load,0.4321253001689911,0.08095647642580793
94,Benign,Benign,T1620,Reflective Code Loading,MEDIUM_CANDIDATE,2,ldrmodules.not_in_init_avg; ldrmodules.not_in_load,0.4923507869243622,0.10471607352427469
97,Benign,Benign,T1620,Reflective Code Loading,MEDIUM_CANDIDATE,1,ldrmodules.not_in_init_avg,0.08485908061265945,0.015032225915034917
99,Benign,Benign,T1620,Reflective Code Loading,MEDIUM_CANDIDATE,1,ldrmodules.not_in_init_avg,0.08102012425661087,0.014180021741808858
101,Benign,Benign,T1620,Reflective Code Loading,MEDIUM_CANDIDATE,2,ldrmodules.not_in_init_avg; ldrmodules.not_in_load,0.44307470321655273,0.08132673494766912
102,Benign,Benign,T1620,Reflective Code Loading,MEDIUM_CANDIDATE,1,ldrmodules.not_in_init_avg,0.08102338016033173,0.014209265300411906
103,Benign,Benign,T1014,Rootkit,MEDIUM_CANDIDATE,1,psxview.not_in_pslist_false_avg,0.05671525374054909,0.010983392047195764
103,Benign,Benign,T1620,Reflective Code Loading,MEDIUM_CANDIDATE,2,ldrmodules.not_in_init_avg; ldrmodules.not_in_load,0.4398338198661804,0.0851775661853747
104,Benign,Benign,T1620,Reflective Code Loading,MEDIUM_CANDIDATE,1,ldrmodules.not_in_init_avg,0.07977294921875,0.013980332572359191
109,Benign,Benign,T1620,Reflective Code Loading,MEDIUM_CANDIDATE,2,ldrmodules.not_in_init_avg; ldrmodules.not_in_load,0.43217340111732483,0.08083876602710996
110,Benign,Benign,T1620,Reflective Code Loading,MEDIUM_CANDIDATE,2,ldrmodules.not_in_init_avg; ldrmodules.not_in_load,0.38821978867053986,0.07177602919380538
111,Benign,Benign,T1620,Reflective Code Loading,MEDIUM_CANDIDATE,2,ldrmodules.not_in_init_avg; ldrmodules.not_in_load,0.4882360249757767,0.10378774402022584
113,Benign,Benign,T1620,Reflective Code Loading,MEDIUM_CANDIDATE,2,ldrmodules.not_in_init_avg; ldrmodules.not_in_load,0.4063727408647537,0.07879088818909975
115,Benign,Benign,T1620,Reflective Code Loading,MEDIUM_CANDIDATE,2,ldrmodules.not_in_init_avg; ldrmodules.not_in_load,0.44273754954338074,0.08266228130222372
117,Benign,Benign,T1620,Reflective Code Loading,MEDIUM_CANDIDATE,1,ldrmodules.not_in_init_avg,0.07977294921875,0.013978346976873628
119,Benign,Benign,T1620,Reflective Code Loading,MEDIUM_CANDIDATE,1,ldrmodules.not_in_init_avg,0.08096595108509064,0.01412384230377057
120,Benign,Benign,T1620,Reflective Code Loading,MEDIUM_CANDIDATE,2,ldrmodules.not_in_init_avg; ldrmodules.not_in_load,0.4400983601808548,0.08263219724923833
121,Benign,Benign,T1620,Reflective Code Loading,MEDIUM_CANDIDATE,1,ldrmodules.not_in_init_avg,0.07978598773479462,0.014011612725726265
122,Benign,Benign,T1014,Rootkit,MEDIUM_CANDIDATE,1,psxview.not_in_pslist_false_avg,0.02103387378156185,0.003614706422665403
122,Benign,Benign,T1620,Reflective Code Loading,MEDIUM_CANDIDATE,1,ldrmodules.not_in_init_avg,0.08197245746850967,0.014087104047987044
125,180solutions,180solutions,T1014,Rootkit,MEDIUM_CANDIDATE,1,psxview.not_in_pslist_false_avg,0.05537966638803482,0.028462334154265086
125,180solutions,180solutions,T1620,Reflective Code Loading,MEDIUM_CANDIDATE,4,ldrmodules.not_in_load_avg; ldrmodules.not_in_load; ldrmodules.not_in_init_avg; ldrmodules.not_in_mem_avg,0.3813064843416214,0.19597215513136637
126,180solutions,Gator,T1014,Rootkit,MEDIUM_CANDIDATE,1,psxview.not_in_deskthrd_false_avg,0.1071782261133194,0.029900800789926237
126,180solutions,Gator,T1620,Reflective Code Loading,MEDIUM_CANDIDATE,5,ldrmodules.not_in_load_avg; ldrmodules.not_in_load; ldrmodules.not_in_init_avg; ldrmodules.not_in_init; ldrmodules.not_in_mem,1.77981036901474,0.49653513794385606
127,180solutions,180solutions,T1055,Process Injection,HIGH_CANDIDATE,2,malfind.ninjections; malfind.uniqueInjections,1.076211303472519,0.32633053896352165
127,180solutions,180solutions,T1620,Reflective Code Loading,MEDIUM_CANDIDATE,2,ldrmodules.not_in_load_avg; ldrmodules.not_in_load,0.1763160154223442,0.05346282849383155
128,180solutions,180solutions,T1055,Process Injection,HIGH_CANDIDATE,2,malfind.ninjections; malfind.uniqueInjections,1.230328731238842,0.36177736258761567
128,180solutions,180solutions,T1620,Reflective Code Loading,MEDIUM_CANDIDATE,2,ldrmodules.not_in_load; ldrmodules.not_in_load_avg,0.1463666558265686,0.04303901987429548
129,180solutions,Conti,T1014,Rootkit,MEDIUM_CANDIDATE,1,psxview.not_in_pspcid_list_false_avg,0.053601715713739395,0.02788063813014719
129,180solutions,Conti,T1055,Process Injection,HIGH_CANDIDATE,1,malfind.uniqueInjections,0.4228784739971161,0.21995791645005802
130,180solutions,Emotet,T1620,Reflective Code Loading,MEDIUM_CANDIDATE,1,ldrmodules.not_in_load,0.06306647509336472,0.03930339335013153
131,180solutions,180solutions,T1055,Process Injection,HIGH_CANDIDATE,1,malfind.ninjections,0.0922870859503746,0.016778879591513186
132,180solutions,180solutions,T1014,Rootkit,MEDIUM_CANDIDATE,1,psxview.not_in_deskthrd_false_avg,0.33865875005722046,0.13516301010307788
132,180solutions,180solutions,T1620,Reflective Code Loading,MEDIUM_CANDIDATE,2,ldrmodules.not_in_load_avg; ldrmodules.not_in_init_avg,0.1887870356440544,0.0753473046297373
133,180solutions,Transponder,T1620,Reflective Code Loading,MEDIUM_CANDIDATE,3,ldrmodules.not_in_load; ldrmodules.not_in_init_avg; ldrmodules.not_in_mem,0.654455978423357,0.27101420075613375
134,180solutions,Ako,T1055,Process Injection,HIGH_CANDIDATE,2,malfind.uniqueInjections; malfind.ninjections,0.7324557155370712,0.28846192324339553
134,180solutions,Ako,T1620,Reflective Code Loading,MEDIUM_CANDIDATE,2,ldrmodules.not_in_init_avg; ldrmodules.not_in_load_avg,0.2706923484802246,0.10660635693534294
135,180solutions,Shade,T1055,Process Injection,HIGH_CANDIDATE,1,malfind.uniqueInjections,0.10594349354505539,0.04442120623990287
135,180solutions,Shade,T1620,Reflective Code Loading,MEDIUM_CANDIDATE,3,ldrmodules.not_in_load_avg; ldrmodules.not_in_init_avg; ldrmodules.not_in_load,0.4232235997915268,0.17745405765704966
136,180solutions,180solutions,T1055,Process Injection,HIGH_CANDIDATE,1,malfind.uniqueInjections,0.05133155733346939,0.03399719315121475
136,180solutions,180solutions,T1620,Reflective Code Loading,MEDIUM_CANDIDATE,1,ldrmodules.not_in_load,0.0636470839381218,0.04215383905262974
137,180solutions,Ako,T1620,Reflective Code Loading,MEDIUM_CANDIDATE,3,ldrmodules.not_in_mem; ldrmodules.not_in_init_avg; ldrmodules.not_in_load,0.2690836489200592,0.14224976429607522
138,180solutions,Reconyc,T1055,Process Injection,HIGH_CANDIDATE,2,malfind.uniqueInjections; malfind.ninjections,0.32469306886196136,0.1538153177136617
138,180solutions,Reconyc,T1620,Reflective Code Loading,MEDIUM_CANDIDATE,4,ldrmodules.not_in_mem_avg; ldrmodules.not_in_load_avg; ldrmodules.not_in_load; ldrmodules.not_in_init_avg,0.4631120562553406,0.2193878924475175
139,180solutions,Scar,T1620,Reflective Code Loading,MEDIUM_CANDIDATE,3,ldrmodules.not_in_load_avg; ldrmodules.not_in_mem_avg; ldrmodules.not_in_init_avg,1.049214944243431,0.42356699380381974
140,180solutions,Scar,T1055,Process Injection,HIGH_CANDIDATE,1,malfind.ninjections,0.042638689279556274,0.02134282902658357
140,180solutions,Scar,T1620,Reflective Code Loading,MEDIUM_CANDIDATE,5,ldrmodules.not_in_load_avg; ldrmodules.not_in_mem; ldrmodules.not_in_mem_avg; ldrmodules.not_in_init_avg; ldrmodules.not_in_load,0.7797396183013916,0.3902992713858891
141,180solutions,Shade,T1055,Process Injection,HIGH_CANDIDATE,1,malfind.uniqueInjections,0.07728366553783417,0.03141833591210226
141,180solutions,Shade,T1620,Reflective Code Loading,MEDIUM_CANDIDATE,3,ldrmodules.not_in_init_avg; ldrmodules.not_in_load_avg; ldrmodules.not_in_load,0.3641572557389736,0.14804182625156878
142,180solutions,Transponder,T1055,Process Injection,HIGH_CANDIDATE,1,malfind.ninjections,0.12195068597793579,0.04333261915101292
142,180solutions,Transponder,T1620,Reflective Code Loading,MEDIUM_CANDIDATE,1,ldrmodules.not_in_load,0.17312820255756378,0.06151747655674251
143,180solutions,CWS,T1620,Reflective Code Loading,MEDIUM_CANDIDATE,5,ldrmodules.not_in_init_avg; ldrmodules.not_in_load_avg; ldrmodules.not_in_load; ldrmodules.not_in_mem_avg; ldrmodules.not_in_mem,0.5795448273420334,0.3453734389306325
144,180solutions,180solutions,T1014,Rootkit,MEDIUM_CANDIDATE,2,psxview.not_in_pslist_false_avg; psxview.not_in_session_false_avg,0.21555574983358383,0.18384695120678948
144,180solutions,180solutions,T1620,Reflective Code Loading,MEDIUM_CANDIDATE,2,ldrmodules.not_in_load_avg; ldrmodules.not_in_load,0.14286604523658752,0.12185008689397388
145,180solutions,Gator,T1014,Rootkit,MEDIUM_CANDIDATE,4,psxview.not_in_pslist; psxview.not_in_deskthrd; psxview.not_in_pslist_false_avg; psxview.not_in_session_false_avg,0.4563133493065834,0.2222639150480655
146,180solutions,180solutions,T1620,Reflective Code Loading,MEDIUM_CANDIDATE,4,ldrmodules.not_in_init_avg; ldrmodules.not_in_init; ldrmodules.not_in_load; ldrmodules.not_in_load_avg,1.2937939316034317,0.4411970499350955
147,180solutions,CWS,T1014,Rootkit,MEDIUM_CANDIDATE,2,psxview.not_in_ethread_pool; psxview.not_in_pslist_false_avg,0.17596618831157684,0.08090742311665013
147,180solutions,CWS,T1055,Process Injection,HIGH_CANDIDATE,1,malfind.ninjections,0.15801450610160828,0.07265342635651224
147,180solutions,CWS,T1620,Reflective Code Loading,MEDIUM_CANDIDATE,1,ldrmodules.not_in_mem_avg,0.08043922483921051,0.03698511891226314
148,180solutions,180solutions,T1055,Process Injection,HIGH_CANDIDATE,2,malfind.uniqueInjections; malfind.ninjections,0.15562701225280762,0.0694628272351283
148,180solutions,180solutions,T1620,Reflective Code Loading,MEDIUM_CANDIDATE,3,ldrmodules.not_in_load_avg; ldrmodules.not_in_load; ldrmodules.not_in_init_avg,0.34556814283132553,0.15424147682320782
149,180solutions,Reconyc,T1055,Process Injection,HIGH_CANDIDATE,2,malfind.uniqueInjections; malfind.ninjections,0.41552603244781494,0.16382480273807898
149,180solutions,Reconyc,T1620,Reflective Code Loading,MEDIUM_CANDIDATE,4,ldrmodules.not_in_load_avg; ldrmodules.not_in_load; ldrmodules.not_in_init_avg; ldrmodules.not_in_mem_avg,1.3670916110277176,0.5389879237701564
150,180solutions,Transponder,T1620,Reflective Code Loading,MEDIUM_CANDIDATE,2,ldrmodules.not_in_load; ldrmodules.not_in_init_avg,0.6257356107234955,0.27784220048815844
151,180solutions,Transponder,T1014,Rootkit,MEDIUM_CANDIDATE,2,psxview.not_in_deskthrd_false_avg; psxview.not_in_session_false_avg,0.3252734988927841,0.12115405542343327
151,180solutions,Transponder,T1620,Reflective Code Loading,MEDIUM_CANDIDATE,3,ldrmodules.not_in_load; ldrmodules.not_in_load_avg; ldrmodules.not_in_init_avg,0.7265955954790115,0.2706338000013426
152,180solutions,180solutions,T1055,Process Injection,HIGH_CANDIDATE,1,malfind.uniqueInjections,0.05133755877614021,0.030624321468911316
153,180solutions,Ako,T1014,Rootkit,MEDIUM_CANDIDATE,1,psxview.not_in_csrss_handles_false_avg,0.10857447236776352,0.046576112236068494
153,180solutions,Ako,T1620,Reflective Code Loading,MEDIUM_CANDIDATE,3,ldrmodules.not_in_init_avg; ldrmodules.not_in_load; ldrmodules.not_in_load_avg,0.5785368233919144,0.2481798477245079
154,180solutions,180solutions,T1620,Reflective Code Loading,MEDIUM_CANDIDATE,1,ldrmodules.not_in_init_avg,0.1338595449924469,0.046562284628858544
155,180solutions,Transponder,T1620,Reflective Code Loading,MEDIUM_CANDIDATE,3,ldrmodules.not_in_load; ldrmodules.not_in_init_avg; ldrmodules.not_in_mem,0.7150868661701679,0.30646934978231116
156,180solutions,Transponder,T1620,Reflective Code Loading,MEDIUM_CANDIDATE,3,ldrmodules.not_in_load; ldrmodules.not_in_init_avg; ldrmodules.not_in_mem,0.7241465523838997,0.3000386371116833
157,180solutions,Transponder,T1620,Reflective Code Loading,MEDIUM_CANDIDATE,1,ldrmodules.not_in_init_avg,0.04734935611486435,0.027615367122926567
158,180solutions,180solutions,T1014,Rootkit,MEDIUM_CANDIDATE,1,psxview.not_in_pslist_false_avg,0.06081654131412506,0.036073043775213205
158,180solutions,180solutions,T1620,Reflective Code Loading,MEDIUM_CANDIDATE,4,ldrmodules.not_in_load_avg; ldrmodules.not_in_load; ldrmodules.not_in_init_avg; ldrmodules.not_in_init,0.3425900563597679,0.20320567123649258
159,180solutions,Shade,T1014,Rootkit,MEDIUM_CANDIDATE,2,psxview.not_in_session_false_avg; psxview.not_in_deskthrd_false_avg,0.2115071937441826,0.07827601993599395
159,180solutions,Shade,T1055,Process Injection,HIGH_CANDIDATE,1,malfind.uniqueInjections,0.1333743780851364,0.0493600964257041
159,180solutions,Shade,T1620,Reflective Code Loading,MEDIUM_CANDIDATE,2,ldrmodules.not_in_mem_avg; ldrmodules.not_in_load_avg,0.1346060372889042,0.04981591723577586
160,180solutions,TIBS,T1620,Reflective Code Loading,MEDIUM_CANDIDATE,2,ldrmodules.not_in_load; ldrmodules.not_in_init_avg,0.552396222949028,0.20076702204356375
161,180solutions,Zeus,T1014,Rootkit,MEDIUM_CANDIDATE,1,psxview.not_in_ethread_pool_false_avg,0.03948746621608734,0.020371259690688502
161,180solutions,Zeus,T1620,Reflective Code Loading,MEDIUM_CANDIDATE,1,ldrmodules.not_in_load,0.0661863386631012,0.03414498883021745
162,180solutions,Refroso,T1620,Reflective Code Loading,MEDIUM_CANDIDATE,2,ldrmodules.not_in_load_avg; ldrmodules.not_in_init_avg,0.5401695966720581,0.22574471431048226
163,180solutions,Transponder,T1055,Process Injection,HIGH_CANDIDATE,2,malfind.uniqueInjections; malfind.ninjections,0.48189719021320343,0.21068873712229932
163,180solutions,Transponder,T1620,Reflective Code Loading,MEDIUM_CANDIDATE,2,ldrmodules.not_in_init_avg; ldrmodules.not_in_mem_avg,0.22791648656129837,0.0996466418526044
164,180solutions,Transponder,T1055,Process Injection,HIGH_CANDIDATE,2,malfind.ninjections; malfind.uniqueInjections,0.5276423692703247,0.21950210426634484
164,180solutions,Transponder,T1620,Reflective Code Loading,MEDIUM_CANDIDATE,2,ldrmodules.not_in_load_avg; ldrmodules.not_in_mem_avg,0.12036232650279999,0.05007138448395131
165,180solutions,Transponder,T1620,Reflective Code Loading,MEDIUM_CANDIDATE,3,ldrmodules.not_in_load; ldrmodules.not_in_init_avg; ldrmodules.not_in_mem,0.7307294979691505,0.30104463276452476
166,180solutions,180solutions,T1014,Rootkit,MEDIUM_CANDIDATE,2,psxview.not_in_deskthrd_false_avg; psxview.not_in_csrss_handles_false_avg,0.16328880935907364,0.07092845948378108
166,180solutions,180solutions,T1620,Reflective Code Loading,MEDIUM_CANDIDATE,4,ldrmodules.not_in_load; ldrmodules.not_in_load_avg; ldrmodules.not_in_init_avg; ldrmodules.not_in_mem,0.5481204129755497,0.2380894113722025
167,180solutions,CWS,T1014,Rootkit,MEDIUM_CANDIDATE,2,psxview.not_in_pslist_false_avg; psxview.not_in_ethread_pool_false_avg,0.12853845208883286,0.048836517766200294
167,180solutions,CWS,T1620,Reflective Code Loading,MEDIUM_CANDIDATE,3,ldrmodules.not_in_mem_avg; ldrmodules.not_in_init_avg; ldrmodules.not_in_load_avg,0.4368351399898529,0.1659698458191442
168,180solutions,Gator,T1014,Rootkit,MEDIUM_CANDIDATE,1,psxview.not_in_pslist,0.08133449405431747,0.04380967006397691
168,180solutions,Gator,T1620,Reflective Code Loading,MEDIUM_CANDIDATE,2,ldrmodules.not_in_init_avg; ldrmodules.not_in_mem_avg,0.3595255836844444,0.19365334946640805
169,180solutions,180solutions,T1055,Process Injection,HIGH_CANDIDATE,1,malfind.uniqueInjections,0.24882002174854279,0.12242016316996557
169,180solutions,180solutions,T1620,Reflective Code Loading,MEDIUM_CANDIDATE,3,ldrmodules.not_in_load_avg; ldrmodules.not_in_init_avg; ldrmodules.not_in_load,0.371516939252615,0.18278739791154958
170,180solutions,Reconyc,T1055,Process Injection,HIGH_CANDIDATE,2,malfind.uniqueInjections; malfind.ninjections,0.2421189472079277,0.11794435894654916
170,180solutions,Reconyc,T1620,Reflective Code Loading,MEDIUM_CANDIDATE,1,ldrmodules.not_in_load,0.3687135875225067,0.17961290603943483
171,180solutions,180solutions,T1014,Rootkit,MEDIUM_CANDIDATE,1,psxview.not_in_pslist_false_avg,0.053140707314014435,0.03034738645198007
171,180solutions,180solutions,T1620,Reflective Code Loading,MEDIUM_CANDIDATE,3,ldrmodules.not_in_load_avg; ldrmodules.not_in_init_avg; ldrmodules.not_in_load,0.24323314055800438,0.13890462674545312
172,180solutions,Refroso,T1620,Reflective Code Loading,MEDIUM_CANDIDATE,3,ldrmodules.not_in_mem_avg; ldrmodules.not_in_load_avg; ldrmodules.not_in_init_avg,0.37413985282182693,0.18131039094497592
173,180solutions,Ako,T1620,Reflective Code Loading,MEDIUM_CANDIDATE,1,ldrmodules.not_in_mem,0.09717041999101639,0.0677015154962789
174,180solutions,180solutions,T1055,Process Injection,HIGH_CANDIDATE,1,malfind.uniqueInjections,0.07646188884973526,0.022995719910301658
174,180solutions,180solutions,T1620,Reflective Code Loading,MEDIUM_CANDIDATE,1,ldrmodules.not_in_init_avg,0.12286195904016495,0.0369504238022544
175,180solutions,180solutions,T1014,Rootkit,MEDIUM_CANDIDATE,2,psxview.not_in_pslist_false_avg; psxview.not_in_session_false_avg,0.3911619931459427,0.11460050475072085
175,180solutions,180solutions,T1620,Reflective Code Loading,MEDIUM_CANDIDATE,3,ldrmodules.not_in_load_avg; ldrmodules.not_in_load; ldrmodules.not_in_init_avg,0.5630544126033783,0.164960607157948
176,180solutions,Shade,T1620,Reflective Code Loading,MEDIUM_CANDIDATE,3,ldrmodules.not_in_init_avg; ldrmodules.not_in_load_avg; ldrmodules.not_in_mem_avg,0.38379789888858795,0.1614536952599106
177,180solutions,Transponder,T1055,Process Injection,HIGH_CANDIDATE,2,malfind.ninjections; malfind.uniqueInjections,0.5899516046047211,0.21611899805339693
177,180solutions,Transponder,T1620,Reflective Code Loading,MEDIUM_CANDIDATE,2,ldrmodules.not_in_init_avg; ldrmodules.not_in_mem_avg,0.176483616232872,0.06465184943202931
178,180solutions,CWS,T1620,Reflective Code Loading,MEDIUM_CANDIDATE,5,ldrmodules.not_in_mem_avg; ldrmodules.not_in_load; ldrmodules.not_in_mem; ldrmodules.not_in_init_avg; ldrmodules.not_in_load_avg,0.5013915151357651,0.3484979217325894
179,180solutions,Maze,T1620,Reflective Code Loading,MEDIUM_CANDIDATE,4,ldrmodules.not_in_mem; ldrmodules.not_in_load; ldrmodules.not_in_load_avg; ldrmodules.not_in_mem_avg,0.7246420942246914,0.6162019159012163
180,180solutions,Transponder,T1014,Rootkit,MEDIUM_CANDIDATE,4,psxview.not_in_deskthrd_false_avg; psxview.not_in_pslist_false_avg; psxview.not_in_ethread_pool_false_avg; psxview.not_in_pslist,0.7339440584182739,0.2903522694788035
180,180solutions,Transponder,T1055,Process Injection,HIGH_CANDIDATE,2,malfind.uniqueInjections; malfind.ninjections,0.45588579773902893,0.18035090614664495
180,180solutions,Transponder,T1620,Reflective Code Loading,MEDIUM_CANDIDATE,1,ldrmodules.not_in_init,0.11505061388015747,0.04551464987266871
181,180solutions,CWS,T1014,Rootkit,MEDIUM_CANDIDATE,1,psxview.not_in_pslist_false_avg,0.06636553257703781,0.026368391661678935
181,180solutions,CWS,T1620,Reflective Code Loading,MEDIUM_CANDIDATE,3,ldrmodules.not_in_mem_avg; ldrmodules.not_in_load_avg; ldrmodules.not_in_init_avg,0.4411436542868614,0.1752754510302078
182,180solutions,Transponder,T1620,Reflective Code Loading,MEDIUM_CANDIDATE,2,ldrmodules.not_in_init_avg; ldrmodules.not_in_load_avg,0.28217922151088715,0.14227282590814766
183,180solutions,Gator,T1014,Rootkit,MEDIUM_CANDIDATE,2,psxview.not_in_pslist_false_avg; psxview.not_in_deskthrd,0.1075589507818222,0.043006391691615076
183,180solutions,Gator,T1620,Reflective Code Loading,MEDIUM_CANDIDATE,4,ldrmodules.not_in_load; ldrmodules.not_in_init_avg; ldrmodules.not_in_mem_avg; ldrmodules.not_in_load_avg,0.5338905602693558,0.2134709049177539
184,180solutions,Transponder,T1620,Reflective Code Loading,MEDIUM_CANDIDATE,3,ldrmodules.not_in_init_avg; ldrmodules.not_in_mem_avg; ldrmodules.not_in_load_avg,0.2961927503347397,0.17987500199057016
185,180solutions,Zeus,T1014,Rootkit,MEDIUM_CANDIDATE,2,psxview.not_in_csrss_handles_false_avg; psxview.not_in_ethread_pool_false_avg,0.14419300854206085,0.0915446248766697
185,180solutions,Zeus,T1055,Process Injection,HIGH_CANDIDATE,1,malfind.ninjections,0.2887835204601288,0.18334161495337034
185,180solutions,Zeus,T1620,Reflective Code Loading,MEDIUM_CANDIDATE,4,ldrmodules.not_in_init_avg; ldrmodules.not_in_mem; ldrmodules.not_in_load; ldrmodules.not_in_mem_avg,0.28325871378183365,0.17983404991956972
186,180solutions,Gator,T1014,Rootkit,MEDIUM_CANDIDATE,1,psxview.not_in_deskthrd_false_avg,0.12753745913505554,0.03443409281490544
186,180solutions,Gator,T1620,Reflective Code Loading,MEDIUM_CANDIDATE,4,ldrmodules.not_in_load_avg; ldrmodules.not_in_init_avg; ldrmodules.not_in_load; ldrmodules.not_in_init,1.547876514494419,0.4179142655623358
187,180solutions,180solutions,T1014,Rootkit,MEDIUM_CANDIDATE,1,psxview.not_in_pslist_false_avg,0.05498616024851799,0.02847195918255475
187,180solutions,180solutions,T1620,Reflective Code Loading,MEDIUM_CANDIDATE,3,ldrmodules.not_in_load_avg; ldrmodules.not_in_init_avg; ldrmodules.not_in_load,0.2759663090109825,0.14289598419690996
188,180solutions,Reconyc,T1055,Process Injection,HIGH_CANDIDATE,2,malfind.uniqueInjections; malfind.ninjections,0.22564371675252914,0.07879213156367955
188,180solutions,Reconyc,T1620,Reflective Code Loading,MEDIUM_CANDIDATE,1,ldrmodules.not_in_load,0.34075579047203064,0.11898791360277008
189,180solutions,180solutions,T1620,Reflective Code Loading,MEDIUM_CANDIDATE,1,ldrmodules.not_in_init_avg,0.08901865035295486,0.061408867863434864
190,180solutions,Maze,T1014,Rootkit,MEDIUM_CANDIDATE,1,psxview.not_in_csrss_handles_false_avg,0.03699885681271553,0.018637682582128903
190,180solutions,Maze,T1620,Reflective Code Loading,MEDIUM_CANDIDATE,1,ldrmodules.not_in_mem,0.35876280069351196,0.18072199461317612
191,180solutions,Emotet,T1620,Reflective Code Loading,MEDIUM_CANDIDATE,2,ldrmodules.not_in_load_avg; ldrmodules.not_in_init_avg,0.11586935073137283,0.0524282802468678
192,180solutions,Ako,T1014,Rootkit,MEDIUM_CANDIDATE,2,psxview.not_in_csrss_handles_false_avg; psxview.not_in_deskthrd_false_avg,0.15901433676481247,0.0669752358179808
192,180solutions,Ako,T1055,Process Injection,HIGH_CANDIDATE,2,malfind.uniqueInjections; malfind.ninjections,1.0409838408231735,0.4384519008808487
193,180solutions,180solutions,T1055,Process Injection,HIGH_CANDIDATE,2,malfind.ninjections; malfind.uniqueInjections,1.1849916875362396,0.31852530296894416
193,180solutions,180solutions,T1620,Reflective Code Loading,MEDIUM_CANDIDATE,2,ldrmodules.not_in_load_avg; ldrmodules.not_in_load,0.2387263923883438,0.06416956107116555
194,180solutions,180solutions,T1620,Reflective Code Loading,MEDIUM_CANDIDATE,3,ldrmodules.not_in_init_avg; ldrmodules.not_in_load_avg; ldrmodules.not_in_load,0.21252648532390594,0.15290843672297555
195,180solutions,180solutions,T1055,Process Injection,HIGH_CANDIDATE,2,malfind.ninjections; malfind.uniqueInjections,1.1885176599025726,0.31914528709723244
195,180solutions,180solutions,T1620,Reflective Code Loading,MEDIUM_CANDIDATE,2,ldrmodules.not_in_load_avg; ldrmodules.not_in_load,0.20589826256036758,0.05528858538209393
196,180solutions,180solutions,T1055,Process Injection,HIGH_CANDIDATE,2,malfind.uniqueInjections; malfind.ninjections,0.1500319540500641,0.0679258287635763
196,180solutions,180solutions,T1620,Reflective Code Loading,MEDIUM_CANDIDATE,3,ldrmodules.not_in_load_avg; ldrmodules.not_in_load; ldrmodules.not_in_init_avg,0.35563259571790695,0.16100995919455857
197,180solutions,Emotet,T1620,Reflective Code Loading,MEDIUM_CANDIDATE,4,ldrmodules.not_in_init_avg; ldrmodules.not_in_init; ldrmodules.not_in_load_avg; ldrmodules.not_in_load,0.596405453979969,0.2626006893494924
198,180solutions,Shade,T1014,Rootkit,MEDIUM_CANDIDATE,2,psxview.not_in_session_false_avg; psxview.not_in_csrss_handles_false_avg,0.1861025094985962,0.12934771727556035
198,180solutions,Shade,T1055,Process Injection,HIGH_CANDIDATE,1,malfind.uniqueInjections,0.0516914501786232,0.03592735584964642
198,180solutions,Shade,T1620,Reflective Code Loading,MEDIUM_CANDIDATE,1,ldrmodules.not_in_mem_avg,0.043476227670907974,0.03021749045800437
199,180solutions,Zeus,T1014,Rootkit,MEDIUM_CANDIDATE,1,psxview.not_in_ethread_pool_false_avg,0.06682823598384857,0.032213110312694845
199,180solutions,Zeus,T1620,Reflective Code Loading,MEDIUM_CANDIDATE,2,ldrmodules.not_in_load_avg; ldrmodules.not_in_load,0.43967997282743454,0.2119382512265613
200,180solutions,180solutions,T1620,Reflective Code Loading,MEDIUM_CANDIDATE,3,ldrmodules.not_in_load; ldrmodules.not_in_init_avg; ldrmodules.not_in_load_avg,0.5416497737169266,0.2306009859964233
201,180solutions,180solutions,T1055,Process Injection,HIGH_CANDIDATE,1,malfind.uniqueInjections,0.062170032411813736,0.016130528270555018
201,180solutions,180solutions,T1620,Reflective Code Loading,MEDIUM_CANDIDATE,1,ldrmodules.not_in_load,0.09403261542320251,0.024397538534175988
202,180solutions,Conti,T1014,Rootkit,MEDIUM_CANDIDATE,3,psxview.not_in_csrss_handles_false_avg; psxview.not_in_deskthrd_false_avg; psxview.not_in_session_false_avg,0.5023899972438812,0.22989299379264672
202,180solutions,Conti,T1055,Process Injection,HIGH_CANDIDATE,1,malfind.uniqueInjections,0.5818292498588562,0.2662442900137009
202,180solutions,Conti,T1620,Reflective Code Loading,MEDIUM_CANDIDATE,2,ldrmodules.not_in_mem_avg; ldrmodules.not_in_mem,0.15189179033041,0.06950548100708276
203,180solutions,180solutions,T1620,Reflective Code Loading,MEDIUM_CANDIDATE,2,ldrmodules.not_in_load_avg; ldrmodules.not_in_load,0.15602274239063263,0.08585774153202871
204,180solutions,Gator,T1014,Rootkit,MEDIUM_CANDIDATE,1,psxview.not_in_deskthrd_false_avg,0.10838983952999115,0.030246874901975425
204,180solutions,Gator,T1620,Reflective Code Loading,MEDIUM_CANDIDATE,5,ldrmodules.not_in_load_avg; ldrmodules.not_in_load; ldrmodules.not_in_init_avg; ldrmodules.not_in_init; ldrmodules.not_in_mem,1.7766503989696503,0.49578560679860184
205,180solutions,Emotet,T1620,Reflective Code Loading,MEDIUM_CANDIDATE,3,ldrmodules.not_in_init_avg; ldrmodules.not_in_init; ldrmodules.not_in_load_avg,0.47264184057712555,0.23476114552225769
206,180solutions,Pysa,T1014,Rootkit,MEDIUM_CANDIDATE,1,psxview.not_in_pspcid_list_false_avg,0.07132326066493988,0.04182127053290094
206,180solutions,Pysa,T1620,Reflective Code Loading,MEDIUM_CANDIDATE,2,ldrmodules.not_in_mem; ldrmodules.not_in_load,0.2811308354139328,0.16484452075486786
207,180solutions,Emotet,T1620,Reflective Code Loading,MEDIUM_CANDIDATE,1,ldrmodules.not_in_init_avg,0.06741075217723846,0.029362269310735753
208,180solutions,Transponder,T1620,Reflective Code Loading,MEDIUM_CANDIDATE,2,ldrmodules.not_in_load; ldrmodules.not_in_load_avg,0.8111098259687424,0.29278521462033497
209,180solutions,180solutions,T1014,Rootkit,MEDIUM_CANDIDATE,1,psxview.not_in_deskthrd_false_avg,0.16058197617530823,0.08073356160163352
209,180solutions,180solutions,T1620,Reflective Code Loading,MEDIUM_CANDIDATE,2,ldrmodules.not_in_load; ldrmodules.not_in_init,0.25433771312236786,0.12786982648393022
210,180solutions,Gator,T1055,Process Injection,HIGH_CANDIDATE,2,malfind.uniqueInjections; malfind.ninjections,0.2923892214894295,0.12741768961176855
210,180solutions,Gator,T1620,Reflective Code Loading,MEDIUM_CANDIDATE,2,ldrmodules.not_in_init; ldrmodules.not_in_mem,0.3364872857928276,0.1466347915325154
211,180solutions,180solutions,T1055,Process Injection,HIGH_CANDIDATE,1,malfind.ninjections,0.2176673412322998,0.10584169096083587
211,180solutions,180solutions,T1620,Reflective Code Loading,MEDIUM_CANDIDATE,3,ldrmodules.not_in_load; ldrmodules.not_in_init_avg; ldrmodules.not_in_load_avg,0.7204498201608658,0.3503218571355472
212,180solutions,Reconyc,T1055,Process Injection,HIGH_CANDIDATE,2,malfind.uniqueInjections; malfind.ninjections,0.2975161150097847,0.14281638332893343
212,180solutions,Reconyc,T1620,Reflective Code Loading,MEDIUM_CANDIDATE,3,ldrmodules.not_in_load_avg; ldrmodules.not_in_mem_avg; ldrmodules.not_in_load,0.776883453130722,0.3729266397572236
213,180solutions,180solutions,T1055,Process Injection,HIGH_CANDIDATE,2,malfind.ninjections; malfind.uniqueInjections,0.15458232909440994,0.10909964405786465
214,180solutions,Gator,T1620,Reflective Code Loading,MEDIUM_CANDIDATE,5,ldrmodules.not_in_load; ldrmodules.not_in_init_avg; ldrmodules.not_in_mem_avg; ldrmodules.not_in_load_avg; ldrmodules.not_in_mem,0.7711415477097034,0.27275204348435456
215,180solutions,180solutions,T1055,Process Injection,HIGH_CANDIDATE,1,malfind.uniqueInjections,0.052372045814991,0.028163292770422635
215,180solutions,180solutions,T1620,Reflective Code Loading,MEDIUM_CANDIDATE,3,ldrmodules.not_in_load_avg; ldrmodules.not_in_load; ldrmodules.not_in_init,0.19089731946587563,0.10265585415927062
216,180solutions,Reconyc,T1055,Process Injection,HIGH_CANDIDATE,2,malfind.uniqueInjections; malfind.ninjections,0.21276571601629257,0.07145449317701835
216,180solutions,Reconyc,T1620,Reflective Code Loading,MEDIUM_CANDIDATE,1,ldrmodules.not_in_load,0.2640783190727234,0.08868713814276097
217,180solutions,Emotet,T1620,Reflective Code Loading,MEDIUM_CANDIDATE,4,ldrmodules.not_in_init_avg; ldrmodules.not_in_init; ldrmodules.not_in_load_avg; ldrmodules.not_in_load,0.6368458047509193,0.2780927653352495
218,180solutions,Transponder,T1014,Rootkit,MEDIUM_CANDIDATE,3,psxview.not_in_session_false_avg; psxview.not_in_pslist_false_avg; psxview.not_in_ethread_pool_false_avg,0.43748997896909714,0.15227004763959998
218,180solutions,Transponder,T1620,Reflective Code Loading,MEDIUM_CANDIDATE,2,ldrmodules.not_in_init_avg; ldrmodules.not_in_load_avg,0.32741186022758484,0.11395694061862384
219,180solutions,Conti,T1014,Rootkit,MEDIUM_CANDIDATE,2,psxview.not_in_csrss_handles_false_avg; psxview.not_in_deskthrd_false_avg,0.16317208856344223,0.07792308077998814
219,180solutions,Conti,T1055,Process Injection,HIGH_CANDIDATE,1,malfind.uniqueInjections,0.4821743965148926,0.23026312147168232
219,180solutions,Conti,T1620,Reflective Code Loading,MEDIUM_CANDIDATE,2,ldrmodules.not_in_init_avg; ldrmodules.not_in_mem,0.09525284171104431,0.04548814043210129
220,180solutions,Shade,T1014,Rootkit,MEDIUM_CANDIDATE,1,psxview.not_in_session_false_avg,0.04932539537549019,0.024819813167162457
220,180solutions,Shade,T1055,Process Injection,HIGH_CANDIDATE,1,malfind.uniqueInjections,0.09339718520641327,0.04699608932711996
220,180solutions,Shade,T1620,Reflective Code Loading,MEDIUM_CANDIDATE,1,ldrmodules.not_in_load_avg,0.0584474615752697,0.02940990265460562
221,180solutions,Transponder,T1014,Rootkit,MEDIUM_CANDIDATE,3,psxview.not_in_ethread_pool_false_avg; psxview.not_in_pslist_false_avg; psxview.not_in_session_false_avg,0.3088297098875046,0.13923793539338908
221,180solutions,Transponder,T1620,Reflective Code Loading,MEDIUM_CANDIDATE,1,ldrmodules.not_in_init_avg,0.16627538204193115,0.0749663654792114
222,180solutions,Shade,T1055,Process Injection,HIGH_CANDIDATE,1,malfind.uniqueInjections,0.07160845398902893,0.031514874950386275
222,180solutions,Shade,T1620,Reflective Code Loading,MEDIUM_CANDIDATE,1,ldrmodules.not_in_init_avg,0.06855929642915726,0.030172940948877132
223,180solutions,Refroso,T1620,Reflective Code Loading,MEDIUM_CANDIDATE,4,ldrmodules.not_in_mem_avg; ldrmodules.not_in_load_avg; ldrmodules.not_in_init_avg; ldrmodules.not_in_load,0.8332354687154293,0.26412588818124055
224,180solutions,Transponder,T1620,Reflective Code Loading,MEDIUM_CANDIDATE,3,ldrmodules.not_in_load; ldrmodules.not_in_init_avg; ldrmodules.not_in_mem,0.7267027832567692,0.2980308439738805
225,180solutions,TIBS,T1014,Rootkit,MEDIUM_CANDIDATE,2,psxview.not_in_session_false_avg; psxview.not_in_pslist_false_avg,0.11601051315665245,0.06153762961066955
225,180solutions,TIBS,T1620,Reflective Code Loading,MEDIUM_CANDIDATE,4,ldrmodules.not_in_load; ldrmodules.not_in_load_avg; ldrmodules.not_in_mem_avg; ldrmodules.not_in_init_avg,1.2819729521870613,0.6800209270349233
226,180solutions,Gator,T1014,Rootkit,MEDIUM_CANDIDATE,1,psxview.not_in_pslist_false_avg,0.05587301403284073,0.034984201534331155
226,180solutions,Gator,T1620,Reflective Code Loading,MEDIUM_CANDIDATE,4,ldrmodules.not_in_load; ldrmodules.not_in_init_avg; ldrmodules.not_in_mem_avg; ldrmodules.not_in_load_avg,0.6372146233916283,0.3989841105091041
227,180solutions,180solutions,T1014,Rootkit,MEDIUM_CANDIDATE,1,psxview.not_in_deskthrd_false_avg,0.1503346711397171,0.06450589087800811
227,180solutions,180solutions,T1055,Process Injection,HIGH_CANDIDATE,1,malfind.uniqueInjections,0.09937584400177002,0.04264037896574466
227,180solutions,180solutions,T1620,Reflective Code Loading,MEDIUM_CANDIDATE,2,ldrmodules.not_in_load_avg; ldrmodules.not_in_load,0.17417921870946884,0.07473715537547322
228,180solutions,Gator,T1055,Process Injection,HIGH_CANDIDATE,2,malfind.uniqueInjections; malfind.ninjections,0.2814173027873039,0.10357750011583203
228,180solutions,Gator,T1620,Reflective Code Loading,MEDIUM_CANDIDATE,4,ldrmodules.not_in_init; ldrmodules.not_in_load; ldrmodules.not_in_init_avg; ldrmodules.not_in_mem,0.5717891678214073,0.21045078610896706
229,180solutions,Refroso,T1620,Reflective Code Loading,MEDIUM_CANDIDATE,3,ldrmodules.not_in_mem_avg; ldrmodules.not_in_load_avg; ldrmodules.not_in_init_avg,0.40345361828804016,0.14381924698576348
230,180solutions,CWS,T1620,Reflective Code Loading,MEDIUM_CANDIDATE,5,ldrmodules.not_in_init_avg; ldrmodules.not_in_load; ldrmodules.not_in_load_avg; ldrmodules.not_in_mem_avg; ldrmodules.not_in_mem,1.0654492005705833,0.40299165131207243
231,180solutions,180solutions,T1055,Process Injection,HIGH_CANDIDATE,1,malfind.uniqueInjections,0.05086515098810196,0.029981597737408567
231,180solutions,180solutions,T1620,Reflective Code Loading,MEDIUM_CANDIDATE,1,ldrmodules.not_in_mem_avg,0.036123208701610565,0.02129221070295221
232,180solutions,180solutions,T1055,Process Injection,HIGH_CANDIDATE,2,malfind.ninjections; malfind.uniqueInjections,0.9986883103847504,0.3990461451680644
233,180solutions,Scar,T1620,Reflective Code Loading,MEDIUM_CANDIDATE,5,ldrmodules.not_in_load_avg; ldrmodules.not_in_init_avg; ldrmodules.not_in_mem_avg; ldrmodules.not_in_load; ldrmodules.not_in_mem,1.1175419762730598,0.4836862776837992
234,180solutions,180solutions,T1620,Reflective Code Loading,MEDIUM_CANDIDATE,1,ldrmodules.not_in_load_avg,0.10923976451158524,0.019597794307692634
235,180solutions,180solutions,T1014,Rootkit,MEDIUM_CANDIDATE,1,psxview.not_in_deskthrd_false_avg,0.22190645337104797,0.08173640079215463
235,180solutions,180solutions,T1055,Process Injection,HIGH_CANDIDATE,2,malfind.uniqueInjections; malfind.ninjections,0.4883258640766144,0.17986857947119503
235,180solutions,180solutions,T1620,Reflective Code Loading,MEDIUM_CANDIDATE,3,ldrmodules.not_in_load_avg; ldrmodules.not_in_load; ldrmodules.not_in_init_avg,0.40294358134269714,0.14841910886738496
236,180solutions,180solutions,T1014,Rootkit,MEDIUM_CANDIDATE,1,psxview.not_in_deskthrd_false_avg,0.032458625733852386,0.016366513291288354
236,180solutions,180solutions,T1055,Process Injection,HIGH_CANDIDATE,1,malfind.uniqueInjections,0.05163784325122833,0.02603719131039094
236,180solutions,180solutions,T1620,Reflective Code Loading,MEDIUM_CANDIDATE,1,ldrmodules.not_in_mem_avg,0.04972311109304428,0.025071731787454532
237,180solutions,180solutions,T1620,Reflective Code Loading,MEDIUM_CANDIDATE,3,ldrmodules.not_in_load_avg; ldrmodules.not_in_load; ldrmodules.not_in_init_avg,0.35027550160884857,0.07251139176962536
238,180solutions,Transponder,T1014,Rootkit,MEDIUM_CANDIDATE,3,psxview.not_in_ethread_pool_false_avg; psxview.not_in_pslist_false_avg; psxview.not_in_session_false_avg,0.2883211597800255,0.13958205549463795
238,180solutions,Transponder,T1620,Reflective Code Loading,MEDIUM_CANDIDATE,2,ldrmodules.not_in_init_avg; ldrmodules.not_in_load_avg,0.30200470983982086,0.14620653649099366
239,180solutions,Conti,T1014,Rootkit,MEDIUM_CANDIDATE,2,psxview.not_in_csrss_handles_false_avg; psxview.not_in_deskthrd_false_avg,0.382735937833786,0.12434381762155021
239,180solutions,Conti,T1055,Process Injection,HIGH_CANDIDATE,1,malfind.uniqueInjections,0.6508641242980957,0.21145369945186324
239,180solutions,Conti,T1620,Reflective Code Loading,MEDIUM_CANDIDATE,4,ldrmodules.not_in_init_avg; ldrmodules.not_in_load_avg; ldrmodules.not_in_mem; ldrmodules.not_in_init,0.3502805009484291,0.11379964727856784
240,180solutions,Transponder,T1014,Rootkit,MEDIUM_CANDIDATE,4,psxview.not_in_ethread_pool_false_avg; psxview.not_in_session_false_avg; psxview.not_in_pslist_false_avg; psxview.not_in_pslist,0.41897907853126526,0.19890973772443316
240,180solutions,Transponder,T1620,Reflective Code Loading,MEDIUM_CANDIDATE,3,ldrmodules.not_in_mem_avg; ldrmodules.not_in_load_avg; ldrmodules.not_in_init_avg,0.2769361436367035,0.13147505095074105
241,180solutions,180solutions,T1014,Rootkit,MEDIUM_CANDIDATE,1,psxview.not_in_session_false_avg,0.06717972457408905,0.024944221852684342
241,180solutions,180solutions,T1055,Process Injection,HIGH_CANDIDATE,1,malfind.uniqueInjections,0.055446844547986984,0.020587735365169037
241,180solutions,180solutions,T1620,Reflective Code Loading,MEDIUM_CANDIDATE,3,ldrmodules.not_in_load; ldrmodules.not_in_load_avg; ldrmodules.not_in_init_avg,0.47308650612831116,0.17565976697867283
242,180solutions,180solutions,T1055,Process Injection,HIGH_CANDIDATE,1,malfind.uniqueInjections,0.05147979035973549,0.02916834734507269
243,180solutions,Transponder,T1014,Rootkit,MEDIUM_CANDIDATE,3,psxview.not_in_ethread_pool_false_avg; psxview.not_in_session_false_avg; psxview.not_in_pslist_false_avg,0.26696180552244186,0.13113074973833233
243,180solutions,Transponder,T1620,Reflective Code Loading,MEDIUM_CANDIDATE,2,ldrmodules.not_in_init_avg; ldrmodules.not_in_load_avg,0.23868147283792496,0.11723954451325222
244,180solutions,180solutions,T1014,Rootkit,MEDIUM_CANDIDATE,1,psxview.not_in_ethread_pool_false_avg,0.06638451665639877,0.02531755736449187
244,180solutions,180solutions,T1055,Process Injection,HIGH_CANDIDATE,1,malfind.ninjections,0.4475783407688141,0.1706962841376099
244,180solutions,180solutions,T1620,Reflective Code Loading,MEDIUM_CANDIDATE,1,ldrmodules.not_in_load,0.18161584436893463,0.06926418673665112
245,180solutions,Conti,T1014,Rootkit,MEDIUM_CANDIDATE,2,psxview.not_in_csrss_handles_false_avg; psxview.not_in_deskthrd_false_avg,0.30973776429891586,0.1838372798653181
245,180solutions,Conti,T1055,Process Injection,HIGH_CANDIDATE,2,malfind.uniqueInjections; malfind.ninjections,0.5642427206039429,0.3348924764612521
245,180solutions,Conti,T1620,Reflective Code Loading,MEDIUM_CANDIDATE,1,ldrmodules.not_in_mem_avg,0.05790550261735916,0.0343683958412514
246,180solutions,Emotet,T1620,Reflective Code Loading,MEDIUM_CANDIDATE,4,ldrmodules.not_in_load; ldrmodules.not_in_mem; ldrmodules.not_in_load_avg; ldrmodules.not_in_init,0.4320433810353279,0.24977483261761046
247,180solutions,Gator,T1014,Rootkit,MEDIUM_CANDIDATE,1,psxview.not_in_deskthrd_false_avg,0.13989372551441193,0.044114707645392895
247,180solutions,Gator,T1620,Reflective Code Loading,MEDIUM_CANDIDATE,4,ldrmodules.not_in_load_avg; ldrmodules.not_in_load; ldrmodules.not_in_init_avg; ldrmodules.not_in_init,1.4265411719679832,0.4498518179716395
248,180solutions,Transponder,T1014,Rootkit,MEDIUM_CANDIDATE,1,psxview.not_in_csrss_handles_false_avg,0.043937571346759796,0.020313639551557502
249,180solutions,Emotet,T1620,Reflective Code Loading,MEDIUM_CANDIDATE,4,ldrmodules.not_in_load; ldrmodules.not_in_mem; ldrmodules.not_in_mem_avg; ldrmodules.not_in_init,1.1905019208788872,0.36226380974645256
250,Ako,CWS,T1620,Reflective Code Loading,MEDIUM_CANDIDATE,1,ldrmodules.not_in_load_avg,0.10375261306762695,0.04754209436926017
251,Ako,Transponder,T1014,Rootkit,MEDIUM_CANDIDATE,1,psxview.not_in_deskthrd_false_avg,0.22249512374401093,0.06932969573867623
251,Ako,Transponder,T1055,Process Injection,HIGH_CANDIDATE,1,malfind.uniqueInjections,0.4969199299812317,0.15484073076460148
251,Ako,Transponder,T1620,Reflective Code Loading,MEDIUM_CANDIDATE,1,ldrmodules.not_in_load,0.4009416699409485,0.12493381211331353
252,Ako,Ako,T1055,Process Injection,HIGH_CANDIDATE,2,malfind.uniqueInjections; malfind.ninjections,1.2164300084114075,0.4499895075514567
252,Ako,Ako,T1620,Reflective Code Loading,MEDIUM_CANDIDATE,4,ldrmodules.not_in_load; ldrmodules.not_in_mem; ldrmodules.not_in_init_avg; ldrmodules.not_in_init,0.22349660098552704,0.08267728083117766
253,Ako,Ako,T1014,Rootkit,MEDIUM_CANDIDATE,1,psxview.not_in_deskthrd_false_avg,0.09264427423477173,0.061025276833794995
253,Ako,Ako,T1620,Reflective Code Loading,MEDIUM_CANDIDATE,2,ldrmodules.not_in_load_avg; ldrmodules.not_in_mem,0.2543012648820877,0.16750959750936267
254,Ako,Conti,T1014,Rootkit,MEDIUM_CANDIDATE,1,psxview.not_in_deskthrd_false_avg,0.06907495856285095,0.044896185436776474
254,Ako,Conti,T1055,Process Injection,HIGH_CANDIDATE,1,malfind.uniqueInjections,0.34681445360183716,0.22541665380652728
255,Ako,Scar,T1055,Process Injection,HIGH_CANDIDATE,1,malfind.uniqueInjections,0.034895945340394974,0.013824405085090443
255,Ako,Scar,T1620,Reflective Code Loading,MEDIUM_CANDIDATE,5,ldrmodules.not_in_load_avg; ldrmodules.not_in_init_avg; ldrmodules.not_in_mem; ldrmodules.not_in_mem_avg; ldrmodules.not_in_load,0.992692232131958,0.3932657335386431
256,Ako,Emotet,T1620,Reflective Code Loading,MEDIUM_CANDIDATE,1,ldrmodules.not_in_init_avg,0.05650870501995087,0.03164786276708041
257,Ako,Ako,T1055,Process Injection,HIGH_CANDIDATE,2,malfind.uniqueInjections; malfind.ninjections,1.0106433779001236,0.42801529490243795
257,Ako,Ako,T1620,Reflective Code Loading,MEDIUM_CANDIDATE,2,ldrmodules.not_in_mem_avg; ldrmodules.not_in_load_avg,0.109740499407053,0.0464759511055664
258,Ako,Zeus,T1620,Reflective Code Loading,MEDIUM_CANDIDATE,1,ldrmodules.not_in_load,0.07939502596855164,0.02809714638816768
260,Ako,Scar,T1620,Reflective Code Loading,MEDIUM_CANDIDATE,4,ldrmodules.not_in_mem; ldrmodules.not_in_load; ldrmodules.not_in_init_avg; ldrmodules.not_in_load_avg,0.5612397566437721,0.22732003591398448
261,Ako,Ako,T1014,Rootkit,MEDIUM_CANDIDATE,1,psxview.not_in_deskthrd_false_avg,0.0515008419752121,0.019603693692047126
261,Ako,Ako,T1055,Process Injection,HIGH_CANDIDATE,2,malfind.uniqueInjections; malfind.ninjections,1.1502873748540878,0.4378546153735123
261,Ako,Ako,T1620,Reflective Code Loading,MEDIUM_CANDIDATE,2,ldrmodules.not_in_mem; ldrmodules.not_in_load,0.12465934827923775,0.0474513344984266
262,Ako,TIBS,T1014,Rootkit,MEDIUM_CANDIDATE,2,psxview.not_in_session_false_avg; psxview.not_in_pslist_false_avg,0.21103698760271072,0.062325440940743826
262,Ako,TIBS,T1620,Reflective Code Loading,MEDIUM_CANDIDATE,1,ldrmodules.not_in_load,0.5372847318649292,0.15867601317002925
263,Ako,Ako,T1014,Rootkit,MEDIUM_CANDIDATE,1,psxview.not_in_deskthrd_false_avg,0.042639266699552536,0.04853197898735255
263,Ako,Ako,T1620,Reflective Code Loading,MEDIUM_CANDIDATE,4,ldrmodules.not_in_mem; ldrmodules.not_in_load; ldrmodules.not_in_load_avg; ldrmodules.not_in_mem_avg,0.2511752527207136,0.28588747018279664
264,Ako,Ako,T1014,Rootkit,MEDIUM_CANDIDATE,3,psxview.not_in_deskthrd_false_avg; psxview.not_in_session_false_avg; psxview.not_in_csrss_handles_false_avg,0.21230250597000122,0.07421496403050121
264,Ako,Ako,T1055,Process Injection,HIGH_CANDIDATE,2,malfind.uniqueInjections; malfind.ninjections,1.1438963264226913,0.3998738702221359
264,Ako,Ako,T1620,Reflective Code Loading,MEDIUM_CANDIDATE,2,ldrmodules.not_in_init_avg; ldrmodules.not_in_load,0.14053184911608696,0.04912596805976438
265,Ako,Ako,T1055,Process Injection,HIGH_CANDIDATE,2,malfind.uniqueInjections; malfind.ninjections,1.1839027553796768,0.46668850008793983
265,Ako,Ako,T1620,Reflective Code Loading,MEDIUM_CANDIDATE,3,ldrmodules.not_in_load; ldrmodules.not_in_mem; ldrmodules.not_in_load_avg,0.188833337277174,0.07443714996019443
266,Ako,Maze,T1620,Reflective Code Loading,MEDIUM_CANDIDATE,2,ldrmodules.not_in_mem; ldrmodules.not_in_load,0.6600236147642136,0.3975689614381664
267,Ako,Conti,T1014,Rootkit,MEDIUM_CANDIDATE,1,psxview.not_in_deskthrd_false_avg,0.10000830143690109,0.08605239522700919
267,Ako,Conti,T1055,Process Injection,HIGH_CANDIDATE,1,malfind.uniqueInjections,0.4760574996471405,0.40962487635353356
267,Ako,Conti,T1620,Reflective Code Loading,MEDIUM_CANDIDATE,4,ldrmodules.not_in_mem_avg; ldrmodules.not_in_load_avg; ldrmodules.not_in_init; ldrmodules.not_in_mem,0.38585450127720833,0.33200947888287347
268,Ako,Conti,T1014,Rootkit,MEDIUM_CANDIDATE,1,psxview.not_in_deskthrd_false_avg,0.09986209124326706,0.059407954592523085
268,Ako,Conti,T1055,Process Injection,HIGH_CANDIDATE,1,malfind.uniqueInjections,0.5271387100219727,0.31359480017957225
268,Ako,Conti,T1620,Reflective Code Loading,MEDIUM_CANDIDATE,4,ldrmodules.not_in_mem_avg; ldrmodules.not_in_load_avg; ldrmodules.not_in_mem; ldrmodules.not_in_init,0.4269433952867985,0.2539886109433528
269,Ako,Maze,T1055,Process Injection,HIGH_CANDIDATE,2,malfind.uniqueInjections; malfind.ninjections,0.47717177867889404,0.17671891276271923
269,Ako,Maze,T1620,Reflective Code Loading,MEDIUM_CANDIDATE,1,ldrmodules.not_in_init_avg,0.12262918055057526,0.045415291574617565
270,Ako,Ako,T1014,Rootkit,MEDIUM_CANDIDATE,1,psxview.not_in_deskthrd_false_avg,0.07421693950891495,0.027095219055281037
270,Ako,Ako,T1055,Process Injection,HIGH_CANDIDATE,2,malfind.uniqueInjections; malfind.ninjections,1.2235700339078903,0.44670257649508177
270,Ako,Ako,T1620,Reflective Code Loading,MEDIUM_CANDIDATE,3,ldrmodules.not_in_load_avg; ldrmodules.not_in_load; ldrmodules.not_in_mem,0.19216322153806686,0.07015520467961349
271,Ako,Conti,T1055,Process Injection,HIGH_CANDIDATE,1,malfind.uniqueInjections,0.4202898144721985,0.3458033049448186
271,Ako,Conti,T1620,Reflective Code Loading,MEDIUM_CANDIDATE,3,ldrmodules.not_in_mem_avg; ldrmodules.not_in_mem; ldrmodules.not_in_load_avg,0.26984310150146484,0.2220197423364852
272,Ako,Ako,T1014,Rootkit,MEDIUM_CANDIDATE,2,psxview.not_in_deskthrd_false_avg; psxview.not_in_session_false_avg,0.11597125604748726,0.10421700938270873
272,Ako,Ako,T1620,Reflective Code Loading,MEDIUM_CANDIDATE,4,ldrmodules.not_in_mem; ldrmodules.not_in_load; ldrmodules.not_in_init; ldrmodules.not_in_load_avg,0.24037280306220055,0.21600985904493122
273,Ako,Reconyc,T1055,Process Injection,HIGH_CANDIDATE,2,malfind.uniqueInjections; malfind.ninjections,0.1861124262213707,0.0792883490832472
273,Ako,Reconyc,T1620,Reflective Code Loading,MEDIUM_CANDIDATE,3,ldrmodules.not_in_load_avg; ldrmodules.not_in_init_avg; ldrmodules.not_in_mem_avg,0.49832335114479065,0.21229767739906438
274,Ako,Ako,T1055,Process Injection,HIGH_CANDIDATE,2,malfind.uniqueInjections; malfind.ninjections,0.92152239382267,0.35544525632627283
274,Ako,Ako,T1620,Reflective Code Loading,MEDIUM_CANDIDATE,4,ldrmodules.not_in_init_avg; ldrmodules.not_in_mem_avg; ldrmodules.not_in_load_avg; ldrmodules.not_in_load,0.5036871656775475,0.1942798296738531
275,Ako,TIBS,T1014,Rootkit,MEDIUM_CANDIDATE,1,psxview.not_in_session_false_avg,0.18055827915668488,0.10536407070494412
275,Ako,TIBS,T1620,Reflective Code Loading,MEDIUM_CANDIDATE,2,ldrmodules.not_in_load_avg; ldrmodules.not_in_mem_avg,0.5145242512226105,0.30024859473867244
276,Ako,Ako,T1014,Rootkit,MEDIUM_CANDIDATE,1,psxview.not_in_deskthrd_false_avg,0.27683523297309875,0.12420812473163066
276,Ako,Ako,T1620,Reflective Code Loading,MEDIUM_CANDIDATE,4,ldrmodules.not_in_init_avg; ldrmodules.not_in_init; ldrmodules.not_in_mem; ldrmodules.not_in_load_avg,0.6077488586306572,0.27267969191493147
277,Ako,Zeus,T1014,Rootkit,MEDIUM_CANDIDATE,1,psxview.not_in_ethread_pool_false_avg,0.04903583973646164,0.025670193797261813
277,Ako,Zeus,T1620,Reflective Code Loading,MEDIUM_CANDIDATE,1,ldrmodules.not_in_load,0.08098794519901276,0.042397076499024654
278,Ako,Maze,T1620,Reflective Code Loading,MEDIUM_CANDIDATE,3,ldrmodules.not_in_mem; ldrmodules.not_in_mem_avg; ldrmodules.not_in_load_avg,0.8785068243741989,0.34609229376738304
279,Ako,Ako,T1014,Rootkit,MEDIUM_CANDIDATE,2,psxview.not_in_session_false_avg; psxview.not_in_deskthrd_false_avg,0.17715592682361603,0.06832605889052054
279,Ako,Ako,T1055,Process Injection,HIGH_CANDIDATE,2,malfind.uniqueInjections; malfind.ninjections,0.9341212958097458,0.36027485962652983
279,Ako,Ako,T1620,Reflective Code Loading,MEDIUM_CANDIDATE,2,ldrmodules.not_in_init_avg; ldrmodules.not_in_mem_avg,0.1818307340145111,0.07012905333250129
280,Ako,Shade,T1055,Process Injection,HIGH_CANDIDATE,1,malfind.uniqueInjections,0.07612565904855728,0.03280824732668105
280,Ako,Shade,T1620,Reflective Code Loading,MEDIUM_CANDIDATE,2,ldrmodules.not_in_init_avg; ldrmodules.not_in_load_avg,0.34528660774230957,0.1488098568470139
281,Ako,Ako,T1014,Rootkit,MEDIUM_CANDIDATE,2,psxview.not_in_deskthrd_false_avg; psxview.not_in_deskthrd,0.11257841810584068,0.055702995242037666
281,Ako,Ako,T1620,Reflective Code Loading,MEDIUM_CANDIDATE,4,ldrmodules.not_in_mem; ldrmodules.not_in_init_avg; ldrmodules.not_in_load; ldrmodules.not_in_init,0.2709129936993122,0.13404580960492327
282,Ako,CWS,T1014,Rootkit,MEDIUM_CANDIDATE,1,psxview.not_in_csrss_handles_false_avg,0.10349983721971512,0.03853946754610608
282,Ako,CWS,T1055,Process Injection,HIGH_CANDIDATE,1,malfind.ninjections,0.2688506543636322,0.10010992622723572
282,Ako,CWS,T1620,Reflective Code Loading,MEDIUM_CANDIDATE,1,ldrmodules.not_in_load_avg,0.1703474074602127,0.06343100199703142
284,Ako,Conti,T1014,Rootkit,MEDIUM_CANDIDATE,1,psxview.not_in_deskthrd_false_avg,0.12634314596652985,0.08441838485105105
284,Ako,Conti,T1055,Process Injection,HIGH_CANDIDATE,1,malfind.uniqueInjections,0.5201433897018433,0.347542911913977
284,Ako,Conti,T1620,Reflective Code Loading,MEDIUM_CANDIDATE,1,ldrmodules.not_in_mem_avg,0.10528722405433655,0.07034950200205106
285,Ako,Ako,T1055,Process Injection,HIGH_CANDIDATE,2,malfind.uniqueInjections; malfind.ninjections,1.3642362207174301,0.43176582897880283
285,Ako,Ako,T1620,Reflective Code Loading,MEDIUM_CANDIDATE,4,ldrmodules.not_in_load; ldrmodules.not_in_mem; ldrmodules.not_in_init; ldrmodules.not_in_load_avg,0.26862379536032677,0.08501649049179356
286,Ako,Maze,T1620,Reflective Code Loading,MEDIUM_CANDIDATE,1,ldrmodules.not_in_mem,0.3620453476905823,0.17129117081294484
287,Ako,Scar,T1620,Reflective Code Loading,MEDIUM_CANDIDATE,4,ldrmodules.not_in_load_avg; ldrmodules.not_in_mem_avg; ldrmodules.not_in_init_avg; ldrmodules.not_in_mem,0.7519826740026474,0.3370064520353446
288,Ako,Ako,T1014,Rootkit,MEDIUM_CANDIDATE,1,psxview.not_in_deskthrd_false_avg,0.09273982048034668,0.029674541745257212
288,Ako,Ako,T1055,Process Injection,HIGH_CANDIDATE,2,malfind.uniqueInjections; malfind.ninjections,1.3677544593811035,0.43764896882421206
288,Ako,Ako,T1620,Reflective Code Loading,MEDIUM_CANDIDATE,4,ldrmodules.not_in_load_avg; ldrmodules.not_in_load; ldrmodules.not_in_mem_avg; ldrmodules.not_in_mem,0.34477438777685165,0.11031962224843674
289,Ako,Pysa,T1620,Reflective Code Loading,MEDIUM_CANDIDATE,4,ldrmodules.not_in_mem_avg; ldrmodules.not_in_load_avg; ldrmodules.not_in_init_avg; ldrmodules.not_in_mem,0.7136744856834412,0.42542137550129744
290,Ako,CWS,T1014,Rootkit,MEDIUM_CANDIDATE,2,psxview.not_in_csrss_handles_false_avg; psxview.not_in_deskthrd,0.15392272174358368,0.07546540964711201
290,Ako,CWS,T1620,Reflective Code Loading,MEDIUM_CANDIDATE,1,ldrmodules.not_in_mem_avg,0.08321782201528549,0.0408001298131006
291,Ako,Ako,T1014,Rootkit,MEDIUM_CANDIDATE,1,psxview.not_in_deskthrd_false_avg,0.0881827250123024,0.02879832202242402
291,Ako,Ako,T1055,Process Injection,HIGH_CANDIDATE,2,malfind.uniqueInjections; malfind.ninjections,1.2157715559005737,0.3970412659355179
291,Ako,Ako,T1620,Reflective Code Loading,MEDIUM_CANDIDATE,2,ldrmodules.not_in_init_avg; ldrmodules.not_in_mem_avg,0.3942105621099472,0.1287395315885196
292,Ako,Zeus,T1014,Rootkit,MEDIUM_CANDIDATE,2,psxview.not_in_ethread_pool_false_avg; psxview.not_in_session_false_avg,0.13752711936831474,0.05996612909846577
292,Ako,Zeus,T1620,Reflective Code Loading,MEDIUM_CANDIDATE,3,ldrmodules.not_in_mem_avg; ldrmodules.not_in_init_avg; ldrmodules.not_in_load,0.22909919917583466,0.09989442240363251
293,Ako,CWS,T1055,Process Injection,HIGH_CANDIDATE,1,malfind.ninjections,0.3143286108970642,0.12713359248863193
293,Ako,CWS,T1620,Reflective Code Loading,MEDIUM_CANDIDATE,1,ldrmodules.not_in_init_avg,0.09596636146306992,0.03881462860171547
294,Ako,Reconyc,T1055,Process Injection,HIGH_CANDIDATE,1,malfind.uniqueInjections,0.28610759973526,0.08875812840073988
294,Ako,Reconyc,T1620,Reflective Code Loading,MEDIUM_CANDIDATE,3,ldrmodules.not_in_load; ldrmodules.not_in_load_avg; ldrmodules.not_in_init,0.5819817930459976,0.18054611188890912
295,Ako,Reconyc,T1055,Process Injection,HIGH_CANDIDATE,2,malfind.uniqueInjections; malfind.ninjections,0.28696003556251526,0.13186888954842713
295,Ako,Reconyc,T1620,Reflective Code Loading,MEDIUM_CANDIDATE,4,ldrmodules.not_in_load_avg; ldrmodules.not_in_mem_avg; ldrmodules.not_in_init_avg; ldrmodules.not_in_load,0.919840469956398,0.42270116497956833
296,Ako,Emotet,T1620,Reflective Code Loading,MEDIUM_CANDIDATE,2,ldrmodules.not_in_load_avg; ldrmodules.not_in_mem_avg,0.20089907571673393,0.10224034665431506
297,Ako,180solutions,T1055,Process Injection,HIGH_CANDIDATE,1,malfind.uniqueInjections,0.05138576030731201,0.02924938946403393
297,Ako,180solutions,T1620,Reflective Code Loading,MEDIUM_CANDIDATE,1,ldrmodules.not_in_init_avg,0.04864897206425667,0.027691576857526205
298,Ako,Conti,T1055,Process Injection,HIGH_CANDIDATE,1,malfind.uniqueInjections,0.4350086450576782,0.4107271594685846
298,Ako,Conti,T1620,Reflective Code Loading,MEDIUM_CANDIDATE,4,ldrmodules.not_in_init_avg; ldrmodules.not_in_load_avg; ldrmodules.not_in_mem_avg; ldrmodules.not_in_mem,0.3358130417764187,0.3170684958296533
299,Ako,Shade,T1620,Reflective Code Loading,MEDIUM_CANDIDATE,1,ldrmodules.not_in_init,0.08132951706647873,0.0417025360350192
300,Ako,Emotet,T1014,Rootkit,MEDIUM_CANDIDATE,1,psxview.not_in_deskthrd_false_avg,0.18265360593795776,0.11352508379318244
300,Ako,Emotet,T1620,Reflective Code Loading,MEDIUM_CANDIDATE,1,ldrmodules.not_in_load,0.07431471347808838,0.04618898176875848
301,Ako,CWS,T1014,Rootkit,MEDIUM_CANDIDATE,2,psxview.not_in_deskthrd; psxview.not_in_deskthrd_false_avg,0.1796940416097641,0.13382061434260634
302,Ako,Pysa,T1620,Reflective Code Loading,MEDIUM_CANDIDATE,5,ldrmodules.not_in_load_avg; ldrmodules.not_in_mem; ldrmodules.not_in_init_avg; ldrmodules.not_in_mem_avg; ldrmodules.not_in_load,0.5417292043566704,0.3499143721249806
303,Ako,Ako,T1014,Rootkit,MEDIUM_CANDIDATE,1,psxview.not_in_deskthrd_false_avg,0.147828608751297,0.06086434634591738
303,Ako,Ako,T1055,Process Injection,HIGH_CANDIDATE,2,malfind.uniqueInjections; malfind.ninjections,1.1327337175607681,0.46637181994525306
303,Ako,Ako,T1620,Reflective Code Loading,MEDIUM_CANDIDATE,2,ldrmodules.not_in_init_avg; ldrmodules.not_in_mem_avg,0.2602076232433319,0.10713330144082264
304,Ako,Pysa,T1014,Rootkit,MEDIUM_CANDIDATE,2,psxview.not_in_csrss_handles_false_avg; psxview.not_in_ethread_pool_false_avg,0.33728694915771484,0.14093996673571943
304,Ako,Pysa,T1620,Reflective Code Loading,MEDIUM_CANDIDATE,2,ldrmodules.not_in_mem; ldrmodules.not_in_init,0.28216271102428436,0.11790554957769088
305,Ako,Scar,T1620,Reflective Code Loading,MEDIUM_CANDIDATE,3,ldrmodules.not_in_load_avg; ldrmodules.not_in_mem_avg; ldrmodules.not_in_init_avg,0.9426563456654549,0.4260774198137064
306,Ako,Reconyc,T1055,Process Injection,HIGH_CANDIDATE,2,malfind.uniqueInjections; malfind.ninjections,0.2671195790171623,0.15057877244230758
306,Ako,Reconyc,T1620,Reflective Code Loading,MEDIUM_CANDIDATE,3,ldrmodules.not_in_mem_avg; ldrmodules.not_in_load_avg; ldrmodules.not_in_load,0.37667233496904373,0.2123350823676318
307,Ako,Emotet,T1014,Rootkit,MEDIUM_CANDIDATE,1,psxview.not_in_deskthrd_false_avg,0.3776964247226715,0.14714553043778936
307,Ako,Emotet,T1620,Reflective Code Loading,MEDIUM_CANDIDATE,1,ldrmodules.not_in_load,0.04377184063196182,0.01705293004231551
308,Ako,Ako,T1620,Reflective Code Loading,MEDIUM_CANDIDATE,3,ldrmodules.not_in_mem; ldrmodules.not_in_load; ldrmodules.not_in_init_avg,0.18853559345006943,0.1197146533872543
309,Ako,Zeus,T1620,Reflective Code Loading,MEDIUM_CANDIDATE,3,ldrmodules.not_in_init_avg; ldrmodules.not_in_load; ldrmodules.not_in_mem_avg,0.33303531631827354,0.12009304332414411
310,Ako,Ako,T1014,Rootkit,MEDIUM_CANDIDATE,1,psxview.not_in_deskthrd_false_avg,0.06867694854736328,0.027152705558720663
310,Ako,Ako,T1055,Process Injection,HIGH_CANDIDATE,2,malfind.uniqueInjections; malfind.ninjections,1.1500837951898575,0.45470696236758085
310,Ako,Ako,T1620,Reflective Code Loading,MEDIUM_CANDIDATE,4,ldrmodules.not_in_load; ldrmodules.not_in_load_avg; ldrmodules.not_in_mem; ldrmodules.not_in_mem_avg,0.23419088497757912,0.09259171059335837
311,Ako,Shade,T1014,Rootkit,MEDIUM_CANDIDATE,3,psxview.not_in_session_false_avg; psxview.not_in_csrss_handles_false_avg; psxview.not_in_pspcid_list_false_avg,0.27364518120884895,0.15033174441271463
311,Ako,Shade,T1620,Reflective Code Loading,MEDIUM_CANDIDATE,3,ldrmodules.not_in_init_avg; ldrmodules.not_in_init; ldrmodules.not_in_load_avg,0.26928625255823135,0.14793709107029826
312,Ako,Ako,T1014,Rootkit,MEDIUM_CANDIDATE,2,psxview.not_in_deskthrd_false_avg; psxview.not_in_session_false_avg,0.11057621985673904,0.06493739503542784
312,Ako,Ako,T1620,Reflective Code Loading,MEDIUM_CANDIDATE,2,ldrmodules.not_in_init_avg; ldrmodules.not_in_load_avg,0.2350126951932907,0.13801441436395084
313,Ako,Pysa,T1014,Rootkit,MEDIUM_CANDIDATE,1,psxview.not_in_pspcid_list_false_avg,0.07990942895412445,0.03975613614669818
313,Ako,Pysa,T1055,Process Injection,HIGH_CANDIDATE,2,malfind.uniqueInjections; malfind.ninjections,0.5759720653295517,0.286554717580105
313,Ako,Pysa,T1620,Reflective Code Loading,MEDIUM_CANDIDATE,2,ldrmodules.not_in_init_avg; ldrmodules.not_in_load_avg,0.1811426803469658,0.0901211929068616
314,Ako,Conti,T1014,Rootkit,MEDIUM_CANDIDATE,2,psxview.not_in_deskthrd_false_avg; psxview.not_in_csrss_handles_false_avg,0.13675931096076965,0.08750929944502976
314,Ako,Conti,T1055,Process Injection,HIGH_CANDIDATE,1,malfind.uniqueInjections,0.5241276025772095,0.33537781814717954
314,Ako,Conti,T1620,Reflective Code Loading,MEDIUM_CANDIDATE,4,ldrmodules.not_in_load_avg; ldrmodules.not_in_init_avg; ldrmodules.not_in_mem_avg; ldrmodules.not_in_mem,0.6339154876768589,0.4056286906115612
315,Ako,Ako,T1014,Rootkit,MEDIUM_CANDIDATE,2,psxview.not_in_deskthrd_false_avg; psxview.not_in_csrss_handles_false_avg,0.09187870845198631,0.06818975505477666
315,Ako,Ako,T1620,Reflective Code Loading,MEDIUM_CANDIDATE,1,ldrmodules.not_in_load,0.033981725573539734,0.025220266830472834
316,Ako,Pysa,T1014,Rootkit,MEDIUM_CANDIDATE,1,psxview.not_in_session_false_avg,0.06708038598299026,0.04308599414337363
316,Ako,Pysa,T1620,Reflective Code Loading,MEDIUM_CANDIDATE,4,ldrmodules.not_in_mem; ldrmodules.not_in_init; ldrmodules.not_in_load; ldrmodules.not_in_load_avg,0.40590161085128784,0.2607121913752726
317,Ako,Conti,T1055,Process Injection,HIGH_CANDIDATE,1,malfind.uniqueInjections,0.36029377579689026,0.2990114814999684
318,Ako,Ako,T1014,Rootkit,MEDIUM_CANDIDATE,1,psxview.not_in_csrss_handles_false_avg,0.13897676765918732,0.05224334940932701
318,Ako,Ako,T1620,Reflective Code Loading,MEDIUM_CANDIDATE,3,ldrmodules.not_in_mem; ldrmodules.not_in_init_avg; ldrmodules.not_in_load,0.36249734461307526,0.1362679227150825
319,Ako,Maze,T1014,Rootkit,MEDIUM_CANDIDATE,1,psxview.not_in_csrss_handles_false_avg,0.20355373620986938,0.11186137900595094
319,Ako,Maze,T1620,Reflective Code Loading,MEDIUM_CANDIDATE,2,ldrmodules.not_in_mem; ldrmodules.not_in_load,0.5617401897907257,0.3086999700573833
320,Ako,Conti,T1055,Process Injection,HIGH_CANDIDATE,1,malfind.uniqueInjections,0.4705313742160797,0.27985064434953383
320,Ako,Conti,T1620,Reflective Code Loading,MEDIUM_CANDIDATE,5,ldrmodules.not_in_init_avg; ldrmodules.not_in_load_avg; ldrmodules.not_in_init; ldrmodules.not_in_mem; ldrmodules.not_in_mem_avg,0.507069543004036,0.3015818840478369
321,Ako,Ako,T1014,Rootkit,MEDIUM_CANDIDATE,2,psxview.not_in_pslist_false_avg; psxview.not_in_csrss_handles_false_avg,0.2584771290421486,0.14027220022893439
321,Ako,Ako,T1620,Reflective Code Loading,MEDIUM_CANDIDATE,2,ldrmodules.not_in_mem; ldrmodules.not_in_init_avg,0.21429485827684402,0.11629505240805621
322,Ako,Shade,T1620,Reflective Code Loading,MEDIUM_CANDIDATE,5,ldrmodules.not_in_init; ldrmodules.not_in_load_avg; ldrmodules.not_in_init_avg; ldrmodules.not_in_mem; ldrmodules.not_in_load,0.2959499917924404,0.23385364624649432
323,Ako,CWS,T1014,Rootkit,MEDIUM_CANDIDATE,2,psxview.not_in_csrss_handles_false_avg; psxview.not_in_pslist_false_avg,0.2860320508480072,0.11249328134437636
323,Ako,CWS,T1055,Process Injection,HIGH_CANDIDATE,1,malfind.ninjections,0.24537824094295502,0.09650458195977489
323,Ako,CWS,T1620,Reflective Code Loading,MEDIUM_CANDIDATE,1,ldrmodules.not_in_init_avg,0.09653709828853607,0.03796698630711392
324,Ako,Pysa,T1055,Process Injection,HIGH_CANDIDATE,2,malfind.uniqueInjections; malfind.ninjections,0.37809687852859497,0.16367192465474348
324,Ako,Pysa,T1620,Reflective Code Loading,MEDIUM_CANDIDATE,4,ldrmodules.not_in_mem; ldrmodules.not_in_init; ldrmodules.not_in_init_avg; ldrmodules.not_in_load,0.49858491867780685,0.21582921700226038
325,Ako,Pysa,T1620,Reflective Code Loading,MEDIUM_CANDIDATE,5,ldrmodules.not_in_init_avg; ldrmodules.not_in_load_avg; ldrmodules.not_in_mem; ldrmodules.not_in_mem_avg; ldrmodules.not_in_load,0.47595643997192383,0.32915969975366455
326,Ako,Ako,T1014,Rootkit,MEDIUM_CANDIDATE,2,psxview.not_in_csrss_handles_false_avg; psxview.not_in_deskthrd_false_avg,0.12229904532432556,0.04192508972075707
326,Ako,Ako,T1055,Process Injection,HIGH_CANDIDATE,2,malfind.uniqueInjections; malfind.ninjections,1.1680256873369217,0.40040853636990104
326,Ako,Ako,T1620,Reflective Code Loading,MEDIUM_CANDIDATE,1,ldrmodules.not_in_init,0.07694964855909348,0.02637895423684911
327,Ako,Conti,T1014,Rootkit,MEDIUM_CANDIDATE,1,psxview.not_in_deskthrd_false_avg,0.10180970281362534,0.08011811286540862
327,Ako,Conti,T1055,Process Injection,HIGH_CANDIDATE,1,malfind.uniqueInjections,0.4986795485019684,0.39243081205816777
327,Ako,Conti,T1620,Reflective Code Loading,MEDIUM_CANDIDATE,4,ldrmodules.not_in_load_avg; ldrmodules.not_in_mem_avg; ldrmodules.not_in_mem; ldrmodules.not_in_init_avg,0.35176850855350494,0.2768206594451859
328,Ako,Conti,T1014,Rootkit,MEDIUM_CANDIDATE,1,psxview.not_in_ethread_pool_false_avg,0.07102640718221664,0.031813318079942816
328,Ako,Conti,T1055,Process Injection,HIGH_CANDIDATE,1,malfind.uniqueInjections,0.4645653963088989,0.20808270202649504
328,Ako,Conti,T1620,Reflective Code Loading,MEDIUM_CANDIDATE,4,ldrmodules.not_in_init_avg; ldrmodules.not_in_mem; ldrmodules.not_in_mem_avg; ldrmodules.not_in_init,0.6041325405240059,0.27059598586800326
329,Ako,Ako,T1620,Reflective Code Loading,MEDIUM_CANDIDATE,3,ldrmodules.not_in_init_avg; ldrmodules.not_in_mem_avg; ldrmodules.not_in_mem,0.2990424409508705,0.06266930190824001
330,Ako,CWS,T1014,Rootkit,MEDIUM_CANDIDATE,6,psxview.not_in_deskthrd_false_avg; psxview.not_in_ethread_pool_false_avg; psxview.not_in_pslist_false_avg; psxview.not_in_session_false_avg; psxview.not_in_deskthrd; psxview.not_in_pslist,0.5783332884311676,0.260880147896718
330,Ako,CWS,T1620,Reflective Code Loading,MEDIUM_CANDIDATE,1,ldrmodules.not_in_load,0.24222195148468018,0.10926380997118741
331,Ako,Transponder,T1620,Reflective Code Loading,MEDIUM_CANDIDATE,3,ldrmodules.not_in_init_avg; ldrmodules.not_in_mem_avg; ldrmodules.not_in_load_avg,0.3333049416542053,0.1546660473861284
332,Ako,CWS,T1055,Process Injection,HIGH_CANDIDATE,1,malfind.ninjections,0.3020975589752197,0.106802188871746
332,Ako,CWS,T1620,Reflective Code Loading,MEDIUM_CANDIDATE,1,ldrmodules.not_in_load_avg,0.14786306023597717,0.052274829826654025
333,Ako,Pysa,T1620,Reflective Code Loading,MEDIUM_CANDIDATE,2,ldrmodules.not_in_mem; ldrmodules.not_in_load,0.3368067443370819,0.18452795626272842
334,Ako,Refroso,T1014,Rootkit,MEDIUM_CANDIDATE,1,psxview.not_in_deskthrd_false_avg,0.08127788454294205,0.021597528575013455
334,Ako,Refroso,T1620,Reflective Code Loading,MEDIUM_CANDIDATE,4,ldrmodules.not_in_init_avg; ldrmodules.not_in_load_avg; ldrmodules.not_in_mem_avg; ldrmodules.not_in_load,0.5513504594564438,0.14650734784646144
335,Ako,Shade,T1014,Rootkit,MEDIUM_CANDIDATE,1,psxview.not_in_session_false_avg,0.040316689759492874,0.020907512303622863
335,Ako,Shade,T1055,Process Injection,HIGH_CANDIDATE,1,malfind.uniqueInjections,0.04081450775265694,0.021165671787428
335,Ako,Shade,T1620,Reflective Code Loading,MEDIUM_CANDIDATE,1,ldrmodules.not_in_init,0.08121698349714279,0.04211767116445442
336,Ako,Pysa,T1014,Rootkit,MEDIUM_CANDIDATE,1,psxview.not_in_pspcid_list_false_avg,0.06564191728830338,0.02908430530349354
336,Ako,Pysa,T1620,Reflective Code Loading,MEDIUM_CANDIDATE,3,ldrmodules.not_in_mem; ldrmodules.not_in_init; ldrmodules.not_in_load,0.49020591378211975,0.21719808084517492
337,Ako,Ako,T1055,Process Injection,HIGH_CANDIDATE,2,malfind.uniqueInjections; malfind.ninjections,1.1928730309009552,0.44112347533536406
337,Ako,Ako,T1620,Reflective Code Loading,MEDIUM_CANDIDATE,2,ldrmodules.not_in_init_avg; ldrmodules.not_in_mem_avg,0.2796418219804764,0.1034113180243265
338,Ako,CWS,T1014,Rootkit,MEDIUM_CANDIDATE,1,psxview.not_in_pslist_false_avg,0.07768562436103821,0.02926303131282106
338,Ako,CWS,T1055,Process Injection,HIGH_CANDIDATE,1,malfind.ninjections,0.24960874021053314,0.09402393867349787
338,Ako,CWS,T1620,Reflective Code Loading,MEDIUM_CANDIDATE,1,ldrmodules.not_in_load_avg,0.17154560983181,0.0646187063999823
339,Ako,Zeus,T1014,Rootkit,MEDIUM_CANDIDATE,1,psxview.not_in_session_false_avg,0.04256204143166542,0.015292771234470566
339,Ako,Zeus,T1620,Reflective Code Loading,MEDIUM_CANDIDATE,3,ldrmodules.not_in_init_avg; ldrmodules.not_in_load; ldrmodules.not_in_mem_avg,0.3397757299244404,0.12208325385666075
340,Ako,Reconyc,T1055,Process Injection,HIGH_CANDIDATE,2,malfind.uniqueInjections; malfind.ninjections,0.24905867129564285,0.12844960213660137
340,Ako,Reconyc,T1620,Reflective Code Loading,MEDIUM_CANDIDATE,1,ldrmodules.not_in_load,0.3130984306335449,0.1614774889597538
341,Ako,Conti,T1014,Rootkit,MEDIUM_CANDIDATE,3,psxview.not_in_csrss_handles_false_avg; psxview.not_in_deskthrd_false_avg; psxview.not_in_ethread_pool_false_avg,0.4134276509284973,0.19661775962305225
341,Ako,Conti,T1055,Process Injection,HIGH_CANDIDATE,1,malfind.uniqueInjections,0.6184276342391968,0.29411157105726593
341,Ako,Conti,T1620,Reflective Code Loading,MEDIUM_CANDIDATE,3,ldrmodules.not_in_mem; ldrmodules.not_in_load_avg; ldrmodules.not_in_mem_avg,0.21870634704828262,0.10401227850967383
342,Ako,Ako,T1055,Process Injection,HIGH_CANDIDATE,2,malfind.uniqueInjections; malfind.ninjections,1.214260384440422,0.4440547952001493
342,Ako,Ako,T1620,Reflective Code Loading,MEDIUM_CANDIDATE,3,ldrmodules.not_in_init_avg; ldrmodules.not_in_mem_avg; ldrmodules.not_in_load,0.3778267838060856,0.13817118408376633
343,Ako,Conti,T1014,Rootkit,MEDIUM_CANDIDATE,2,psxview.not_in_csrss_handles_false_avg; psxview.not_in_deskthrd_false_avg,0.2687038406729698,0.11001520003439118
343,Ako,Conti,T1055,Process Injection,HIGH_CANDIDATE,1,malfind.uniqueInjections,0.5070732831954956,0.20761061153101593
343,Ako,Conti,T1620,Reflective Code Loading,MEDIUM_CANDIDATE,2,ldrmodules.not_in_mem_avg; ldrmodules.not_in_load_avg,0.11913888528943062,0.04877893916277616
344,Ako,Zeus,T1014,Rootkit,MEDIUM_CANDIDATE,2,psxview.not_in_csrss_handles_false_avg; psxview.not_in_ethread_pool_false_avg,0.4282471314072609,0.20357399811139698
344,Ako,Zeus,T1620,Reflective Code Loading,MEDIUM_CANDIDATE,3,ldrmodules.not_in_load_avg; ldrmodules.not_in_mem_avg; ldrmodules.not_in_load,0.5443878062069416,0.25878329148046797
345,Ako,Transponder,T1620,Reflective Code Loading,MEDIUM_CANDIDATE,2,ldrmodules.not_in_init_avg; ldrmodules.not_in_mem_avg,0.19338998198509216,0.13862066928934796
346,Ako,Zeus,T1055,Process Injection,HIGH_CANDIDATE,2,malfind.uniqueInjections; malfind.ninjections,0.7357965111732483,0.4116905956222396
346,Ako,Zeus,T1620,Reflective Code Loading,MEDIUM_CANDIDATE,1,ldrmodules.not_in_init_avg,0.06539182364940643,0.036587831578763504
347,Ako,Transponder,T1620,Reflective Code Loading,MEDIUM_CANDIDATE,3,ldrmodules.not_in_init_avg; ldrmodules.not_in_load_avg; ldrmodules.not_in_mem_avg,0.37899982929229736,0.17779546596517995
348,Ako,TIBS,T1620,Reflective Code Loading,MEDIUM_CANDIDATE,1,ldrmodules.not_in_init_avg,0.17373333871364594,0.07525070844877586
349,Ako,Shade,T1014,Rootkit,MEDIUM_CANDIDATE,1,psxview.not_in_session_false_avg,0.05237254500389099,0.021963863601301304
349,Ako,Shade,T1620,Reflective Code Loading,MEDIUM_CANDIDATE,3,ldrmodules.not_in_init_avg; ldrmodules.not_in_init; ldrmodules.not_in_mem,0.3472234271466732,0.14561767033584702
350,Ako,Pysa,T1620,Reflective Code Loading,MEDIUM_CANDIDATE,4,ldrmodules.not_in_init_avg; ldrmodules.not_in_load_avg; ldrmodules.not_in_mem; ldrmodules.not_in_load,0.5541961640119553,0.3104733396998853
352,Ako,CWS,T1014,Rootkit,MEDIUM_CANDIDATE,1,psxview.not_in_csrss_handles_false_avg,0.07651980966329575,0.03170316761065303
352,Ako,CWS,T1055,Process Injection,HIGH_CANDIDATE,1,malfind.ninjections,0.2195121794939041,0.09094679468881547
352,Ako,CWS,T1620,Reflective Code Loading,MEDIUM_CANDIDATE,3,ldrmodules.not_in_load; ldrmodules.not_in_load_avg; ldrmodules.not_in_mem_avg,0.4006047770380974,0.16597584923370648
353,Ako,Ako,T1620,Reflective Code Loading,MEDIUM_CANDIDATE,2,ldrmodules.not_in_mem; ldrmodules.not_in_load,0.14352494850754738,0.08752322195606449
354,Ako,Ako,T1055,Process Injection,HIGH_CANDIDATE,2,malfind.uniqueInjections; malfind.ninjections,1.1677674055099487,0.45813825066261715
354,Ako,Ako,T1620,Reflective Code Loading,MEDIUM_CANDIDATE,3,ldrmodules.not_in_init_avg; ldrmodules.not_in_mem; ldrmodules.not_in_load,0.23698770254850388,0.09297496313207318
355,Ako,Scar,T1620,Reflective Code Loading,MEDIUM_CANDIDATE,3,ldrmodules.not_in_load_avg; ldrmodules.not_in_mem_avg; ldrmodules.not_in_init_avg,0.9489971101284027,0.4153354670925707
356,Ako,Shade,T1014,Rootkit,MEDIUM_CANDIDATE,1,psxview.not_in_session_false_avg,0.10429693013429642,0.04012182350796283
356,Ako,Shade,T1055,Process Injection,HIGH_CANDIDATE,1,malfind.uniqueInjections,0.09198451787233353,0.03538538082364158
357,Ako,Zeus,T1620,Reflective Code Loading,MEDIUM_CANDIDATE,3,ldrmodules.not_in_init; ldrmodules.not_in_load_avg; ldrmodules.not_in_load,0.31948860734701157,0.1291649848840704
358,Ako,Ako,T1014,Rootkit,MEDIUM_CANDIDATE,1,psxview.not_in_deskthrd,0.031038854271173477,0.019170845800557886
358,Ako,Ako,T1620,Reflective Code Loading,MEDIUM_CANDIDATE,4,ldrmodules.not_in_mem_avg; ldrmodules.not_in_init_avg; ldrmodules.not_in_mem; ldrmodules.not_in_load_avg,0.3561285622417927,0.2199593352339829
359,Ako,Gator,T1014,Rootkit,MEDIUM_CANDIDATE,1,psxview.not_in_deskthrd_false_avg,0.1030896008014679,0.03736568558773583
359,Ako,Gator,T1620,Reflective Code Loading,MEDIUM_CANDIDATE,4,ldrmodules.not_in_load_avg; ldrmodules.not_in_init_avg; ldrmodules.not_in_load; ldrmodules.not_in_init,1.4616866670548916,0.5298005230822553
360,Ako,Zeus,T1620,Reflective Code Loading,MEDIUM_CANDIDATE,3,ldrmodules.not_in_init_avg; ldrmodules.not_in_load; ldrmodules.not_in_mem_avg,0.2463470846414566,0.09510586992051029
361,Ako,Ako,T1055,Process Injection,HIGH_CANDIDATE,2,malfind.uniqueInjections; malfind.ninjections,1.2074169963598251,0.42491784987057013
361,Ako,Ako,T1620,Reflective Code Loading,MEDIUM_CANDIDATE,3,ldrmodules.not_in_init_avg; ldrmodules.not_in_load_avg; ldrmodules.not_in_mem_avg,0.2518675699830055,0.08863799881230915
362,Ako,Shade,T1014,Rootkit,MEDIUM_CANDIDATE,1,psxview.not_in_session_false_avg,0.05592462047934532,0.02733090902428227
362,Ako,Shade,T1620,Reflective Code Loading,MEDIUM_CANDIDATE,1,ldrmodules.not_in_init,0.0783279612660408,0.0382796407927403
363,Ako,Zeus,T1620,Reflective Code Loading,MEDIUM_CANDIDATE,1,ldrmodules.not_in_load,0.06302009522914886,0.030852898711557303
364,Ako,Scar,T1620,Reflective Code Loading,MEDIUM_CANDIDATE,3,ldrmodules.not_in_load_avg; ldrmodules.not_in_mem_avg; ldrmodules.not_in_init_avg,0.9860686659812927,0.4445871923650424
365,Ako,Zeus,T1620,Reflective Code Loading,MEDIUM_CANDIDATE,1,ldrmodules.not_in_load,0.06409516930580139,0.03518670726973396
366,Ako,Ako,T1620,Reflective Code Loading,MEDIUM_CANDIDATE,5,ldrmodules.not_in_init_avg; ldrmodules.not_in_mem; ldrmodules.not_in_load_avg; ldrmodules.not_in_load; ldrmodules.not_in_mem_avg,0.38106274977326393,0.18928513113250373
367,Ako,Ako,T1055,Process Injection,HIGH_CANDIDATE,2,malfind.uniqueInjections; malfind.ninjections,1.128352865576744,0.49716959999410926
367,Ako,Ako,T1620,Reflective Code Loading,MEDIUM_CANDIDATE,2,ldrmodules.not_in_load; ldrmodules.not_in_mem,0.10881580784916878,0.047945915955780884
368,Ako,Transponder,T1620,Reflective Code Loading,MEDIUM_CANDIDATE,2,ldrmodules.not_in_load; ldrmodules.not_in_init_avg,0.5172979757189751,0.20379854175876433
369,Ako,Refroso,T1620,Reflective Code Loading,MEDIUM_CANDIDATE,3,ldrmodules.not_in_mem_avg; ldrmodules.not_in_load_avg; ldrmodules.not_in_init_avg,0.565197542309761,0.1570639255980469
370,Ako,Conti,T1014,Rootkit,MEDIUM_CANDIDATE,3,psxview.not_in_csrss_handles_false_avg; psxview.not_in_deskthrd_false_avg; psxview.not_in_session_false_avg,0.5549251809716225,0.1880493759356117
370,Ako,Conti,T1055,Process Injection,HIGH_CANDIDATE,2,malfind.uniqueInjections; malfind.ninjections,0.8037997931241989,0.2723863588412454
370,Ako,Conti,T1620,Reflective Code Loading,MEDIUM_CANDIDATE,1,ldrmodules.not_in_load_avg,0.19427208602428436,0.06583363990549267
371,Ako,Scar,T1620,Reflective Code Loading,MEDIUM_CANDIDATE,5,ldrmodules.not_in_load_avg; ldrmodules.not_in_mem_avg; ldrmodules.not_in_load; ldrmodules.not_in_mem; ldrmodules.not_in_init_avg,0.8303804099559784,0.41017662839358787
372,Ako,180solutions,T1620,Reflective Code Loading,MEDIUM_CANDIDATE,3,ldrmodules.not_in_load; ldrmodules.not_in_init_avg; ldrmodules.not_in_load_avg,0.3127916008234024,0.2022176869516915
373,Ako,Maze,T1620,Reflective Code Loading,MEDIUM_CANDIDATE,5,ldrmodules.not_in_mem; ldrmodules.not_in_load; ldrmodules.not_in_load_avg; ldrmodules.not_in_mem_avg; ldrmodules.not_in_init,1.316014975309372,0.44254457703731925
374,Ako,Ako,T1620,Reflective Code Loading,MEDIUM_CANDIDATE,3,ldrmodules.not_in_init_avg; ldrmodules.not_in_mem_avg; ldrmodules.not_in_mem,0.4768761359155178,0.38635362580731236
375,CWS,Ako,T1014,Rootkit,MEDIUM_CANDIDATE,2,psxview.not_in_deskthrd_false_avg; psxview.not_in_csrss_handles_false_avg,0.10969826206564903,0.05558520799785493
375,CWS,Ako,T1055,Process Injection,HIGH_CANDIDATE,2,malfind.uniqueInjections; malfind.ninjections,0.9979183673858643,0.505655230734898
375,CWS,Ako,T1620,Reflective Code Loading,MEDIUM_CANDIDATE,1,ldrmodules.not_in_load_avg,0.06486286222934723,0.03286666188199781
376,CWS,CWS,T1055,Process Injection,HIGH_CANDIDATE,1,malfind.ninjections,0.29707103967666626,0.11540636039375461
376,CWS,CWS,T1620,Reflective Code Loading,MEDIUM_CANDIDATE,1,ldrmodules.not_in_load_avg,0.1464349627494812,0.05688715434431507
377,CWS,Transponder,T1014,Rootkit,MEDIUM_CANDIDATE,4,psxview.not_in_deskthrd; psxview.not_in_deskthrd_false_avg; psxview.not_in_ethread_pool_false_avg; psxview.not_in_pslist,0.6385308131575584,0.30206192364677037
377,CWS,Transponder,T1055,Process Injection,HIGH_CANDIDATE,1,malfind.uniqueInjections,0.07584355026483536,0.03587837613647588
377,CWS,Transponder,T1620,Reflective Code Loading,MEDIUM_CANDIDATE,1,ldrmodules.not_in_init,0.1563115119934082,0.07394436576581237
378,CWS,CWS,T1014,Rootkit,MEDIUM_CANDIDATE,1,psxview.not_in_deskthrd_false_avg,0.13388849794864655,0.02601190324943817
378,CWS,CWS,T1055,Process Injection,HIGH_CANDIDATE,1,malfind.ninjections,1.1985994577407837,0.23286431327014145
378,CWS,CWS,T1620,Reflective Code Loading,MEDIUM_CANDIDATE,1,ldrmodules.not_in_load_avg,0.24820922315120697,0.04822217290617287
379,CWS,Transponder,T1014,Rootkit,MEDIUM_CANDIDATE,4,psxview.not_in_deskthrd_false_avg; psxview.not_in_ethread_pool_false_avg; psxview.not_in_pslist; psxview.not_in_pslist_false_avg,0.835890144109726,0.33997314742681345
379,CWS,Transponder,T1055,Process Injection,HIGH_CANDIDATE,2,malfind.uniqueInjections; malfind.ninjections,0.2696066200733185,0.1096543748473714
380,CWS,Scar,T1620,Reflective Code Loading,MEDIUM_CANDIDATE,4,ldrmodules.not_in_mem; ldrmodules.not_in_load_avg; ldrmodules.not_in_load; ldrmodules.not_in_mem_avg,0.6600820794701576,0.2858725736977864
381,CWS,CWS,T1014,Rootkit,MEDIUM_CANDIDATE,1,psxview.not_in_deskthrd,0.07777265459299088,0.018944423222005565
381,CWS,CWS,T1620,Reflective Code Loading,MEDIUM_CANDIDATE,2,ldrmodules.not_in_load; ldrmodules.not_in_load_avg,0.17084047198295593,0.041614552333719405
382,CWS,CWS,T1620,Reflective Code Loading,MEDIUM_CANDIDATE,5,ldrmodules.not_in_init_avg; ldrmodules.not_in_load; ldrmodules.not_in_load_avg; ldrmodules.not_in_mem_avg; ldrmodules.not_in_mem,1.0509267747402191,0.34770738698533454
383,CWS,CWS,T1620,Reflective Code Loading,MEDIUM_CANDIDATE,3,ldrmodules.not_in_init_avg; ldrmodules.not_in_mem_avg; ldrmodules.not_in_load_avg,0.26438724249601364,0.1281162691448102
384,CWS,Gator,T1620,Reflective Code Loading,MEDIUM_CANDIDATE,2,ldrmodules.not_in_init_avg; ldrmodules.not_in_mem_avg,0.1384746991097927,0.07197972871865603
385,CWS,CWS,T1620,Reflective Code Loading,MEDIUM_CANDIDATE,4,ldrmodules.not_in_load; ldrmodules.not_in_load_avg; ldrmodules.not_in_mem; ldrmodules.not_in_init_avg,0.5795276910066605,0.30430157088460297
386,CWS,CWS,T1014,Rootkit,MEDIUM_CANDIDATE,1,psxview.not_in_deskthrd,0.0740995705127716,0.033928652560541596
386,CWS,CWS,T1620,Reflective Code Loading,MEDIUM_CANDIDATE,2,ldrmodules.not_in_mem_avg; ldrmodules.not_in_load_avg,0.18953315913677216,0.08678329254209402
387,CWS,CWS,T1055,Process Injection,HIGH_CANDIDATE,1,malfind.ninjections,0.3020559847354889,0.10777315457929164
387,CWS,CWS,T1620,Reflective Code Loading,MEDIUM_CANDIDATE,1,ldrmodules.not_in_load_avg,0.13686628639698029,0.04883370032701856
388,CWS,CWS,T1055,Process Injection,HIGH_CANDIDATE,1,malfind.ninjections,0.33390530943870544,0.1421878676368875
388,CWS,CWS,T1620,Reflective Code Loading,MEDIUM_CANDIDATE,2,ldrmodules.not_in_load; ldrmodules.not_in_mem_avg,0.28029893711209297,0.119360510426896
389,CWS,CWS,T1620,Reflective Code Loading,MEDIUM_CANDIDATE,3,ldrmodules.not_in_load; ldrmodules.not_in_init_avg; ldrmodules.not_in_mem,0.48960988968610764,0.21113416794733764
390,CWS,CWS,T1014,Rootkit,MEDIUM_CANDIDATE,3,psxview.not_in_deskthrd_false_avg; psxview.not_in_ethread_pool_false_avg; psxview.not_in_csrss_handles_false_avg,0.27198997139930725,0.11447569453650458
390,CWS,CWS,T1620,Reflective Code Loading,MEDIUM_CANDIDATE,1,ldrmodules.not_in_init_avg,0.152114138007164,0.06402210900499458
391,CWS,CWS,T1014,Rootkit,MEDIUM_CANDIDATE,1,psxview.not_in_deskthrd,0.10059799253940582,0.025849824629235053
391,CWS,CWS,T1620,Reflective Code Loading,MEDIUM_CANDIDATE,1,ldrmodules.not_in_load,0.10989826172590256,0.028239637004282662
392,CWS,TIBS,T1620,Reflective Code Loading,MEDIUM_CANDIDATE,2,ldrmodules.not_in_init_avg; ldrmodules.not_in_mem_avg,0.2151026614010334,0.09317842292512574
393,CWS,Conti,T1014,Rootkit,MEDIUM_CANDIDATE,1,psxview.not_in_deskthrd_false_avg,0.0649167001247406,0.046825202381937395
393,CWS,Conti,T1055,Process Injection,HIGH_CANDIDATE,1,malfind.uniqueInjections,0.5101575255393982,0.3679828046426932
393,CWS,Conti,T1620,Reflective Code Loading,MEDIUM_CANDIDATE,3,ldrmodules.not_in_load_avg; ldrmodules.not_in_mem_avg; ldrmodules.not_in_mem,0.2184596136212349,0.1575775663340535
394,CWS,CWS,T1014,Rootkit,MEDIUM_CANDIDATE,1,psxview.not_in_deskthrd_false_avg,0.573008120059967,0.24527409083808713
394,CWS,CWS,T1620,Reflective Code Loading,MEDIUM_CANDIDATE,2,ldrmodules.not_in_init_avg; ldrmodules.not_in_load_avg,0.15098518878221512,0.06462867385666222
395,CWS,CWS,T1014,Rootkit,MEDIUM_CANDIDATE,1,psxview.not_in_deskthrd,0.08688610792160034,0.023431880384160515
395,CWS,CWS,T1620,Reflective Code Loading,MEDIUM_CANDIDATE,2,ldrmodules.not_in_load_avg; ldrmodules.not_in_load,0.13961173593997955,0.037651191600416085
396,CWS,Gator,T1055,Process Injection,HIGH_CANDIDATE,2,malfind.uniqueInjections; malfind.ninjections,0.2938120663166046,0.09196802824795391
396,CWS,Gator,T1620,Reflective Code Loading,MEDIUM_CANDIDATE,3,ldrmodules.not_in_init; ldrmodules.not_in_init_avg; ldrmodules.not_in_mem,0.43885156512260437,0.13736778629902555
397,CWS,Transponder,T1055,Process Injection,HIGH_CANDIDATE,2,malfind.ninjections; malfind.uniqueInjections,0.5875702202320099,0.21871875823793793
397,CWS,Transponder,T1620,Reflective Code Loading,MEDIUM_CANDIDATE,2,ldrmodules.not_in_init_avg; ldrmodules.not_in_mem_avg,0.1832754984498024,0.06822297668617633
398,CWS,Transponder,T1620,Reflective Code Loading,MEDIUM_CANDIDATE,3,ldrmodules.not_in_load; ldrmodules.not_in_init_avg; ldrmodules.not_in_mem,0.7088221162557602,0.37137331725340295
399,CWS,CWS,T1620,Reflective Code Loading,MEDIUM_CANDIDATE,3,ldrmodules.not_in_init_avg; ldrmodules.not_in_load_avg; ldrmodules.not_in_mem_avg,0.32274919748306274,0.15514416729297492
400,CWS,CWS,T1620,Reflective Code Loading,MEDIUM_CANDIDATE,3,ldrmodules.not_in_load_avg; ldrmodules.not_in_init_avg; ldrmodules.not_in_mem_avg,0.3967232257127762,0.18667721685604155
401,CWS,Shade,T1055,Process Injection,HIGH_CANDIDATE,1,malfind.uniqueInjections,0.06282966583967209,0.03050967501928636
401,CWS,Shade,T1620,Reflective Code Loading,MEDIUM_CANDIDATE,4,ldrmodules.not_in_init_avg; ldrmodules.not_in_load_avg; ldrmodules.not_in_mem; ldrmodules.not_in_mem_avg,0.509408213198185,0.2473652983686325
402,CWS,Transponder,T1014,Rootkit,MEDIUM_CANDIDATE,2,psxview.not_in_pslist_false_avg; psxview.not_in_deskthrd_false_avg,0.31383655965328217,0.11054096949581417
402,CWS,Transponder,T1055,Process Injection,HIGH_CANDIDATE,2,malfind.uniqueInjections; malfind.ninjections,0.5261937230825424,0.18533839510736524
402,CWS,Transponder,T1620,Reflective Code Loading,MEDIUM_CANDIDATE,1,ldrmodules.not_in_init_avg,0.09840715676546097,0.03466142544450002
403,CWS,Shade,T1055,Process Injection,HIGH_CANDIDATE,1,malfind.uniqueInjections,0.039025481790304184,0.01953310905759296
403,CWS,Shade,T1620,Reflective Code Loading,MEDIUM_CANDIDATE,3,ldrmodules.not_in_init_avg; ldrmodules.not_in_init; ldrmodules.not_in_mem,0.3338399603962898,0.16709421780472059
404,CWS,Ako,T1014,Rootkit,MEDIUM_CANDIDATE,2,psxview.not_in_csrss_handles_false_avg; psxview.not_in_deskthrd_false_avg,0.13906438648700714,0.05952394502189588
404,CWS,Ako,T1055,Process Injection,HIGH_CANDIDATE,2,malfind.uniqueInjections; malfind.ninjections,1.0073944330215454,0.4311966015263075
405,CWS,Transponder,T1014,Rootkit,MEDIUM_CANDIDATE,3,psxview.not_in_ethread_pool_false_avg; psxview.not_in_pslist_false_avg; psxview.not_in_session_false_avg,0.2910594716668129,0.14756495509735637
405,CWS,Transponder,T1620,Reflective Code Loading,MEDIUM_CANDIDATE,1,ldrmodules.not_in_init_avg,0.1688060760498047,0.08558340633891358
407,CWS,Transponder,T1014,Rootkit,MEDIUM_CANDIDATE,1,psxview.not_in_session_false_avg,0.1777404248714447,0.06850857689997236
407,CWS,Transponder,T1055,Process Injection,HIGH_CANDIDATE,2,malfind.uniqueInjections; malfind.ninjections,0.4158237725496292,0.1602758343756475
407,CWS,Transponder,T1620,Reflective Code Loading,MEDIUM_CANDIDATE,1,ldrmodules.not_in_mem_avg,0.14566412568092346,0.05614503263957271
408,CWS,CWS,T1014,Rootkit,MEDIUM_CANDIDATE,1,psxview.not_in_deskthrd_false_avg,0.11641891300678253,0.024495797429964224
408,CWS,CWS,T1055,Process Injection,HIGH_CANDIDATE,1,malfind.ninjections,1.111909031867981,0.23395767665000333
408,CWS,CWS,T1620,Reflective Code Loading,MEDIUM_CANDIDATE,2,ldrmodules.not_in_load_avg; ldrmodules.not_in_init_avg,0.28553350269794464,0.06007933471384933
409,CWS,Transponder,T1055,Process Injection,HIGH_CANDIDATE,2,malfind.uniqueInjections; malfind.ninjections,0.5093813836574554,0.18023653346597426
409,CWS,Transponder,T1620,Reflective Code Loading,MEDIUM_CANDIDATE,2,ldrmodules.not_in_init_avg; ldrmodules.not_in_mem_avg,0.21016127616167068,0.0743622383923579
410,CWS,Gator,T1014,Rootkit,MEDIUM_CANDIDATE,1,psxview.not_in_deskthrd_false_avg,0.31032103300094604,0.07523419138363233
410,CWS,Gator,T1620,Reflective Code Loading,MEDIUM_CANDIDATE,3,ldrmodules.not_in_init_avg; ldrmodules.not_in_load_avg; ldrmodules.not_in_load,1.4094491228461266,0.3417066643155152
411,CWS,Transponder,T1620,Reflective Code Loading,MEDIUM_CANDIDATE,3,ldrmodules.not_in_load; ldrmodules.not_in_init_avg; ldrmodules.not_in_mem,0.6108156107366085,0.261429516090065
412,CWS,CWS,T1014,Rootkit,MEDIUM_CANDIDATE,1,psxview.not_in_csrss_handles_false_avg,0.09161282330751419,0.03751009294836585
412,CWS,CWS,T1055,Process Injection,HIGH_CANDIDATE,1,malfind.ninjections,0.26031494140625,0.10658374336113226
412,CWS,CWS,T1620,Reflective Code Loading,MEDIUM_CANDIDATE,1,ldrmodules.not_in_mem_avg,0.06744420528411865,0.027614457427473014
413,CWS,CWS,T1014,Rootkit,MEDIUM_CANDIDATE,1,psxview.not_in_csrss_handles_false_avg,0.07801749557256699,0.03207869381820007
413,CWS,CWS,T1055,Process Injection,HIGH_CANDIDATE,1,malfind.ninjections,0.27128729224205017,0.11154603106308035
413,CWS,CWS,T1620,Reflective Code Loading,MEDIUM_CANDIDATE,2,ldrmodules.not_in_mem_avg; ldrmodules.not_in_init_avg,0.1647530347108841,0.06774201244634809
414,CWS,Pysa,T1055,Process Injection,HIGH_CANDIDATE,2,malfind.ninjections; malfind.uniqueInjections,0.3602994382381439,0.1659317644280214
414,CWS,Pysa,T1620,Reflective Code Loading,MEDIUM_CANDIDATE,3,ldrmodules.not_in_load_avg; ldrmodules.not_in_mem_avg; ldrmodules.not_in_init_avg,0.6181664913892746,0.2846894714243339
416,CWS,CWS,T1014,Rootkit,MEDIUM_CANDIDATE,1,psxview.not_in_pslist_false_avg,0.05214075744152069,0.028769797500529458
416,CWS,CWS,T1620,Reflective Code Loading,MEDIUM_CANDIDATE,3,ldrmodules.not_in_init_avg; ldrmodules.not_in_load_avg; ldrmodules.not_in_mem_avg,0.2547164559364319,0.14054534718953163
417,CWS,Transponder,T1055,Process Injection,HIGH_CANDIDATE,2,malfind.uniqueInjections; malfind.ninjections,0.5276965647935867,0.2271339108065499
417,CWS,Transponder,T1620,Reflective Code Loading,MEDIUM_CANDIDATE,1,ldrmodules.not_in_init,0.1342105269432068,0.05776759579237055
418,CWS,Transponder,T1055,Process Injection,HIGH_CANDIDATE,2,malfind.uniqueInjections; malfind.ninjections,0.4877564311027527,0.19408913956597015
418,CWS,Transponder,T1620,Reflective Code Loading,MEDIUM_CANDIDATE,3,ldrmodules.not_in_load; ldrmodules.not_in_init_avg; ldrmodules.not_in_mem_avg,0.5076723545789719,0.20201412877097516
419,CWS,Transponder,T1055,Process Injection,HIGH_CANDIDATE,2,malfind.uniqueInjections; malfind.ninjections,0.4680185168981552,0.17922687805228407
419,CWS,Transponder,T1620,Reflective Code Loading,MEDIUM_CANDIDATE,2,ldrmodules.not_in_init_avg; ldrmodules.not_in_mem_avg,0.2094370573759079,0.08020355730948436
420,CWS,CWS,T1014,Rootkit,MEDIUM_CANDIDATE,3,psxview.not_in_deskthrd_false_avg; psxview.not_in_pslist_false_avg; psxview.not_in_deskthrd,0.35051245242357254,0.2050890909125943
420,CWS,CWS,T1620,Reflective Code Loading,MEDIUM_CANDIDATE,2,ldrmodules.not_in_load_avg; ldrmodules.not_in_mem_avg,0.2794860377907753,0.16353067349517722
421,CWS,CWS,T1014,Rootkit,MEDIUM_CANDIDATE,2,psxview.not_in_deskthrd; psxview.not_in_csrss_handles_false_avg,0.1812586486339569,0.07654986651826658
421,CWS,CWS,T1620,Reflective Code Loading,MEDIUM_CANDIDATE,2,ldrmodules.not_in_init_avg; ldrmodules.not_in_mem_avg,0.23410411924123764,0.09886777383783198
422,CWS,CWS,T1055,Process Injection,HIGH_CANDIDATE,1,malfind.ninjections,0.3408537209033966,0.13007074135344648
422,CWS,CWS,T1620,Reflective Code Loading,MEDIUM_CANDIDATE,2,ldrmodules.not_in_load; ldrmodules.not_in_mem_avg,0.2670827656984329,0.10191953675920055
423,CWS,CWS,T1055,Process Injection,HIGH_CANDIDATE,1,malfind.ninjections,0.2731143832206726,0.11030085843934825
423,CWS,CWS,T1620,Reflective Code Loading,MEDIUM_CANDIDATE,1,ldrmodules.not_in_load_avg,0.15960226953029633,0.0644574889482694
424,CWS,Refroso,T1620,Reflective Code Loading,MEDIUM_CANDIDATE,5,ldrmodules.not_in_init; ldrmodules.not_in_mem_avg; ldrmodules.not_in_init_avg; ldrmodules.not_in_load_avg; ldrmodules.not_in_load,0.39997077733278275,0.20990513209785192
425,CWS,Ako,T1014,Rootkit,MEDIUM_CANDIDATE,1,psxview.not_in_csrss_handles_false_avg,0.10617131739854813,0.03906792383805112
425,CWS,Ako,T1055,Process Injection,HIGH_CANDIDATE,2,malfind.uniqueInjections; malfind.ninjections,1.1423008441925049,0.42033313209754475
425,CWS,Ako,T1620,Reflective Code Loading,MEDIUM_CANDIDATE,1,ldrmodules.not_in_mem,0.10263819992542267,0.03776784046588379
426,CWS,CWS,T1055,Process Injection,HIGH_CANDIDATE,1,malfind.ninjections,1.1780680418014526,0.23910088340972993
426,CWS,CWS,T1620,Reflective Code Loading,MEDIUM_CANDIDATE,1,ldrmodules.not_in_load_avg,0.23398315906524658,0.04748926042501769
427,CWS,Transponder,T1014,Rootkit,MEDIUM_CANDIDATE,3,psxview.not_in_deskthrd_false_avg; psxview.not_in_pslist_false_avg; psxview.not_in_pslist,0.4150286950170994,0.18029281227787902
427,CWS,Transponder,T1055,Process Injection,HIGH_CANDIDATE,2,malfind.ninjections; malfind.uniqueInjections,0.35505199432373047,0.1542383052787652
427,CWS,Transponder,T1620,Reflective Code Loading,MEDIUM_CANDIDATE,2,ldrmodules.not_in_load; ldrmodules.not_in_init_avg,0.34631913900375366,0.15044466145664445
428,CWS,TIBS,T1620,Reflective Code Loading,MEDIUM_CANDIDATE,4,ldrmodules.not_in_load; ldrmodules.not_in_init_avg; ldrmodules.not_in_load_avg; ldrmodules.not_in_mem_avg,1.0306137278676033,0.36871715713852804
429,CWS,CWS,T1620,Reflective Code Loading,MEDIUM_CANDIDATE,2,ldrmodules.not_in_load_avg; ldrmodules.not_in_mem_avg,0.13635209202766418,0.07305150776978603
430,CWS,Gator,T1014,Rootkit,MEDIUM_CANDIDATE,1,psxview.not_in_deskthrd_false_avg,0.0824328064918518,0.05099271024315237
430,CWS,Gator,T1620,Reflective Code Loading,MEDIUM_CANDIDATE,2,ldrmodules.not_in_mem_avg; ldrmodules.not_in_mem,0.22813230752944946,0.1411220259266659
431,CWS,Transponder,T1014,Rootkit,MEDIUM_CANDIDATE,3,psxview.not_in_deskthrd_false_avg; psxview.not_in_session_false_avg; psxview.not_in_pslist_false_avg,0.5672529339790344,0.2725630955638818
432,CWS,CWS,T1014,Rootkit,MEDIUM_CANDIDATE,1,psxview.not_in_session_false_avg,0.04940281808376312,0.018323450664638405
432,CWS,CWS,T1055,Process Injection,HIGH_CANDIDATE,1,malfind.ninjections,0.3486296534538269,0.1293063534242131
432,CWS,CWS,T1620,Reflective Code Loading,MEDIUM_CANDIDATE,2,ldrmodules.not_in_load; ldrmodules.not_in_mem_avg,0.3278195671737194,0.12158791540648914
433,CWS,Transponder,T1055,Process Injection,HIGH_CANDIDATE,2,malfind.ninjections; malfind.uniqueInjections,0.5909201800823212,0.21703962113280328
433,CWS,Transponder,T1620,Reflective Code Loading,MEDIUM_CANDIDATE,2,ldrmodules.not_in_init_avg; ldrmodules.not_in_mem_avg,0.20757241547107697,0.07623946504109448
434,CWS,Conti,T1014,Rootkit,MEDIUM_CANDIDATE,1,psxview.not_in_deskthrd_false_avg,0.08818361908197403,0.05082537838751001
434,CWS,Conti,T1055,Process Injection,HIGH_CANDIDATE,1,malfind.uniqueInjections,0.4281739294528961,0.24678168356733887
435,CWS,CWS,T1014,Rootkit,MEDIUM_CANDIDATE,1,psxview.not_in_deskthrd,0.07419634610414505,0.036559470674127875
435,CWS,CWS,T1055,Process Injection,HIGH_CANDIDATE,1,malfind.ninjections,0.04543302208185196,0.02238664470224737
435,CWS,CWS,T1620,Reflective Code Loading,MEDIUM_CANDIDATE,2,ldrmodules.not_in_mem_avg; ldrmodules.not_in_load_avg,0.19097940623760223,0.09410309763644698
436,CWS,CWS,T1055,Process Injection,HIGH_CANDIDATE,1,malfind.ninjections,0.33005499839782715,0.13673861667202572
436,CWS,CWS,T1620,Reflective Code Loading,MEDIUM_CANDIDATE,1,ldrmodules.not_in_load_avg,0.07197444885969162,0.029818323069124235
437,CWS,Reconyc,T1014,Rootkit,MEDIUM_CANDIDATE,1,psxview.not_in_ethread_pool_false_avg,0.08109772205352783,0.02631041512629293
437,CWS,Reconyc,T1055,Process Injection,HIGH_CANDIDATE,2,malfind.uniqueInjections; malfind.ninjections,0.27945201098918915,0.09066220641992866
437,CWS,Reconyc,T1620,Reflective Code Loading,MEDIUM_CANDIDATE,4,ldrmodules.not_in_load_avg; ldrmodules.not_in_mem_avg; ldrmodules.not_in_load; ldrmodules.not_in_init_avg,0.8397904187440872,0.27245197493533224
438,CWS,Pysa,T1014,Rootkit,MEDIUM_CANDIDATE,1,psxview.not_in_deskthrd_false_avg,0.06955520063638687,0.03657402362800443
438,CWS,Pysa,T1620,Reflective Code Loading,MEDIUM_CANDIDATE,1,ldrmodules.not_in_init_avg,0.1841801255941391,0.09684693888676542
440,CWS,Transponder,T1620,Reflective Code Loading,MEDIUM_CANDIDATE,3,ldrmodules.not_in_load; ldrmodules.not_in_load_avg; ldrmodules.not_in_mem,0.805387981235981,0.3422820838859127
441,CWS,CWS,T1014,Rootkit,MEDIUM_CANDIDATE,2,psxview.not_in_deskthrd; psxview.not_in_ethread_pool_false_avg,0.16191477328538895,0.04416123366740145
441,CWS,CWS,T1620,Reflective Code Loading,MEDIUM_CANDIDATE,1,ldrmodules.not_in_load,0.10771200060844421,0.029377769125913552
442,CWS,CWS,T1055,Process Injection,HIGH_CANDIDATE,1,malfind.ninjections,0.2785467207431793,0.10335470726434962
442,CWS,CWS,T1620,Reflective Code Loading,MEDIUM_CANDIDATE,1,ldrmodules.not_in_load_avg,0.15456533432006836,0.057351437630443446
443,CWS,180solutions,T1014,Rootkit,MEDIUM_CANDIDATE,1,psxview.not_in_pslist_false_avg,0.04643220826983452,0.030239339462179923
443,CWS,180solutions,T1055,Process Injection,HIGH_CANDIDATE,1,malfind.uniqueInjections,0.05524122714996338,0.035976282032236975
443,CWS,180solutions,T1620,Reflective Code Loading,MEDIUM_CANDIDATE,1,ldrmodules.not_in_load_avg,0.0960240289568901,0.0625364012686865
445,CWS,CWS,T1620,Reflective Code Loading,MEDIUM_CANDIDATE,2,ldrmodules.not_in_init_avg; ldrmodules.not_in_load_avg,0.36992279440164566,0.13870577819970242
446,CWS,Scar,T1620,Reflective Code Loading,MEDIUM_CANDIDATE,3,ldrmodules.not_in_mem; ldrmodules.not_in_load; ldrmodules.not_in_load_avg,0.7044181749224663,0.2547745414609868
447,CWS,CWS,T1014,Rootkit,MEDIUM_CANDIDATE,2,psxview.not_in_deskthrd; psxview.not_in_deskthrd_false_avg,0.18732905387878418,0.099043899382326
447,CWS,CWS,T1620,Reflective Code Loading,MEDIUM_CANDIDATE,2,ldrmodules.not_in_load_avg; ldrmodules.not_in_mem_avg,0.26319146156311035,0.13915358081193127
448,CWS,Gator,T1055,Process Injection,HIGH_CANDIDATE,2,malfind.uniqueInjections; malfind.ninjections,0.3013836517930031,0.10190999014356436
448,CWS,Gator,T1620,Reflective Code Loading,MEDIUM_CANDIDATE,3,ldrmodules.not_in_load_avg; ldrmodules.not_in_init_avg; ldrmodules.not_in_mem,0.6670466437935829,0.22555542243210655
449,CWS,Scar,T1014,Rootkit,MEDIUM_CANDIDATE,1,psxview.not_in_session_false_avg,0.031038807705044746,0.015398761585435234
449,CWS,Scar,T1620,Reflective Code Loading,MEDIUM_CANDIDATE,4,ldrmodules.not_in_mem; ldrmodules.not_in_init_avg; ldrmodules.not_in_load_avg; ldrmodules.not_in_load,0.3413243293762207,0.16933549836447923
450,CWS,Refroso,T1620,Reflective Code Loading,MEDIUM_CANDIDATE,1,ldrmodules.not_in_init,0.20692551136016846,0.08742015793951527
451,CWS,Transponder,T1620,Reflective Code Loading,MEDIUM_CANDIDATE,3,ldrmodules.not_in_init_avg; ldrmodules.not_in_mem_avg; ldrmodules.not_in_load_avg,0.21303452923893929,0.12556430386927162
452,CWS,Gator,T1620,Reflective Code Loading,MEDIUM_CANDIDATE,4,ldrmodules.not_in_load; ldrmodules.not_in_init_avg; ldrmodules.not_in_mem_avg; ldrmodules.not_in_load_avg,0.7719626203179359,0.2793344308601764
453,CWS,Transponder,T1014,Rootkit,MEDIUM_CANDIDATE,2,psxview.not_in_session_false_avg; psxview.not_in_ethread_pool_false_avg,0.16055921837687492,0.09660278836607722
453,CWS,Transponder,T1620,Reflective Code Loading,MEDIUM_CANDIDATE,2,ldrmodules.not_in_init_avg; ldrmodules.not_in_load_avg,0.23770026117563248,0.1430158184440823
454,CWS,CWS,T1014,Rootkit,MEDIUM_CANDIDATE,2,psxview.not_in_deskthrd; psxview.not_in_deskthrd_false_avg,0.18413810431957245,0.04169837477675084
455,CWS,Transponder,T1620,Reflective Code Loading,MEDIUM_CANDIDATE,3,ldrmodules.not_in_load; ldrmodules.not_in_init_avg; ldrmodules.not_in_mem,0.8373490199446678,0.3001373117773549
456,CWS,CWS,T1014,Rootkit,MEDIUM_CANDIDATE,1,psxview.not_in_pslist_false_avg,0.032931528985500336,0.024599577215715575
456,CWS,CWS,T1620,Reflective Code Loading,MEDIUM_CANDIDATE,1,ldrmodules.not_in_mem_avg,0.13122396171092987,0.09802320384460214
457,CWS,CWS,T1620,Reflective Code Loading,MEDIUM_CANDIDATE,1,ldrmodules.not_in_init,0.0768258273601532,0.020110401403222962
458,CWS,180solutions,T1620,Reflective Code Loading,MEDIUM_CANDIDATE,3,ldrmodules.not_in_load; ldrmodules.not_in_mem; ldrmodules.not_in_init_avg,0.5657302364706993,0.2203913718754732
459,CWS,CWS,T1055,Process Injection,HIGH_CANDIDATE,1,malfind.ninjections,0.2979913353919983,0.13511529480035436
460,CWS,Transponder,T1055,Process Injection,HIGH_CANDIDATE,2,malfind.ninjections; malfind.uniqueInjections,0.5890046954154968,0.21487559911228823
460,CWS,Transponder,T1620,Reflective Code Loading,MEDIUM_CANDIDATE,2,ldrmodules.not_in_init_avg; ldrmodules.not_in_mem_avg,0.19478722661733627,0.07106059144281648
461,CWS,Transponder,T1620,Reflective Code Loading,MEDIUM_CANDIDATE,3,ldrmodules.not_in_load; ldrmodules.not_in_init_avg; ldrmodules.not_in_mem,0.8245725482702255,0.26795472975372286
462,CWS,TIBS,T1014,Rootkit,MEDIUM_CANDIDATE,1,psxview.not_in_deskthrd_false_avg,0.052575841546058655,0.01469650888889379
462,CWS,TIBS,T1620,Reflective Code Loading,MEDIUM_CANDIDATE,4,ldrmodules.not_in_load; ldrmodules.not_in_init_avg; ldrmodules.not_in_load_avg; ldrmodules.not_in_mem_avg,1.3786876574158669,0.3853841387297656
463,CWS,Transponder,T1620,Reflective Code Loading,MEDIUM_CANDIDATE,1,ldrmodules.not_in_mem_avg,0.0720912367105484,0.061999105077737364
464,CWS,Scar,T1620,Reflective Code Loading,MEDIUM_CANDIDATE,2,ldrmodules.not_in_mem; ldrmodules.not_in_load,0.46733151376247406,0.24220764426639832
465,CWS,CWS,T1014,Rootkit,MEDIUM_CANDIDATE,1,psxview.not_in_deskthrd,0.08487771451473236,0.02403044321529723
465,CWS,CWS,T1620,Reflective Code Loading,MEDIUM_CANDIDATE,1,ldrmodules.not_in_load_avg,0.06755570322275162,0.019126262994299047
466,CWS,Transponder,T1055,Process Injection,HIGH_CANDIDATE,2,malfind.uniqueInjections; malfind.ninjections,0.5038448572158813,0.18999321982500367
466,CWS,Transponder,T1620,Reflective Code Loading,MEDIUM_CANDIDATE,2,ldrmodules.not_in_init_avg; ldrmodules.not_in_mem_avg,0.18073037266731262,0.06815102889602985
467,CWS,CWS,T1620,Reflective Code Loading,MEDIUM_CANDIDATE,1,ldrmodules.not_in_load_avg,0.14379075169563293,0.07024007110748517
468,CWS,CWS,T1620,Reflective Code Loading,MEDIUM_CANDIDATE,2,ldrmodules.not_in_init_avg; ldrmodules.not_in_mem_avg,0.18262983858585358,0.08978847861432208
469,CWS,Transponder,T1014,Rootkit,MEDIUM_CANDIDATE,4,psxview.not_in_deskthrd_false_avg; psxview.not_in_pslist_false_avg; psxview.not_in_ethread_pool_false_avg; psxview.not_in_pslist,0.5516476333141327,0.20304838651123147
469,CWS,Transponder,T1055,Process Injection,HIGH_CANDIDATE,2,malfind.ninjections; malfind.uniqueInjections,0.3431410491466522,0.12630206705758368
469,CWS,Transponder,T1620,Reflective Code Loading,MEDIUM_CANDIDATE,3,ldrmodules.not_in_load; ldrmodules.not_in_init_avg; ldrmodules.not_in_mem_avg,0.4464401751756668,0.16432402093093207
470,CWS,CWS,T1014,Rootkit,MEDIUM_CANDIDATE,1,psxview.not_in_deskthrd,0.11106129735708237,0.026793323098193243
470,CWS,CWS,T1620,Reflective Code Loading,MEDIUM_CANDIDATE,1,ldrmodules.not_in_load,0.106829933822155,0.025772514832531537
471,CWS,CWS,T1620,Reflective Code Loading,MEDIUM_CANDIDATE,3,ldrmodules.not_in_load_avg; ldrmodules.not_in_mem_avg; ldrmodules.not_in_init_avg,0.3006562069058418,0.2246684245952022
472,CWS,Transponder,T1014,Rootkit,MEDIUM_CANDIDATE,4,psxview.not_in_deskthrd_false_avg; psxview.not_in_pslist_false_avg; psxview.not_in_session_false_avg; psxview.not_in_pslist,0.49003925919532776,0.19239473899434414
472,CWS,Transponder,T1055,Process Injection,HIGH_CANDIDATE,2,malfind.uniqueInjections; malfind.ninjections,0.5069757401943207,0.19904418550325148
472,CWS,Transponder,T1620,Reflective Code Loading,MEDIUM_CANDIDATE,1,ldrmodules.not_in_init,0.14752183854579926,0.05791867710679013
473,CWS,CWS,T1055,Process Injection,HIGH_CANDIDATE,1,malfind.ninjections,0.3157130777835846,0.12318531195138196
473,CWS,CWS,T1620,Reflective Code Loading,MEDIUM_CANDIDATE,1,ldrmodules.not_in_mem_avg,0.06662549823522568,0.02599601778184324
474,CWS,180solutions,T1014,Rootkit,MEDIUM_CANDIDATE,1,psxview.not_in_pslist_false_avg,0.05449477583169937,0.031326880548410034
474,CWS,180solutions,T1620,Reflective Code Loading,MEDIUM_CANDIDATE,3,ldrmodules.not_in_load_avg; ldrmodules.not_in_load; ldrmodules.not_in_mem_avg,0.21278612688183784,0.12232228644766009
475,CWS,Transponder,T1620,Reflective Code Loading,MEDIUM_CANDIDATE,3,ldrmodules.not_in_load; ldrmodules.not_in_init_avg; ldrmodules.not_in_mem,0.7397831752896309,0.288014892976874
476,CWS,Transponder,T1014,Rootkit,MEDIUM_CANDIDATE,4,psxview.not_in_deskthrd_false_avg; psxview.not_in_pslist_false_avg; psxview.not_in_ethread_pool_false_avg; psxview.not_in_pslist,0.6845186501741409,0.23232302254341192
476,CWS,Transponder,T1055,Process Injection,HIGH_CANDIDATE,2,malfind.ninjections; malfind.uniqueInjections,0.38496074080467224,0.13065420911693226
476,CWS,Transponder,T1620,Reflective Code Loading,MEDIUM_CANDIDATE,2,ldrmodules.not_in_init_avg; ldrmodules.not_in_load_avg,0.2023077756166458,0.06866248845570033
477,CWS,CWS,T1014,Rootkit,MEDIUM_CANDIDATE,1,psxview.not_in_csrss_handles_false_avg,0.05630888044834137,0.025331840439648652
477,CWS,CWS,T1055,Process Injection,HIGH_CANDIDATE,1,malfind.ninjections,0.2670234143733978,0.12012660299227
477,CWS,CWS,T1620,Reflective Code Loading,MEDIUM_CANDIDATE,1,ldrmodules.not_in_mem_avg,0.08688118308782578,0.039085491483138377
478,CWS,CWS,T1014,Rootkit,MEDIUM_CANDIDATE,1,psxview.not_in_csrss_handles_false_avg,0.08555694669485092,0.03671983412231444
478,CWS,CWS,T1055,Process Injection,HIGH_CANDIDATE,1,malfind.ninjections,0.27030467987060547,0.11601095399926525
478,CWS,CWS,T1620,Reflective Code Loading,MEDIUM_CANDIDATE,1,ldrmodules.not_in_mem_avg,0.07392778247594833,0.03172876095297521
479,CWS,Transponder,T1055,Process Injection,HIGH_CANDIDATE,2,malfind.uniqueInjections; malfind.ninjections,0.4846446365118027,0.19220852886238665
479,CWS,Transponder,T1620,Reflective Code Loading,MEDIUM_CANDIDATE,2,ldrmodules.not_in_load; ldrmodules.not_in_mem,0.33822738006711006,0.13413990839057874
480,CWS,Transponder,T1014,Rootkit,MEDIUM_CANDIDATE,3,psxview.not_in_deskthrd_false_avg; psxview.not_in_pslist_false_avg; psxview.not_in_session_false_avg,0.49261699616909027,0.19307870018382853
480,CWS,Transponder,T1055,Process Injection,HIGH_CANDIDATE,2,malfind.ninjections; malfind.uniqueInjections,0.4092097580432892,0.16038766181428554
480,CWS,Transponder,T1620,Reflective Code Loading,MEDIUM_CANDIDATE,2,ldrmodules.not_in_init_avg; ldrmodules.not_in_mem_avg,0.14570055902004242,0.057106585380563714
481,CWS,Scar,T1014,Rootkit,MEDIUM_CANDIDATE,1,psxview.not_in_pslist_false_avg,0.04440689831972122,0.02188134985457588
481,CWS,Scar,T1620,Reflective Code Loading,MEDIUM_CANDIDATE,5,ldrmodules.not_in_load_avg; ldrmodules.not_in_mem_avg; ldrmodules.not_in_load; ldrmodules.not_in_mem; ldrmodules.not_in_init_avg,0.797169640660286,0.3928026604143101
482,CWS,CWS,T1620,Reflective Code Loading,MEDIUM_CANDIDATE,4,ldrmodules.not_in_load; ldrmodules.not_in_init_avg; ldrmodules.not_in_mem; ldrmodules.not_in_mem_avg,0.7266223728656769,0.2964252788672118
483,CWS,180solutions,T1014,Rootkit,MEDIUM_CANDIDATE,1,psxview.not_in_pslist_false_avg,0.058178361505270004,0.036268389400193723
483,CWS,180solutions,T1055,Process Injection,HIGH_CANDIDATE,1,malfind.uniqueInjections,0.04401860386133194,0.027441196767823077
483,CWS,180solutions,T1620,Reflective Code Loading,MEDIUM_CANDIDATE,2,ldrmodules.not_in_load_avg; ldrmodules.not_in_load,0.3126019611954689,0.19487605636460759
484,CWS,Transponder,T1620,Reflective Code Loading,MEDIUM_CANDIDATE,2,ldrmodules.not_in_init_avg; ldrmodules.not_in_mem_avg,0.2223939672112465,0.12176305593204742
485,CWS,CWS,T1014,Rootkit,MEDIUM_CANDIDATE,1,psxview.not_in_deskthrd,0.08379773795604706,0.05612111013189956
485,CWS,CWS,T1620,Reflective Code Loading,MEDIUM_CANDIDATE,4,ldrmodules.not_in_init_avg; ldrmodules.not_in_mem_avg; ldrmodules.not_in_load; ldrmodules.not_in_load_avg,0.4400285556912422,0.29469639202053016
486,CWS,CWS,T1620,Reflective Code Loading,MEDIUM_CANDIDATE,3,ldrmodules.not_in_load; ldrmodules.not_in_init_avg; ldrmodules.not_in_mem,0.5172797292470932,0.20998932530749603
487,CWS,Conti,T1014,Rootkit,MEDIUM_CANDIDATE,2,psxview.not_in_csrss_handles_false_avg; psxview.not_in_deskthrd_false_avg,0.34057101607322693,0.18084880237944329
487,CWS,Conti,T1055,Process Injection,HIGH_CANDIDATE,1,malfind.uniqueInjections,0.5810770988464355,0.3085614819139637
487,CWS,Conti,T1620,Reflective Code Loading,MEDIUM_CANDIDATE,3,ldrmodules.not_in_load_avg; ldrmodules.not_in_mem_avg; ldrmodules.not_in_mem,0.33286935836076736,0.17675909565779074
488,CWS,CWS,T1014,Rootkit,MEDIUM_CANDIDATE,1,psxview.not_in_deskthrd_false_avg,0.05455302447080612,0.02178300115379369
488,CWS,CWS,T1055,Process Injection,HIGH_CANDIDATE,1,malfind.ninjections,0.3000699579715729,0.11981781586118186
488,CWS,CWS,T1620,Reflective Code Loading,MEDIUM_CANDIDATE,3,ldrmodules.not_in_load; ldrmodules.not_in_mem_avg; ldrmodules.not_in_load_avg,0.3713167794048786,0.1482666435575521
489,CWS,Conti,T1014,Rootkit,MEDIUM_CANDIDATE,1,psxview.not_in_deskthrd_false_avg,0.08334087580442429,0.05521132008115314
489,CWS,Conti,T1055,Process Injection,HIGH_CANDIDATE,1,malfind.uniqueInjections,0.42697831988334656,0.28286283842413107
490,CWS,CWS,T1620,Reflective Code Loading,MEDIUM_CANDIDATE,1,ldrmodules.not_in_init,0.05135075002908707,0.022917723387210813
491,CWS,CWS,T1055,Process Injection,HIGH_CANDIDATE,1,malfind.ninjections,0.5006613731384277,0.12913118476579583
491,CWS,CWS,T1620,Reflective Code Loading,MEDIUM_CANDIDATE,4,ldrmodules.not_in_load; ldrmodules.not_in_mem; ldrmodules.not_in_init_avg; ldrmodules.not_in_init,0.7691924870014191,0.19839105329178136
492,CWS,Ako,T1014,Rootkit,MEDIUM_CANDIDATE,1,psxview.not_in_csrss_handles_false_avg,0.10074419528245926,0.0334465477315319
492,CWS,Ako,T1055,Process Injection,HIGH_CANDIDATE,2,malfind.uniqueInjections; malfind.ninjections,1.300188586115837,0.43165583370427574
492,CWS,Ako,T1620,Reflective Code Loading,MEDIUM_CANDIDATE,1,ldrmodules.not_in_mem,0.11227697879076004,0.037275371744730064
493,CWS,Transponder,T1055,Process Injection,HIGH_CANDIDATE,2,malfind.uniqueInjections; malfind.ninjections,0.4611114263534546,0.21576458959588515
493,CWS,Transponder,T1620,Reflective Code Loading,MEDIUM_CANDIDATE,3,ldrmodules.not_in_mem_avg; ldrmodules.not_in_load_avg; ldrmodules.not_in_init_avg,0.17080581933259964,0.07992395200512291
494,CWS,Transponder,T1014,Rootkit,MEDIUM_CANDIDATE,4,psxview.not_in_deskthrd_false_avg; psxview.not_in_pslist_false_avg; psxview.not_in_ethread_pool_false_avg; psxview.not_in_session_false_avg,0.6954238563776016,0.2394724172155635
494,CWS,Transponder,T1055,Process Injection,HIGH_CANDIDATE,2,malfind.uniqueInjections; malfind.ninjections,0.3833475410938263,0.13200749651811614
495,CWS,Transponder,T1014,Rootkit,MEDIUM_CANDIDATE,3,psxview.not_in_deskthrd_false_avg; psxview.not_in_pslist_false_avg; psxview.not_in_session_false_avg,0.5689722672104836,0.20621061245667105
496,CWS,Transponder,T1014,Rootkit,MEDIUM_CANDIDATE,4,psxview.not_in_deskthrd_false_avg; psxview.not_in_pslist_false_avg; psxview.not_in_ethread_pool_false_avg; psxview.not_in_pslist,0.6163135766983032,0.2449652330739274
496,CWS,Transponder,T1055,Process Injection,HIGH_CANDIDATE,2,malfind.ninjections; malfind.uniqueInjections,0.3446391671895981,0.13698321294377638
496,CWS,Transponder,T1620,Reflective Code Loading,MEDIUM_CANDIDATE,1,ldrmodules.not_in_init_avg,0.08118478208780289,0.032268393587457686
497,CWS,CWS,T1014,Rootkit,MEDIUM_CANDIDATE,1,psxview.not_in_pslist_false_avg,0.06985276192426682,0.03726714602355272
497,CWS,CWS,T1620,Reflective Code Loading,MEDIUM_CANDIDATE,3,ldrmodules.not_in_init_avg; ldrmodules.not_in_mem_avg; ldrmodules.not_in_load_avg,0.2770143896341324,0.1477899430850443
498,CWS,Transponder,T1620,Reflective Code Loading,MEDIUM_CANDIDATE,3,ldrmodules.not_in_load; ldrmodules.not_in_init_avg; ldrmodules.not_in_mem,0.744915995746851,0.31700936201592156
499,CWS,Shade,T1014,Rootkit,MEDIUM_CANDIDATE,1,psxview.not_in_session_false_avg,0.059053122997283936,0.031053827887191375
499,CWS,Shade,T1055,Process Injection,HIGH_CANDIDATE,2,malfind.uniqueInjections; malfind.ninjections,0.1442868746817112,0.07587506884187466
499,CWS,Shade,T1620,Reflective Code Loading,MEDIUM_CANDIDATE,1,ldrmodules.not_in_load_avg,0.06398625671863556,0.033647978336006745
500,Conti,Conti,T1014,Rootkit,MEDIUM_CANDIDATE,2,psxview.not_in_deskthrd_false_avg; psxview.not_in_csrss_handles_false_avg,0.2604570612311363,0.10262135459023813
500,Conti,Conti,T1055,Process Injection,HIGH_CANDIDATE,1,malfind.uniqueInjections,0.49697571992874146,0.19581086163099742
500,Conti,Conti,T1620,Reflective Code Loading,MEDIUM_CANDIDATE,1,ldrmodules.not_in_mem_avg,0.055721692740917206,0.021954619168721455
501,Conti,Gator,T1014,Rootkit,MEDIUM_CANDIDATE,2,psxview.not_in_session_false_avg; psxview.not_in_pslist_false_avg,0.17665190249681473,0.09173008289447716
501,Conti,Gator,T1620,Reflective Code Loading,MEDIUM_CANDIDATE,2,ldrmodules.not_in_init_avg; ldrmodules.not_in_mem,0.3010486662387848,0.15632562524965424
502,Conti,Gator,T1620,Reflective Code Loading,MEDIUM_CANDIDATE,4,ldrmodules.not_in_load_avg; ldrmodules.not_in_init_avg; ldrmodules.not_in_mem_avg; ldrmodules.not_in_load,0.9673713743686676,0.46864976413962117
503,Conti,Refroso,T1620,Reflective Code Loading,MEDIUM_CANDIDATE,3,ldrmodules.not_in_load_avg; ldrmodules.not_in_init_avg; ldrmodules.not_in_mem_avg,1.6822514533996582,0.5048061729521578
504,Conti,CWS,T1014,Rootkit,MEDIUM_CANDIDATE,1,psxview.not_in_ethread_pool_false_avg,0.04149007424712181,0.02121962680611159
504,Conti,CWS,T1620,Reflective Code Loading,MEDIUM_CANDIDATE,2,ldrmodules.not_in_init_avg; ldrmodules.not_in_load_avg,0.20543190091848373,0.10506581033324415
505,Conti,Pysa,T1014,Rootkit,MEDIUM_CANDIDATE,1,psxview.not_in_pslist_false_avg,0.03798679634928703,0.02670054243640312
505,Conti,Pysa,T1620,Reflective Code Loading,MEDIUM_CANDIDATE,4,ldrmodules.not_in_init_avg; ldrmodules.not_in_mem; ldrmodules.not_in_load_avg; ldrmodules.not_in_load,0.4784000441431999,0.3362626467041457
506,Conti,Conti,T1014,Rootkit,MEDIUM_CANDIDATE,2,psxview.not_in_csrss_handles_false_avg; psxview.not_in_deskthrd_false_avg,0.17157264798879623,0.07849843250297725
506,Conti,Conti,T1055,Process Injection,HIGH_CANDIDATE,1,malfind.uniqueInjections,0.5159929394721985,0.23607863727682377
506,Conti,Conti,T1620,Reflective Code Loading,MEDIUM_CANDIDATE,2,ldrmodules.not_in_init; ldrmodules.not_in_mem,0.12733978405594826,0.058260879929487905
507,Conti,Conti,T1055,Process Injection,HIGH_CANDIDATE,1,malfind.uniqueInjections,0.8155285716056824,0.1867401779567743
507,Conti,Conti,T1620,Reflective Code Loading,MEDIUM_CANDIDATE,5,ldrmodules.not_in_init_avg; ldrmodules.not_in_load_avg; ldrmodules.not_in_mem_avg; ldrmodules.not_in_mem; ldrmodules.not_in_init,1.7249427363276482,0.3949783303273612
508,Conti,CWS,T1620,Reflective Code Loading,MEDIUM_CANDIDATE,1,ldrmodules.not_in_load_avg,0.19925910234451294,0.07790100122117151
509,Conti,Conti,T1014,Rootkit,MEDIUM_CANDIDATE,2,psxview.not_in_csrss_handles_false_avg; psxview.not_in_deskthrd_false_avg,0.1763046756386757,0.07502965785843861
509,Conti,Conti,T1055,Process Injection,HIGH_CANDIDATE,1,malfind.uniqueInjections,0.5328400135040283,0.22675974849598923
509,Conti,Conti,T1620,Reflective Code Loading,MEDIUM_CANDIDATE,3,ldrmodules.not_in_init_avg; ldrmodules.not_in_load_avg; ldrmodules.not_in_mem,0.2523585334420204,0.10739575880912444
510,Conti,TIBS,T1620,Reflective Code Loading,MEDIUM_CANDIDATE,1,ldrmodules.not_in_load,0.4884377121925354,0.1872275334171174
511,Conti,Conti,T1014,Rootkit,MEDIUM_CANDIDATE,1,psxview.not_in_deskthrd,0.06633502244949341,0.027043260613156594
511,Conti,Conti,T1055,Process Injection,HIGH_CANDIDATE,1,malfind.uniqueInjections,0.21760854125022888,0.08871398961475317
511,Conti,Conti,T1620,Reflective Code Loading,MEDIUM_CANDIDATE,3,ldrmodules.not_in_init_avg; ldrmodules.not_in_init; ldrmodules.not_in_load,0.3757132217288017,0.1531696258753323
512,Conti,Conti,T1014,Rootkit,MEDIUM_CANDIDATE,3,psxview.not_in_csrss_handles_false_avg; psxview.not_in_deskthrd_false_avg; psxview.not_in_session_false_avg,0.5248896032571793,0.1997230805974761
512,Conti,Conti,T1055,Process Injection,HIGH_CANDIDATE,1,malfind.uniqueInjections,0.5566567182540894,0.21181062439622134
512,Conti,Conti,T1620,Reflective Code Loading,MEDIUM_CANDIDATE,1,ldrmodules.not_in_mem_avg,0.10466379672288895,0.03982509041673896
513,Conti,Emotet,T1014,Rootkit,MEDIUM_CANDIDATE,2,psxview.not_in_pspcid_list_false_avg; psxview.not_in_deskthrd_false_avg,0.14340828359127045,0.10651938090754524
513,Conti,Emotet,T1620,Reflective Code Loading,MEDIUM_CANDIDATE,2,ldrmodules.not_in_load; ldrmodules.not_in_load_avg,0.11010724306106567,0.08178436468655471
514,Conti,Conti,T1014,Rootkit,MEDIUM_CANDIDATE,2,psxview.not_in_deskthrd_false_avg; psxview.not_in_ethread_pool_false_avg,0.20054366439580917,0.07788227403440023
514,Conti,Conti,T1055,Process Injection,HIGH_CANDIDATE,1,malfind.uniqueInjections,0.5321000218391418,0.2066440734462435
514,Conti,Conti,T1620,Reflective Code Loading,MEDIUM_CANDIDATE,2,ldrmodules.not_in_mem_avg; ldrmodules.not_in_mem,0.14555778354406357,0.05652819409664468
515,Conti,Conti,T1014,Rootkit,MEDIUM_CANDIDATE,3,psxview.not_in_csrss_handles_false_avg; psxview.not_in_deskthrd_false_avg; psxview.not_in_deskthrd,0.4023604393005371,0.13062259127585438
515,Conti,Conti,T1055,Process Injection,HIGH_CANDIDATE,2,malfind.uniqueInjections; malfind.ninjections,0.9537026584148407,0.30961073798750877
515,Conti,Conti,T1620,Reflective Code Loading,MEDIUM_CANDIDATE,1,ldrmodules.not_in_init,0.10560227185487747,0.03428279981570968
516,Conti,Reconyc,T1055,Process Injection,HIGH_CANDIDATE,2,malfind.ninjections; malfind.uniqueInjections,0.334396556019783,0.12439712623833453
516,Conti,Reconyc,T1620,Reflective Code Loading,MEDIUM_CANDIDATE,4,ldrmodules.not_in_load_avg; ldrmodules.not_in_load; ldrmodules.not_in_init_avg; ldrmodules.not_in_mem_avg,1.1027444079518318,0.4102262205011644
517,Conti,Conti,T1014,Rootkit,MEDIUM_CANDIDATE,2,psxview.not_in_csrss_handles_false_avg; psxview.not_in_deskthrd_false_avg,0.36602766811847687,0.13123074516706806
517,Conti,Conti,T1055,Process Injection,HIGH_CANDIDATE,1,malfind.uniqueInjections,0.6493363380432129,0.2328045088599261
517,Conti,Conti,T1620,Reflective Code Loading,MEDIUM_CANDIDATE,3,ldrmodules.not_in_init_avg; ldrmodules.not_in_load_avg; ldrmodules.not_in_init,0.3237891346216202,0.11608709699956808
518,Conti,Conti,T1014,Rootkit,MEDIUM_CANDIDATE,1,psxview.not_in_deskthrd_false_avg,0.0950542613863945,0.0676055034752726
518,Conti,Conti,T1055,Process Injection,HIGH_CANDIDATE,1,malfind.uniqueInjections,0.4346386790275574,0.3091283472924999
518,Conti,Conti,T1620,Reflective Code Loading,MEDIUM_CANDIDATE,1,ldrmodules.not_in_mem,0.05112772807478905,0.0363636069296488
519,Conti,Shade,T1055,Process Injection,HIGH_CANDIDATE,1,malfind.uniqueInjections,0.037913016974925995,0.02261055420007312
519,Conti,Shade,T1620,Reflective Code Loading,MEDIUM_CANDIDATE,2,ldrmodules.not_in_init; ldrmodules.not_in_init_avg,0.3120991438627243,0.18612959798930168
520,Conti,Conti,T1055,Process Injection,HIGH_CANDIDATE,1,malfind.uniqueInjections,0.7316086888313293,0.15641408582150587
520,Conti,Conti,T1620,Reflective Code Loading,MEDIUM_CANDIDATE,6,ldrmodules.not_in_init_avg; ldrmodules.not_in_load_avg; ldrmodules.not_in_mem_avg; ldrmodules.not_in_mem; ldrmodules.not_in_init; ldrmodules.not_in_load,1.4183127358555794,0.30322779564335517
521,Conti,Pysa,T1014,Rootkit,MEDIUM_CANDIDATE,1,psxview.not_in_pslist_false_avg,0.14770503342151642,0.06346862391701079
521,Conti,Pysa,T1620,Reflective Code Loading,MEDIUM_CANDIDATE,3,ldrmodules.not_in_mem; ldrmodules.not_in_init; ldrmodules.not_in_load,0.5058380365371704,0.21735782024622644
522,Conti,180solutions,T1014,Rootkit,MEDIUM_CANDIDATE,1,psxview.not_in_deskthrd_false_avg,0.13687756657600403,0.046367898637188217
522,Conti,180solutions,T1620,Reflective Code Loading,MEDIUM_CANDIDATE,3,ldrmodules.not_in_load_avg; ldrmodules.not_in_init_avg; ldrmodules.not_in_load,0.302978053689003,0.1026351946061488
523,Conti,Conti,T1620,Reflective Code Loading,MEDIUM_CANDIDATE,1,ldrmodules.not_in_load_avg,0.32559967041015625,0.13191006040319694
524,Conti,Zeus,T1620,Reflective Code Loading,MEDIUM_CANDIDATE,4,ldrmodules.not_in_init_avg; ldrmodules.not_in_load; ldrmodules.not_in_load_avg; ldrmodules.not_in_mem_avg,0.45471546053886414,0.25050071564786164
525,Conti,Conti,T1055,Process Injection,HIGH_CANDIDATE,1,malfind.uniqueInjections,0.3778368830680847,0.229213210583005
525,Conti,Conti,T1620,Reflective Code Loading,MEDIUM_CANDIDATE,2,ldrmodules.not_in_mem_avg; ldrmodules.not_in_load_avg,0.1638798601925373,0.09941705161128139
526,Conti,Shade,T1014,Rootkit,MEDIUM_CANDIDATE,1,psxview.not_in_session_false_avg,0.05899487063288689,0.027929818284766976
526,Conti,Shade,T1055,Process Injection,HIGH_CANDIDATE,1,malfind.uniqueInjections,0.09290898591279984,0.043985706989921276
526,Conti,Shade,T1620,Reflective Code Loading,MEDIUM_CANDIDATE,1,ldrmodules.not_in_load_avg,0.07420554012060165,0.03513097374496218
527,Conti,CWS,T1620,Reflective Code Loading,MEDIUM_CANDIDATE,3,ldrmodules.not_in_mem_avg; ldrmodules.not_in_init_avg; ldrmodules.not_in_load_avg,0.25466956198215485,0.17671865083868057
528,Conti,Conti,T1055,Process Injection,HIGH_CANDIDATE,1,malfind.uniqueInjections,0.7999826073646545,0.19187973076107598
528,Conti,Conti,T1620,Reflective Code Loading,MEDIUM_CANDIDATE,5,ldrmodules.not_in_init_avg; ldrmodules.not_in_load_avg; ldrmodules.not_in_mem_avg; ldrmodules.not_in_mem; ldrmodules.not_in_init,1.1082839630544186,0.2658273148440651
529,Conti,Scar,T1620,Reflective Code Loading,MEDIUM_CANDIDATE,3,ldrmodules.not_in_mem_avg; ldrmodules.not_in_init_avg; ldrmodules.not_in_load_avg,0.3960498049855232,0.1823229401320152
530,Conti,Shade,T1014,Rootkit,MEDIUM_CANDIDATE,1,psxview.not_in_session_false_avg,0.2222660481929779,0.0658448742452658
530,Conti,Shade,T1055,Process Injection,HIGH_CANDIDATE,1,malfind.uniqueInjections,0.06212695688009262,0.018404707764719187
530,Conti,Shade,T1620,Reflective Code Loading,MEDIUM_CANDIDATE,3,ldrmodules.not_in_load_avg; ldrmodules.not_in_init_avg; ldrmodules.not_in_init,0.4656263180077076,0.13793877474208077
531,Conti,Conti,T1055,Process Injection,HIGH_CANDIDATE,1,malfind.uniqueInjections,0.8127123117446899,0.15369607084015863
531,Conti,Conti,T1620,Reflective Code Loading,MEDIUM_CANDIDATE,4,ldrmodules.not_in_init_avg; ldrmodules.not_in_load_avg; ldrmodules.not_in_mem_avg; ldrmodules.not_in_mem,1.8108725547790527,0.34246312309989296
532,Conti,Conti,T1014,Rootkit,MEDIUM_CANDIDATE,2,psxview.not_in_csrss_handles_false_avg; psxview.not_in_session_false_avg,0.16050289571285248,0.04427839756969917
532,Conti,Conti,T1055,Process Injection,HIGH_CANDIDATE,2,malfind.uniqueInjections; malfind.ninjections,0.6857513785362244,0.1891802140885909
532,Conti,Conti,T1620,Reflective Code Loading,MEDIUM_CANDIDATE,2,ldrmodules.not_in_mem; ldrmodules.not_in_load,0.2245175763964653,0.06193831248286903
533,Conti,Conti,T1014,Rootkit,MEDIUM_CANDIDATE,2,psxview.not_in_deskthrd_false_avg; psxview.not_in_csrss_handles_false_avg,0.14112157747149467,0.09932255040808141
533,Conti,Conti,T1055,Process Injection,HIGH_CANDIDATE,2,malfind.uniqueInjections; malfind.ninjections,0.5135625712573528,0.361449647072685
533,Conti,Conti,T1620,Reflective Code Loading,MEDIUM_CANDIDATE,1,ldrmodules.not_in_init_avg,0.054214537143707275,0.03815664616840281
534,Conti,Transponder,T1014,Rootkit,MEDIUM_CANDIDATE,3,psxview.not_in_session_false_avg; psxview.not_in_deskthrd_false_avg; psxview.not_in_pslist_false_avg,0.39564257115125656,0.16759009636325753
534,Conti,Transponder,T1620,Reflective Code Loading,MEDIUM_CANDIDATE,1,ldrmodules.not_in_init_avg,0.08472573012113571,0.035888941966308395
536,Conti,TIBS,T1620,Reflective Code Loading,MEDIUM_CANDIDATE,3,ldrmodules.not_in_mem_avg; ldrmodules.not_in_init_avg; ldrmodules.not_in_load,0.5642267540097237,0.3056396753682285
537,Conti,Shade,T1014,Rootkit,MEDIUM_CANDIDATE,1,psxview.not_in_session_false_avg,0.05114158242940903,0.02349317077964558
537,Conti,Shade,T1055,Process Injection,HIGH_CANDIDATE,1,malfind.uniqueInjections,0.09601172804832458,0.044105399495637826
537,Conti,Shade,T1620,Reflective Code Loading,MEDIUM_CANDIDATE,3,ldrmodules.not_in_init_avg; ldrmodules.not_in_load_avg; ldrmodules.not_in_init,0.304347462952137,0.13980965358973219
538,Conti,Scar,T1014,Rootkit,MEDIUM_CANDIDATE,2,psxview.not_in_session_false_avg; psxview.not_in_pslist_false_avg,0.1174425333738327,0.06984716832312493
538,Conti,Scar,T1620,Reflective Code Loading,MEDIUM_CANDIDATE,5,ldrmodules.not_in_mem; ldrmodules.not_in_init_avg; ldrmodules.not_in_load; ldrmodules.not_in_mem_avg; ldrmodules.not_in_load_avg,0.5153437480330467,0.30649289042971534
539,Conti,Emotet,T1620,Reflective Code Loading,MEDIUM_CANDIDATE,1,ldrmodules.not_in_load,0.05988449975848198,0.04348997416590852
540,Conti,Conti,T1014,Rootkit,MEDIUM_CANDIDATE,2,psxview.not_in_csrss_handles_false_avg; psxview.not_in_deskthrd_false_avg,0.3362603038549423,0.1637664397089957
540,Conti,Conti,T1055,Process Injection,HIGH_CANDIDATE,1,malfind.uniqueInjections,0.6051003336906433,0.2946976677865315
540,Conti,Conti,T1620,Reflective Code Loading,MEDIUM_CANDIDATE,2,ldrmodules.not_in_mem; ldrmodules.not_in_load_avg,0.1593385636806488,0.07760151579944341
541,Conti,Shade,T1055,Process Injection,HIGH_CANDIDATE,2,malfind.ninjections; malfind.uniqueInjections,0.10797413438558578,0.04112015440021701
541,Conti,Shade,T1620,Reflective Code Loading,MEDIUM_CANDIDATE,1,ldrmodules.not_in_init,0.048112597316503525,0.018322882989596827
542,Conti,Ako,T1014,Rootkit,MEDIUM_CANDIDATE,1,psxview.not_in_deskthrd_false_avg,0.18344947695732117,0.06549380970118909
542,Conti,Ako,T1620,Reflective Code Loading,MEDIUM_CANDIDATE,2,ldrmodules.not_in_init_avg; ldrmodules.not_in_load_avg,0.5123069137334824,0.18290012091160202
543,Conti,Conti,T1014,Rootkit,MEDIUM_CANDIDATE,2,psxview.not_in_csrss_handles_false_avg; psxview.not_in_deskthrd_false_avg,0.43472230434417725,0.11332054060825818
543,Conti,Conti,T1055,Process Injection,HIGH_CANDIDATE,1,malfind.uniqueInjections,0.7062318325042725,0.18409585212076762
543,Conti,Conti,T1620,Reflective Code Loading,MEDIUM_CANDIDATE,2,ldrmodules.not_in_mem; ldrmodules.not_in_load_avg,0.18610206991434097,0.04851185908858336
544,Conti,Scar,T1055,Process Injection,HIGH_CANDIDATE,1,malfind.ninjections,0.04475795477628708,0.012204221587586345
544,Conti,Scar,T1620,Reflective Code Loading,MEDIUM_CANDIDATE,3,ldrmodules.not_in_mem; ldrmodules.not_in_load; ldrmodules.not_in_load_avg,0.7109765633940697,0.1938630924181307
545,Conti,Conti,T1014,Rootkit,MEDIUM_CANDIDATE,3,psxview.not_in_csrss_handles_false_avg; psxview.not_in_deskthrd_false_avg; psxview.not_in_ethread_pool_false_avg,0.4342558681964874,0.16361795809230234
545,Conti,Conti,T1055,Process Injection,HIGH_CANDIDATE,1,malfind.uniqueInjections,0.6255050301551819,0.23567639105373564
545,Conti,Conti,T1620,Reflective Code Loading,MEDIUM_CANDIDATE,3,ldrmodules.not_in_mem_avg; ldrmodules.not_in_mem; ldrmodules.not_in_load_avg,0.24684932082891464,0.09300733689158548
546,Conti,Reconyc,T1055,Process Injection,HIGH_CANDIDATE,2,malfind.uniqueInjections; malfind.ninjections,0.31963176280260086,0.17163098645531122
546,Conti,Reconyc,T1620,Reflective Code Loading,MEDIUM_CANDIDATE,4,ldrmodules.not_in_load_avg; ldrmodules.not_in_mem_avg; ldrmodules.not_in_load; ldrmodules.not_in_init_avg,0.6378464996814728,0.34250107995370893
547,Conti,Shade,T1014,Rootkit,MEDIUM_CANDIDATE,1,psxview.not_in_session_false_avg,0.11472039669752121,0.0463533382929388
547,Conti,Shade,T1055,Process Injection,HIGH_CANDIDATE,1,malfind.ninjections,0.10024497658014297,0.04050447388042807
548,Conti,Maze,T1014,Rootkit,MEDIUM_CANDIDATE,1,psxview.not_in_csrss_handles_false_avg,0.0762186199426651,0.03543967538571158
548,Conti,Maze,T1620,Reflective Code Loading,MEDIUM_CANDIDATE,5,ldrmodules.not_in_mem_avg; ldrmodules.not_in_mem; ldrmodules.not_in_load_avg; ldrmodules.not_in_load; ldrmodules.not_in_init_avg,1.4958358779549599,0.6955247678966439
549,Conti,Conti,T1014,Rootkit,MEDIUM_CANDIDATE,1,psxview.not_in_deskthrd_false_avg,0.11063428223133087,0.04867058214077054
549,Conti,Conti,T1055,Process Injection,HIGH_CANDIDATE,1,malfind.uniqueInjections,0.4021131992340088,0.17689890600351774
549,Conti,Conti,T1620,Reflective Code Loading,MEDIUM_CANDIDATE,2,ldrmodules.not_in_load_avg; ldrmodules.not_in_mem_avg,0.3153143525123596,0.13871408377764702
550,Conti,Conti,T1014,Rootkit,MEDIUM_CANDIDATE,2,psxview.not_in_deskthrd_false_avg; psxview.not_in_session_false_avg,0.1586129553616047,0.04033809535339474
550,Conti,Conti,T1055,Process Injection,HIGH_CANDIDATE,1,malfind.uniqueInjections,0.6934574246406555,0.17635855567347716
550,Conti,Conti,T1620,Reflective Code Loading,MEDIUM_CANDIDATE,4,ldrmodules.not_in_init_avg; ldrmodules.not_in_load_avg; ldrmodules.not_in_mem_avg; ldrmodules.not_in_mem,1.4162541925907135,0.36017862812736195
551,Conti,Maze,T1620,Reflective Code Loading,MEDIUM_CANDIDATE,2,ldrmodules.not_in_mem; ldrmodules.not_in_load_avg,0.48451489210128784,0.2825975095650152
552,Conti,Pysa,T1014,Rootkit,MEDIUM_CANDIDATE,2,psxview.not_in_pslist_false_avg; psxview.not_in_ethread_pool_false_avg,0.17787227407097816,0.08595817896770022
552,Conti,Pysa,T1620,Reflective Code Loading,MEDIUM_CANDIDATE,3,ldrmodules.not_in_mem; ldrmodules.not_in_init; ldrmodules.not_in_load,0.48834896087646484,0.23599848597516024
553,Conti,Maze,T1014,Rootkit,MEDIUM_CANDIDATE,1,psxview.not_in_csrss_handles_false_avg,0.06590710580348969,0.03558376489836506
553,Conti,Maze,T1620,Reflective Code Loading,MEDIUM_CANDIDATE,3,ldrmodules.not_in_mem; ldrmodules.not_in_load; ldrmodules.not_in_load_avg,0.7507381290197372,0.40532942173076447
554,Conti,Zeus,T1014,Rootkit,MEDIUM_CANDIDATE,1,psxview.not_in_session_false_avg,0.05668538063764572,0.01958621710842433
554,Conti,Zeus,T1620,Reflective Code Loading,MEDIUM_CANDIDATE,2,ldrmodules.not_in_init_avg; ldrmodules.not_in_load,0.3023914396762848,0.10448380733453777
555,Conti,Conti,T1014,Rootkit,MEDIUM_CANDIDATE,3,psxview.not_in_csrss_handles_false_avg; psxview.not_in_deskthrd_false_avg; psxview.not_in_session_false_avg,0.4535408653318882,0.20475513515587784
555,Conti,Conti,T1055,Process Injection,HIGH_CANDIDATE,1,malfind.uniqueInjections,0.6149771809577942,0.27763702332015755
555,Conti,Conti,T1620,Reflective Code Loading,MEDIUM_CANDIDATE,3,ldrmodules.not_in_load_avg; ldrmodules.not_in_mem_avg; ldrmodules.not_in_mem,0.36169814318418503,0.16329190565686558
556,Conti,Transponder,T1620,Reflective Code Loading,MEDIUM_CANDIDATE,3,ldrmodules.not_in_load_avg; ldrmodules.not_in_init_avg; ldrmodules.not_in_mem_avg,0.5389951169490814,0.32115368873663225
557,Conti,Zeus,T1620,Reflective Code Loading,MEDIUM_CANDIDATE,3,ldrmodules.not_in_init; ldrmodules.not_in_load_avg; ldrmodules.not_in_load,0.30608396232128143,0.12344092109844615
558,Conti,Conti,T1014,Rootkit,MEDIUM_CANDIDATE,2,psxview.not_in_csrss_handles_false_avg; psxview.not_in_deskthrd_false_avg,0.15826697647571564,0.07541774511531646
558,Conti,Conti,T1055,Process Injection,HIGH_CANDIDATE,1,malfind.uniqueInjections,0.5156939029693604,0.24573964953221675
558,Conti,Conti,T1620,Reflective Code Loading,MEDIUM_CANDIDATE,2,ldrmodules.not_in_init; ldrmodules.not_in_mem,0.1391989029943943,0.06633138270619396
559,Conti,Conti,T1014,Rootkit,MEDIUM_CANDIDATE,2,psxview.not_in_session_false_avg; psxview.not_in_deskthrd_false_avg,0.1036338061094284,0.021858653030041992
559,Conti,Conti,T1055,Process Injection,HIGH_CANDIDATE,1,malfind.uniqueInjections,0.7847728133201599,0.16552587690991546
559,Conti,Conti,T1620,Reflective Code Loading,MEDIUM_CANDIDATE,4,ldrmodules.not_in_init_avg; ldrmodules.not_in_load_avg; ldrmodules.not_in_mem_avg; ldrmodules.not_in_mem,1.5716813802719116,0.3315022313169261
560,Conti,Conti,T1055,Process Injection,HIGH_CANDIDATE,1,malfind.uniqueInjections,0.796755850315094,0.16294566774949362
560,Conti,Conti,T1620,Reflective Code Loading,MEDIUM_CANDIDATE,5,ldrmodules.not_in_init_avg; ldrmodules.not_in_load_avg; ldrmodules.not_in_mem_avg; ldrmodules.not_in_mem; ldrmodules.not_in_load,1.8663642816245556,0.3816928034012528
561,Conti,Ako,T1014,Rootkit,MEDIUM_CANDIDATE,1,psxview.not_in_deskthrd_false_avg,0.08800037950277328,0.06066993347353209
561,Conti,Ako,T1620,Reflective Code Loading,MEDIUM_CANDIDATE,2,ldrmodules.not_in_mem; ldrmodules.not_in_init,0.1462557129561901,0.10083279669147814
562,Conti,Pysa,T1620,Reflective Code Loading,MEDIUM_CANDIDATE,5,ldrmodules.not_in_init_avg; ldrmodules.not_in_load_avg; ldrmodules.not_in_mem; ldrmodules.not_in_load; ldrmodules.not_in_mem_avg,0.5341710671782494,0.33247795174308
563,Conti,Emotet,T1014,Rootkit,MEDIUM_CANDIDATE,1,psxview.not_in_pspcid_list_false_avg,0.08772215247154236,0.04789131463720298
563,Conti,Emotet,T1620,Reflective Code Loading,MEDIUM_CANDIDATE,2,ldrmodules.not_in_load_avg; ldrmodules.not_in_load,0.10973731055855751,0.05991034099516929
564,Conti,Ako,T1620,Reflective Code Loading,MEDIUM_CANDIDATE,3,ldrmodules.not_in_mem; ldrmodules.not_in_init_avg; ldrmodules.not_in_load,0.2504066340625286,0.13657639136631097
565,Conti,Shade,T1055,Process Injection,HIGH_CANDIDATE,2,malfind.ninjections; malfind.uniqueInjections,0.09736714884638786,0.04663171246548886
566,Conti,Conti,T1055,Process Injection,HIGH_CANDIDATE,1,malfind.uniqueInjections,0.3618471920490265,0.2581525594504376
566,Conti,Conti,T1620,Reflective Code Loading,MEDIUM_CANDIDATE,2,ldrmodules.not_in_mem; ldrmodules.not_in_init,0.08574064821004868,0.061169931039190426
567,Conti,Gator,T1014,Rootkit,MEDIUM_CANDIDATE,2,psxview.not_in_session_false_avg; psxview.not_in_pslist_false_avg,0.17326875776052475,0.08442067188370203
567,Conti,Gator,T1620,Reflective Code Loading,MEDIUM_CANDIDATE,2,ldrmodules.not_in_init_avg; ldrmodules.not_in_mem,0.30202537775039673,0.14715396846589698
568,Conti,Scar,T1014,Rootkit,MEDIUM_CANDIDATE,3,psxview.not_in_session_false_avg; psxview.not_in_ethread_pool_false_avg; psxview.not_in_pslist_false_avg,0.11317525804042816,0.08093103591439438
568,Conti,Scar,T1620,Reflective Code Loading,MEDIUM_CANDIDATE,1,ldrmodules.not_in_mem,0.129568412899971,0.09265369533359327
569,Conti,Zeus,T1014,Rootkit,MEDIUM_CANDIDATE,2,psxview.not_in_ethread_pool_false_avg; psxview.not_in_csrss_handles_false_avg,0.08200254291296005,0.03022684261233586
569,Conti,Zeus,T1620,Reflective Code Loading,MEDIUM_CANDIDATE,1,ldrmodules.not_in_load,0.08414100110530853,0.031015096694673127
570,Conti,Pysa,T1014,Rootkit,MEDIUM_CANDIDATE,2,psxview.not_in_deskthrd_false_avg; psxview.not_in_session_false_avg,0.10801361128687859,0.07511718240174116
570,Conti,Pysa,T1620,Reflective Code Loading,MEDIUM_CANDIDATE,2,ldrmodules.not_in_init_avg; ldrmodules.not_in_load_avg,0.3842666447162628,0.2672350947085044
571,Conti,Shade,T1014,Rootkit,MEDIUM_CANDIDATE,2,psxview.not_in_session_false_avg; psxview.not_in_csrss_handles_false_avg,0.25313714519143105,0.13793085956498363
571,Conti,Shade,T1055,Process Injection,HIGH_CANDIDATE,1,malfind.uniqueInjections,0.04965285211801529,0.027055138696897577
571,Conti,Shade,T1620,Reflective Code Loading,MEDIUM_CANDIDATE,1,ldrmodules.not_in_mem_avg,0.035465482622385025,0.01932464119121364
572,Conti,Refroso,T1620,Reflective Code Loading,MEDIUM_CANDIDATE,3,ldrmodules.not_in_load_avg; ldrmodules.not_in_mem_avg; ldrmodules.not_in_init_avg,0.5398197919130325,0.19168621779124248
573,Conti,Conti,T1014,Rootkit,MEDIUM_CANDIDATE,2,psxview.not_in_csrss_handles_false_avg; psxview.not_in_deskthrd_false_avg,0.09779306873679161,0.032572104278064326
573,Conti,Conti,T1055,Process Injection,HIGH_CANDIDATE,1,malfind.uniqueInjections,0.682824432849884,0.227429499019587
573,Conti,Conti,T1620,Reflective Code Loading,MEDIUM_CANDIDATE,4,ldrmodules.not_in_init_avg; ldrmodules.not_in_init; ldrmodules.not_in_mem; ldrmodules.not_in_mem_avg,0.347172275185585,0.11563326211015387
574,Conti,Zeus,T1620,Reflective Code Loading,MEDIUM_CANDIDATE,3,ldrmodules.not_in_init_avg; ldrmodules.not_in_mem_avg; ldrmodules.not_in_load,0.25402670353651047,0.09836865510658943
575,Conti,Conti,T1014,Rootkit,MEDIUM_CANDIDATE,1,psxview.not_in_deskthrd_false_avg,0.07038038969039917,0.03850566794251861
575,Conti,Conti,T1055,Process Injection,HIGH_CANDIDATE,1,malfind.uniqueInjections,0.3470771610736847,0.18988866037151877
575,Conti,Conti,T1620,Reflective Code Loading,MEDIUM_CANDIDATE,1,ldrmodules.not_in_mem,0.04236118867993355,0.02317614142426963
576,Conti,Conti,T1055,Process Injection,HIGH_CANDIDATE,1,malfind.uniqueInjections,0.4307646155357361,0.3147391868893117
576,Conti,Conti,T1620,Reflective Code Loading,MEDIUM_CANDIDATE,3,ldrmodules.not_in_mem_avg; ldrmodules.not_in_mem; ldrmodules.not_in_init_avg,0.21804843097925186,0.15931760268551245
577,Conti,Ako,T1620,Reflective Code Loading,MEDIUM_CANDIDATE,5,ldrmodules.not_in_init_avg; ldrmodules.not_in_mem_avg; ldrmodules.not_in_mem; ldrmodules.not_in_load_avg; ldrmodules.not_in_load,0.40049829706549644,0.3022185132708414
578,Conti,Gator,T1620,Reflective Code Loading,MEDIUM_CANDIDATE,1,ldrmodules.not_in_mem_avg,0.08507196605205536,0.049506871597392386
579,Conti,Pysa,T1014,Rootkit,MEDIUM_CANDIDATE,1,psxview.not_in_ethread_pool_false_avg,0.04627988114953041,0.029182205241800777
579,Conti,Pysa,T1620,Reflective Code Loading,MEDIUM_CANDIDATE,3,ldrmodules.not_in_mem; ldrmodules.not_in_load; ldrmodules.not_in_init,0.29480262100696564,0.18589050745938168
580,Conti,Scar,T1620,Reflective Code Loading,MEDIUM_CANDIDATE,5,ldrmodules.not_in_load_avg; ldrmodules.not_in_mem_avg; ldrmodules.not_in_init_avg; ldrmodules.not_in_load; ldrmodules.not_in_mem,1.1852425187826157,0.4745241642708123
581,Conti,Reconyc,T1055,Process Injection,HIGH_CANDIDATE,1,malfind.uniqueInjections,0.21950551867485046,0.07048013692167057
581,Conti,Reconyc,T1620,Reflective Code Loading,MEDIUM_CANDIDATE,2,ldrmodules.not_in_load; ldrmodules.not_in_init,0.5785597562789917,0.18576740615033865
582,Conti,Conti,T1014,Rootkit,MEDIUM_CANDIDATE,3,psxview.not_in_deskthrd_false_avg; psxview.not_in_ethread_pool_false_avg; psxview.not_in_csrss_handles_false_avg,0.1954294741153717,0.13671146616924662
582,Conti,Conti,T1055,Process Injection,HIGH_CANDIDATE,1,malfind.uniqueInjections,0.48692774772644043,0.3406272600972766
582,Conti,Conti,T1620,Reflective Code Loading,MEDIUM_CANDIDATE,3,ldrmodules.not_in_mem_avg; ldrmodules.not_in_mem; ldrmodules.not_in_load_avg,0.2449747771024704,0.1713705729586715
583,Conti,Conti,T1014,Rootkit,MEDIUM_CANDIDATE,3,psxview.not_in_csrss_handles_false_avg; psxview.not_in_deskthrd_false_avg; psxview.not_in_session_false_avg,0.5124093517661095,0.21998046806430446
583,Conti,Conti,T1055,Process Injection,HIGH_CANDIDATE,1,malfind.uniqueInjections,0.559585452079773,0.24023345640786078
583,Conti,Conti,T1620,Reflective Code Loading,MEDIUM_CANDIDATE,2,ldrmodules.not_in_mem_avg; ldrmodules.not_in_load_avg,0.21724683046340942,0.09326539276871218
584,Conti,Conti,T1014,Rootkit,MEDIUM_CANDIDATE,2,psxview.not_in_csrss_handles_false_avg; psxview.not_in_deskthrd_false_avg,0.16311181336641312,0.08173163327829279
584,Conti,Conti,T1055,Process Injection,HIGH_CANDIDATE,1,malfind.uniqueInjections,0.48521310091018677,0.2431292890866764
585,Conti,Refroso,T1620,Reflective Code Loading,MEDIUM_CANDIDATE,3,ldrmodules.not_in_load_avg; ldrmodules.not_in_init_avg; ldrmodules.not_in_mem_avg,0.745347186923027,0.3216313571193256
586,Conti,Zeus,T1620,Reflective Code Loading,MEDIUM_CANDIDATE,4,ldrmodules.not_in_init_avg; ldrmodules.not_in_mem_avg; ldrmodules.not_in_load; ldrmodules.not_in_load_avg,0.47186677530407906,0.15837558502832624
587,Conti,Conti,T1014,Rootkit,MEDIUM_CANDIDATE,2,psxview.not_in_csrss_handles_false_avg; psxview.not_in_deskthrd_false_avg,0.15403759479522705,0.0882401176414486
587,Conti,Conti,T1055,Process Injection,HIGH_CANDIDATE,1,malfind.uniqueInjections,0.5289783477783203,0.3030241526413681
587,Conti,Conti,T1620,Reflective Code Loading,MEDIUM_CANDIDATE,4,ldrmodules.not_in_init_avg; ldrmodules.not_in_load_avg; ldrmodules.not_in_mem_avg; ldrmodules.not_in_mem,0.7153672985732555,0.40979667766732286
588,Conti,Shade,T1620,Reflective Code Loading,MEDIUM_CANDIDATE,3,ldrmodules.not_in_init; ldrmodules.not_in_load_avg; ldrmodules.not_in_load,0.19515100866556168,0.11893738950068433
589,Conti,Scar,T1620,Reflective Code Loading,MEDIUM_CANDIDATE,5,ldrmodules.not_in_load_avg; ldrmodules.not_in_mem_avg; ldrmodules.not_in_init_avg; ldrmodules.not_in_mem; ldrmodules.not_in_load,1.0316447168588638,0.42667809092948417
590,Conti,Scar,T1055,Process Injection,HIGH_CANDIDATE,1,malfind.uniqueInjections,0.04143465310335159,0.021397015193205676
590,Conti,Scar,T1620,Reflective Code Loading,MEDIUM_CANDIDATE,1,ldrmodules.not_in_load_avg,0.06179818511009216,0.03191282191780242
591,Conti,Conti,T1014,Rootkit,MEDIUM_CANDIDATE,1,psxview.not_in_pspcid_list_false_avg,0.03565831109881401,0.02454525653340835
591,Conti,Conti,T1055,Process Injection,HIGH_CANDIDATE,1,malfind.uniqueInjections,0.4321826696395874,0.2974912206638347
591,Conti,Conti,T1620,Reflective Code Loading,MEDIUM_CANDIDATE,1,ldrmodules.not_in_mem,0.04514053463935852,0.031072307370584137
592,Conti,Conti,T1014,Rootkit,MEDIUM_CANDIDATE,3,psxview.not_in_deskthrd_false_avg; psxview.not_in_csrss_handles_false_avg; psxview.not_in_ethread_pool_false_avg,0.26706284284591675,0.13114573656801534
592,Conti,Conti,T1055,Process Injection,HIGH_CANDIDATE,1,malfind.uniqueInjections,0.5578765869140625,0.2739547558366515
592,Conti,Conti,T1620,Reflective Code Loading,MEDIUM_CANDIDATE,3,ldrmodules.not_in_load_avg; ldrmodules.not_in_mem; ldrmodules.not_in_mem_avg,0.19018315896391869,0.09339266443570854
593,Conti,Zeus,T1014,Rootkit,MEDIUM_CANDIDATE,2,psxview.not_in_csrss_handles_false_avg; psxview.not_in_ethread_pool_false_avg,0.12113431468605995,0.07280636852601481
593,Conti,Zeus,T1620,Reflective Code Loading,MEDIUM_CANDIDATE,1,ldrmodules.not_in_load,0.05792741850018501,0.034816599986679936
594,Conti,Conti,T1014,Rootkit,MEDIUM_CANDIDATE,2,psxview.not_in_csrss_handles_false_avg; psxview.not_in_deskthrd_false_avg,0.33033862709999084,0.10864285039978519
594,Conti,Conti,T1055,Process Injection,HIGH_CANDIDATE,2,malfind.uniqueInjections; malfind.ninjections,0.7852265313267708,0.25824787528421306
594,Conti,Conti,T1620,Reflective Code Loading,MEDIUM_CANDIDATE,2,ldrmodules.not_in_init_avg; ldrmodules.not_in_init,0.1629924476146698,0.05360549039617864
595,Conti,Conti,T1014,Rootkit,MEDIUM_CANDIDATE,1,psxview.not_in_session_false_avg,0.07167033106088638,0.04062520375836524
595,Conti,Conti,T1055,Process Injection,HIGH_CANDIDATE,2,malfind.uniqueInjections; malfind.ninjections,0.49494368955492973,0.2805510723817412
595,Conti,Conti,T1620,Reflective Code Loading,MEDIUM_CANDIDATE,1,ldrmodules.not_in_init_avg,0.20868702232837677,0.11829096752203522
596,Conti,Zeus,T1620,Reflective Code Loading,MEDIUM_CANDIDATE,1,ldrmodules.not_in_load,0.07125402987003326,0.039150545982567314
597,Conti,Conti,T1014,Rootkit,MEDIUM_CANDIDATE,2,psxview.not_in_csrss_handles_false_avg; psxview.not_in_deskthrd_false_avg,0.3017595335841179,0.09237040768209101
597,Conti,Conti,T1055,Process Injection,HIGH_CANDIDATE,2,malfind.uniqueInjections; malfind.ninjections,0.5685227513313293,0.17402823265691472
598,Conti,Conti,T1055,Process Injection,HIGH_CANDIDATE,2,malfind.uniqueInjections; malfind.ninjections,0.5390258207917213,0.2841609776805193
598,Conti,Conti,T1620,Reflective Code Loading,MEDIUM_CANDIDATE,3,ldrmodules.not_in_mem_avg; ldrmodules.not_in_init_avg; ldrmodules.not_in_init,0.16972706466913223,0.08947587810243557
599,Conti,Scar,T1620,Reflective Code Loading,MEDIUM_CANDIDATE,3,ldrmodules.not_in_load_avg; ldrmodules.not_in_mem_avg; ldrmodules.not_in_init_avg,1.0336726754903793,0.43531892867667843
600,Conti,180solutions,T1620,Reflective Code Loading,MEDIUM_CANDIDATE,2,ldrmodules.not_in_load; ldrmodules.not_in_load_avg,0.23671209812164307,0.16436771196147473
601,Conti,Zeus,T1620,Reflective Code Loading,MEDIUM_CANDIDATE,2,ldrmodules.not_in_mem_avg; ldrmodules.not_in_load,0.15806333720684052,0.0779888780030723
602,Conti,Conti,T1014,Rootkit,MEDIUM_CANDIDATE,2,psxview.not_in_csrss_handles_false_avg; psxview.not_in_deskthrd_false_avg,0.3648126423358917,0.1320387256200772
602,Conti,Conti,T1055,Process Injection,HIGH_CANDIDATE,1,malfind.uniqueInjections,0.6468366384506226,0.234113283132217
602,Conti,Conti,T1620,Reflective Code Loading,MEDIUM_CANDIDATE,3,ldrmodules.not_in_init_avg; ldrmodules.not_in_load_avg; ldrmodules.not_in_init,0.32519030570983887,0.11769798676657883
603,Conti,Shade,T1014,Rootkit,MEDIUM_CANDIDATE,3,psxview.not_in_session_false_avg; psxview.not_in_csrss_handles_false_avg; psxview.not_in_deskthrd_false_avg,0.3310624659061432,0.18131151267081866
603,Conti,Shade,T1055,Process Injection,HIGH_CANDIDATE,1,malfind.uniqueInjections,0.06934285163879395,0.037976692069653886
603,Conti,Shade,T1620,Reflective Code Loading,MEDIUM_CANDIDATE,3,ldrmodules.not_in_load_avg; ldrmodules.not_in_init_avg; ldrmodules.not_in_mem_avg,0.35780245065689087,0.19595608154600846
604,Conti,Transponder,T1620,Reflective Code Loading,MEDIUM_CANDIDATE,3,ldrmodules.not_in_load; ldrmodules.not_in_init_avg; ldrmodules.not_in_mem,0.7006714940071106,0.2602801543607896
605,Conti,Reconyc,T1055,Process Injection,HIGH_CANDIDATE,1,malfind.uniqueInjections,0.21131423115730286,0.0794751716734587
605,Conti,Reconyc,T1620,Reflective Code Loading,MEDIUM_CANDIDATE,4,ldrmodules.not_in_load_avg; ldrmodules.not_in_load; ldrmodules.not_in_init_avg; ldrmodules.not_in_mem_avg,1.028623752295971,0.3868648545504946
606,Conti,Conti,T1014,Rootkit,MEDIUM_CANDIDATE,3,psxview.not_in_csrss_handles_false_avg; psxview.not_in_deskthrd_false_avg; psxview.not_in_session_false_avg,0.5393029227852821,0.17438712161360426
606,Conti,Conti,T1055,Process Injection,HIGH_CANDIDATE,1,malfind.uniqueInjections,0.614377498626709,0.1986629759326084
606,Conti,Conti,T1620,Reflective Code Loading,MEDIUM_CANDIDATE,3,ldrmodules.not_in_load_avg; ldrmodules.not_in_mem_avg; ldrmodules.not_in_mem,0.36497777700424194,0.11801794741995536
607,Conti,Shade,T1055,Process Injection,HIGH_CANDIDATE,1,malfind.uniqueInjections,0.03957899659872055,0.016889050726215497
607,Conti,Shade,T1620,Reflective Code Loading,MEDIUM_CANDIDATE,3,ldrmodules.not_in_init_avg; ldrmodules.not_in_init; ldrmodules.not_in_mem,0.34300027787685394,0.14636422319901518
608,Conti,Conti,T1014,Rootkit,MEDIUM_CANDIDATE,1,psxview.not_in_deskthrd_false_avg,0.0687134861946106,0.03817170491343618
608,Conti,Conti,T1055,Process Injection,HIGH_CANDIDATE,1,malfind.uniqueInjections,0.3524385988712311,0.1957866343459184
608,Conti,Conti,T1620,Reflective Code Loading,MEDIUM_CANDIDATE,1,ldrmodules.not_in_mem,0.04230969771742821,0.02350387654138593
609,Conti,Conti,T1055,Process Injection,HIGH_CANDIDATE,1,malfind.uniqueInjections,0.4650399088859558,0.22762616181641537
609,Conti,Conti,T1620,Reflective Code Loading,MEDIUM_CANDIDATE,3,ldrmodules.not_in_mem_avg; ldrmodules.not_in_mem; ldrmodules.not_in_init,0.20036055892705917,0.09807180875554214
610,Conti,Refroso,T1620,Reflective Code Loading,MEDIUM_CANDIDATE,3,ldrmodules.not_in_load_avg; ldrmodules.not_in_mem_avg; ldrmodules.not_in_init_avg,0.5170465260744095,0.15449523387900144
611,Conti,Conti,T1055,Process Injection,HIGH_CANDIDATE,1,malfind.uniqueInjections,0.45940926671028137,0.3077666554951006
611,Conti,Conti,T1620,Reflective Code Loading,MEDIUM_CANDIDATE,3,ldrmodules.not_in_init_avg; ldrmodules.not_in_load_avg; ldrmodules.not_in_mem_avg,0.7593165636062622,0.5086800292831408
612,Conti,Pysa,T1620,Reflective Code Loading,MEDIUM_CANDIDATE,2,ldrmodules.not_in_mem; ldrmodules.not_in_load,0.27389249205589294,0.15414247437109507
613,Conti,Scar,T1014,Rootkit,MEDIUM_CANDIDATE,5,psxview.not_in_ethread_pool_false_avg; psxview.not_in_ethread_pool; psxview.not_in_deskthrd; psxview.not_in_pslist_false_avg; psxview.not_in_session_false_avg,0.685824379324913,0.2962036077804013
613,Conti,Scar,T1620,Reflective Code Loading,MEDIUM_CANDIDATE,1,ldrmodules.not_in_load_avg,0.086170494556427,0.037216541349783326
614,Conti,Conti,T1055,Process Injection,HIGH_CANDIDATE,1,malfind.uniqueInjections,0.4032973647117615,0.2643985035271976
614,Conti,Conti,T1620,Reflective Code Loading,MEDIUM_CANDIDATE,3,ldrmodules.not_in_load_avg; ldrmodules.not_in_init_avg; ldrmodules.not_in_mem_avg,0.19522415474057198,0.12798738321203806
615,Conti,Conti,T1014,Rootkit,MEDIUM_CANDIDATE,2,psxview.not_in_csrss_handles_false_avg; psxview.not_in_deskthrd_false_avg,0.37624919414520264,0.14706733188020094
615,Conti,Conti,T1055,Process Injection,HIGH_CANDIDATE,1,malfind.uniqueInjections,0.6342036724090576,0.24789592488490478
615,Conti,Conti,T1620,Reflective Code Loading,MEDIUM_CANDIDATE,2,ldrmodules.not_in_mem; ldrmodules.not_in_init,0.15429959446191788,0.06031223460628542
616,Conti,Transponder,T1014,Rootkit,MEDIUM_CANDIDATE,4,psxview.not_in_deskthrd_false_avg; psxview.not_in_ethread_pool_false_avg; psxview.not_in_pslist_false_avg; psxview.not_in_session_false_avg,0.6403234601020813,0.3737271225596868
616,Conti,Transponder,T1620,Reflective Code Loading,MEDIUM_CANDIDATE,2,ldrmodules.not_in_init_avg; ldrmodules.not_in_load_avg,0.2496991753578186,0.14573783427695605
617,Conti,Zeus,T1620,Reflective Code Loading,MEDIUM_CANDIDATE,2,ldrmodules.not_in_load_avg; ldrmodules.not_in_init_avg,0.1669248640537262,0.09150517436823381
618,Conti,Gator,T1620,Reflective Code Loading,MEDIUM_CANDIDATE,3,ldrmodules.not_in_load; ldrmodules.not_in_load_avg; ldrmodules.not_in_mem,0.5908423662185669,0.2557596744713267
619,Conti,Zeus,T1620,Reflective Code Loading,MEDIUM_CANDIDATE,4,ldrmodules.not_in_init_avg; ldrmodules.not_in_mem_avg; ldrmodules.not_in_init; ldrmodules.not_in_load_avg,0.5942812263965607,0.2790959156850163
620,Conti,Conti,T1014,Rootkit,MEDIUM_CANDIDATE,2,psxview.not_in_deskthrd_false_avg; psxview.not_in_csrss_handles_false_avg,0.22745948284864426,0.08754467007446046
620,Conti,Conti,T1055,Process Injection,HIGH_CANDIDATE,1,malfind.uniqueInjections,0.5675247311592102,0.2184290789999308
620,Conti,Conti,T1620,Reflective Code Loading,MEDIUM_CANDIDATE,3,ldrmodules.not_in_mem_avg; ldrmodules.not_in_load_avg; ldrmodules.not_in_init_avg,0.25074049830436707,0.09650507388592026
621,Conti,Shade,T1055,Process Injection,HIGH_CANDIDATE,1,malfind.uniqueInjections,0.07817620038986206,0.029401974267085358
621,Conti,Shade,T1620,Reflective Code Loading,MEDIUM_CANDIDATE,3,ldrmodules.not_in_init_avg; ldrmodules.not_in_load_avg; ldrmodules.not_in_load,0.3972659222781658,0.14941123213667065
622,Conti,Conti,T1055,Process Injection,HIGH_CANDIDATE,1,malfind.uniqueInjections,0.4912723898887634,0.3146319146598203
622,Conti,Conti,T1620,Reflective Code Loading,MEDIUM_CANDIDATE,4,ldrmodules.not_in_mem_avg; ldrmodules.not_in_load_avg; ldrmodules.not_in_mem; ldrmodules.not_in_init,0.428971603512764,0.2747318182861334
623,Conti,Shade,T1055,Process Injection,HIGH_CANDIDATE,1,malfind.uniqueInjections,0.0623534619808197,0.03013957744142731
623,Conti,Shade,T1620,Reflective Code Loading,MEDIUM_CANDIDATE,4,ldrmodules.not_in_init_avg; ldrmodules.not_in_load_avg; ldrmodules.not_in_mem; ldrmodules.not_in_mem_avg,0.5088961869478226,0.24598339128112892
624,Conti,Conti,T1014,Rootkit,MEDIUM_CANDIDATE,2,psxview.not_in_csrss_handles_false_avg; psxview.not_in_deskthrd_false_avg,0.0703635886311531,0.02457189627842762
624,Conti,Conti,T1055,Process Injection,HIGH_CANDIDATE,1,malfind.ninjections,0.06195605918765068,0.0216358757390758
624,Conti,Conti,T1620,Reflective Code Loading,MEDIUM_CANDIDATE,3,ldrmodules.not_in_load_avg; ldrmodules.not_in_load; ldrmodules.not_in_init_avg,0.8168724477291107,0.28526266850207493
625,Emotet,Emotet,T1014,Rootkit,MEDIUM_CANDIDATE,1,psxview.not_in_deskthrd_false_avg,0.16804958879947662,0.03290403029918726
625,Emotet,Emotet,T1620,Reflective Code Loading,MEDIUM_CANDIDATE,1,ldrmodules.not_in_init_avg,0.06142470985651016,0.012026929245563804
626,Emotet,Emotet,T1055,Process Injection,HIGH_CANDIDATE,2,malfind.ninjections; malfind.uniqueInjections,1.7843392044305801,0.377724839125211
626,Emotet,Emotet,T1620,Reflective Code Loading,MEDIUM_CANDIDATE,1,ldrmodules.not_in_init_avg,0.06661573797464371,0.014101813627812631
627,Emotet,Gator,T1014,Rootkit,MEDIUM_CANDIDATE,2,psxview.not_in_session_false_avg; psxview.not_in_pslist_false_avg,0.17974862456321716,0.10559424779711
627,Emotet,Gator,T1620,Reflective Code Loading,MEDIUM_CANDIDATE,2,ldrmodules.not_in_init_avg; ldrmodules.not_in_mem,0.29111447930336,0.17101668810864507
628,Emotet,Emotet,T1620,Reflective Code Loading,MEDIUM_CANDIDATE,5,ldrmodules.not_in_mem; ldrmodules.not_in_load; ldrmodules.not_in_load_avg; ldrmodules.not_in_init_avg; ldrmodules.not_in_mem_avg,1.0830939039587975,0.39588731329394544
629,Emotet,180solutions,T1055,Process Injection,HIGH_CANDIDATE,1,malfind.uniqueInjections,0.04619096219539642,0.04095110217333832
629,Emotet,180solutions,T1620,Reflective Code Loading,MEDIUM_CANDIDATE,2,ldrmodules.not_in_load_avg; ldrmodules.not_in_load,0.19166920334100723,0.16992642621941775
630,Emotet,Emotet,T1620,Reflective Code Loading,MEDIUM_CANDIDATE,3,ldrmodules.not_in_load_avg; ldrmodules.not_in_init_avg; ldrmodules.not_in_mem_avg,0.39710407331585884,0.1635625838531686
631,Emotet,Emotet,T1620,Reflective Code Loading,MEDIUM_CANDIDATE,2,ldrmodules.not_in_load_avg; ldrmodules.not_in_init_avg,0.23582076281309128,0.1009091219862903
632,Emotet,Emotet,T1620,Reflective Code Loading,MEDIUM_CANDIDATE,1,ldrmodules.not_in_load_avg,0.06127352640032768,0.016099555919024372
633,Emotet,Pysa,T1620,Reflective Code Loading,MEDIUM_CANDIDATE,3,ldrmodules.not_in_mem; ldrmodules.not_in_load; ldrmodules.not_in_init,0.34194349497556686,0.22832800518076837
634,Emotet,Emotet,T1620,Reflective Code Loading,MEDIUM_CANDIDATE,2,ldrmodules.not_in_load_avg; ldrmodules.not_in_init_avg,0.4302989989519119,0.1470693346146658
635,Emotet,Emotet,T1014,Rootkit,MEDIUM_CANDIDATE,1,psxview.not_in_deskthrd_false_avg,0.42762964963912964,0.07881657745543293
635,Emotet,Emotet,T1055,Process Injection,HIGH_CANDIDATE,2,malfind.ninjections; malfind.uniqueInjections,1.7423351481556892,0.3211304297394312
635,Emotet,Emotet,T1620,Reflective Code Loading,MEDIUM_CANDIDATE,1,ldrmodules.not_in_load,0.1435583084821701,0.026459284451871533
636,Emotet,Scar,T1014,Rootkit,MEDIUM_CANDIDATE,1,psxview.not_in_pslist_false_avg,0.043830446898937225,0.022195893512776125
636,Emotet,Scar,T1620,Reflective Code Loading,MEDIUM_CANDIDATE,5,ldrmodules.not_in_load_avg; ldrmodules.not_in_mem_avg; ldrmodules.not_in_load; ldrmodules.not_in_mem; ldrmodules.not_in_init_avg,0.8066584765911102,0.4084947089149719
637,Emotet,Emotet,T1014,Rootkit,MEDIUM_CANDIDATE,1,psxview.not_in_deskthrd_false_avg,0.4842974543571472,0.093759253131427
637,Emotet,Emotet,T1055,Process Injection,HIGH_CANDIDATE,2,malfind.ninjections; malfind.uniqueInjections,1.792581006884575,0.3470409659827252
638,Emotet,Shade,T1055,Process Injection,HIGH_CANDIDATE,1,malfind.uniqueInjections,0.07902147620916367,0.030261146284734388
638,Emotet,Shade,T1620,Reflective Code Loading,MEDIUM_CANDIDATE,3,ldrmodules.not_in_init_avg; ldrmodules.not_in_load_avg; ldrmodules.not_in_load,0.4089263863861561,0.1565976971293821
639,Emotet,Emotet,T1014,Rootkit,MEDIUM_CANDIDATE,1,psxview.not_in_pspcid_list_false_avg,0.12796525657176971,0.04780731505442172
639,Emotet,Emotet,T1620,Reflective Code Loading,MEDIUM_CANDIDATE,1,ldrmodules.not_in_init_avg,0.07930192351341248,0.02962688579224667
640,Emotet,Pysa,T1014,Rootkit,MEDIUM_CANDIDATE,1,psxview.not_in_deskthrd_false_avg,0.0756721943616867,0.026097852881254813
640,Emotet,Pysa,T1620,Reflective Code Loading,MEDIUM_CANDIDATE,3,ldrmodules.not_in_init_avg; ldrmodules.not_in_load_avg; ldrmodules.not_in_mem_avg,0.6362445801496506,0.21942825352568784
641,Emotet,Emotet,T1620,Reflective Code Loading,MEDIUM_CANDIDATE,3,ldrmodules.not_in_init_avg; ldrmodules.not_in_mem_avg; ldrmodules.not_in_load_avg,0.5079458355903625,0.1389027013285255
642,Emotet,Shade,T1055,Process Injection,HIGH_CANDIDATE,1,malfind.uniqueInjections,0.06407542526721954,0.02697438075751238
642,Emotet,Shade,T1620,Reflective Code Loading,MEDIUM_CANDIDATE,3,ldrmodules.not_in_init_avg; ldrmodules.not_in_init; ldrmodules.not_in_load_avg,0.3311796598136425,0.13941953885910222
643,Emotet,Emotet,T1014,Rootkit,MEDIUM_CANDIDATE,1,psxview.not_in_pspcid_list_false_avg,0.12417970597743988,0.03360122637176857
643,Emotet,Emotet,T1620,Reflective Code Loading,MEDIUM_CANDIDATE,2,ldrmodules.not_in_load_avg; ldrmodules.not_in_init_avg,0.19818571954965591,0.05362617968711925
644,Emotet,Shade,T1055,Process Injection,HIGH_CANDIDATE,1,malfind.uniqueInjections,0.08413874357938766,0.045845176764001974
644,Emotet,Shade,T1620,Reflective Code Loading,MEDIUM_CANDIDATE,3,ldrmodules.not_in_load_avg; ldrmodules.not_in_load; ldrmodules.not_in_init_avg,0.2864536866545677,0.15608172098490783
645,Emotet,Emotet,T1620,Reflective Code Loading,MEDIUM_CANDIDATE,2,ldrmodules.not_in_init_avg; ldrmodules.not_in_load_avg,0.18206750601530075,0.052900738656995856
646,Emotet,Emotet,T1620,Reflective Code Loading,MEDIUM_CANDIDATE,3,ldrmodules.not_in_load_avg; ldrmodules.not_in_mem_avg; ldrmodules.not_in_init_avg,0.6196931079030037,0.2862709261599768
647,Emotet,Emotet,T1620,Reflective Code Loading,MEDIUM_CANDIDATE,2,ldrmodules.not_in_load; ldrmodules.not_in_load_avg,0.10936075076460838,0.06238560556647268
648,Emotet,180solutions,T1620,Reflective Code Loading,MEDIUM_CANDIDATE,2,ldrmodules.not_in_load_avg; ldrmodules.not_in_init_avg,0.2081645429134369,0.10348003877684948
649,Emotet,Emotet,T1055,Process Injection,HIGH_CANDIDATE,2,malfind.ninjections; malfind.uniqueInjections,2.3610578179359436,0.4481889935741833
649,Emotet,Emotet,T1620,Reflective Code Loading,MEDIUM_CANDIDATE,1,ldrmodules.not_in_load,0.058214083313941956,0.01105051778661151
650,Emotet,Emotet,T1620,Reflective Code Loading,MEDIUM_CANDIDATE,2,ldrmodules.not_in_init_avg; ldrmodules.not_in_load_avg,0.18864580243825912,0.05374634325022377
652,Emotet,Emotet,T1620,Reflective Code Loading,MEDIUM_CANDIDATE,1,ldrmodules.not_in_load,0.05975056067109108,0.03581137799598546
653,Emotet,Emotet,T1620,Reflective Code Loading,MEDIUM_CANDIDATE,2,ldrmodules.not_in_load; ldrmodules.not_in_mem_avg,0.12522636726498604,0.07344526986699403
654,Emotet,Emotet,T1055,Process Injection,HIGH_CANDIDATE,1,malfind.ninjections,0.18703635036945343,0.0545500466620245
654,Emotet,Emotet,T1620,Reflective Code Loading,MEDIUM_CANDIDATE,1,ldrmodules.not_in_load,0.0987214520573616,0.02879258393159603
655,Emotet,Gator,T1014,Rootkit,MEDIUM_CANDIDATE,2,psxview.not_in_csrss_handles_false_avg; psxview.not_in_deskthrd_false_avg,0.1782017946243286,0.09114432561577306
655,Emotet,Gator,T1620,Reflective Code Loading,MEDIUM_CANDIDATE,2,ldrmodules.not_in_init_avg; ldrmodules.not_in_mem,0.3468734882771969,0.17741431970236526
656,Emotet,Emotet,T1014,Rootkit,MEDIUM_CANDIDATE,2,psxview.not_in_deskthrd_false_avg; psxview.not_in_csrss_handles_false_avg,0.1846235916018486,0.1026424690809026
656,Emotet,Emotet,T1620,Reflective Code Loading,MEDIUM_CANDIDATE,2,ldrmodules.not_in_init; ldrmodules.not_in_load,0.14912893623113632,0.08290902637829
657,Emotet,Refroso,T1620,Reflective Code Loading,MEDIUM_CANDIDATE,3,ldrmodules.not_in_load_avg; ldrmodules.not_in_mem_avg; ldrmodules.not_in_init_avg,0.5709792673587799,0.20157286486167442
658,Emotet,Scar,T1055,Process Injection,HIGH_CANDIDATE,1,malfind.ninjections,0.02664855122566223,0.017969140222196384
658,Emotet,Scar,T1620,Reflective Code Loading,MEDIUM_CANDIDATE,4,ldrmodules.not_in_mem; ldrmodules.not_in_load; ldrmodules.not_in_init_avg; ldrmodules.not_in_load_avg,0.4957442656159401,0.3342807700038945
659,Emotet,Emotet,T1014,Rootkit,MEDIUM_CANDIDATE,1,psxview.not_in_deskthrd_false_avg,0.14127033948898315,0.056933042145944336
659,Emotet,Emotet,T1620,Reflective Code Loading,MEDIUM_CANDIDATE,1,ldrmodules.not_in_load,0.06379399448633194,0.02570947440125402
660,Emotet,Scar,T1620,Reflective Code Loading,MEDIUM_CANDIDATE,1,ldrmodules.not_in_mem,0.20748521387577057,0.10217653378111156
661,Emotet,Conti,T1014,Rootkit,MEDIUM_CANDIDATE,1,psxview.not_in_deskthrd_false_avg,0.06878218799829483,0.04661561581262066
661,Emotet,Conti,T1055,Process Injection,HIGH_CANDIDATE,1,malfind.uniqueInjections,0.31585150957107544,0.21406141695240255
662,Emotet,CWS,T1620,Reflective Code Loading,MEDIUM_CANDIDATE,2,ldrmodules.not_in_load; ldrmodules.not_in_init_avg,0.48795779049396515,0.21066367050788076
663,Emotet,Emotet,T1620,Reflective Code Loading,MEDIUM_CANDIDATE,2,ldrmodules.not_in_load_avg; ldrmodules.not_in_load,0.17293647304177284,0.06781508415392407
664,Emotet,180solutions,T1014,Rootkit,MEDIUM_CANDIDATE,1,psxview.not_in_pslist_false_avg,0.0570378415286541,0.06416599108794306
664,Emotet,180solutions,T1055,Process Injection,HIGH_CANDIDATE,1,malfind.uniqueInjections,0.052574124187231064,0.059144432777308895
664,Emotet,180solutions,T1620,Reflective Code Loading,MEDIUM_CANDIDATE,1,ldrmodules.not_in_init_avg,0.041451554745435715,0.04663185038376353
665,Emotet,Emotet,T1014,Rootkit,MEDIUM_CANDIDATE,1,psxview.not_in_deskthrd_false_avg,0.16946977376937866,0.033102144515355744
665,Emotet,Emotet,T1620,Reflective Code Loading,MEDIUM_CANDIDATE,1,ldrmodules.not_in_init_avg,0.06348595768213272,0.012400567364594184
667,Emotet,Scar,T1620,Reflective Code Loading,MEDIUM_CANDIDATE,3,ldrmodules.not_in_load_avg; ldrmodules.not_in_mem_avg; ldrmodules.not_in_init_avg,1.040494590997696,0.4619181610568208
668,Emotet,Shade,T1055,Process Injection,HIGH_CANDIDATE,1,malfind.uniqueInjections,0.06784193217754364,0.0471833366714914
668,Emotet,Shade,T1620,Reflective Code Loading,MEDIUM_CANDIDATE,1,ldrmodules.not_in_init,0.06064785644412041,0.042179934107985505
669,Emotet,Ako,T1620,Reflective Code Loading,MEDIUM_CANDIDATE,3,ldrmodules.not_in_init_avg; ldrmodules.not_in_mem_avg; ldrmodules.not_in_mem,0.4232872687280178,0.3469796167401137
670,Emotet,Emotet,T1055,Process Injection,HIGH_CANDIDATE,2,malfind.ninjections; malfind.uniqueInjections,1.7435028403997421,0.4064790052353275
670,Emotet,Emotet,T1620,Reflective Code Loading,MEDIUM_CANDIDATE,1,ldrmodules.not_in_load,0.054688382893800735,0.012750010474031752
671,Emotet,Refroso,T1620,Reflective Code Loading,MEDIUM_CANDIDATE,4,ldrmodules.not_in_load_avg; ldrmodules.not_in_init_avg; ldrmodules.not_in_mem_avg; ldrmodules.not_in_load,0.8487107157707214,0.3363458403151807
672,Emotet,Zeus,T1014,Rootkit,MEDIUM_CANDIDATE,1,psxview.not_in_csrss_handles_false_avg,0.036437276750802994,0.014319251342546063
672,Emotet,Zeus,T1620,Reflective Code Loading,MEDIUM_CANDIDATE,3,ldrmodules.not_in_init; ldrmodules.not_in_load_avg; ldrmodules.not_in_load,0.27782829105854034,0.10918195552716792
673,Emotet,Gator,T1014,Rootkit,MEDIUM_CANDIDATE,1,psxview.not_in_session_false_avg,0.07643318176269531,0.04085267497754443
673,Emotet,Gator,T1620,Reflective Code Loading,MEDIUM_CANDIDATE,3,ldrmodules.not_in_init_avg; ldrmodules.not_in_mem; ldrmodules.not_in_load_avg,0.3526652492582798,0.18849560454717282
674,Emotet,Emotet,T1014,Rootkit,MEDIUM_CANDIDATE,1,psxview.not_in_deskthrd_false_avg,0.1732110232114792,0.043775309577087
674,Emotet,Emotet,T1055,Process Injection,HIGH_CANDIDATE,2,malfind.ninjections; malfind.uniqueInjections,1.4451704621315002,0.3652353250879919
674,Emotet,Emotet,T1620,Reflective Code Loading,MEDIUM_CANDIDATE,1,ldrmodules.not_in_init_avg,0.059482403099536896,0.015032880481816481
675,Emotet,Ako,T1055,Process Injection,HIGH_CANDIDATE,1,malfind.ninjections,0.09630259871482849,0.040584236194756394
675,Emotet,Ako,T1620,Reflective Code Loading,MEDIUM_CANDIDATE,2,ldrmodules.not_in_load_avg; ldrmodules.not_in_init_avg,0.5733649730682373,0.24162981895958405
676,Emotet,Scar,T1014,Rootkit,MEDIUM_CANDIDATE,1,psxview.not_in_pslist_false_avg,0.08237075060606003,0.033770237865697474
676,Emotet,Scar,T1620,Reflective Code Loading,MEDIUM_CANDIDATE,3,ldrmodules.not_in_load_avg; ldrmodules.not_in_mem_avg; ldrmodules.not_in_init_avg,0.9957200586795807,0.4082238292336483
677,Emotet,180solutions,T1014,Rootkit,MEDIUM_CANDIDATE,2,psxview.not_in_deskthrd_false_avg; psxview.not_in_deskthrd,0.33736565336585045,0.17724155066922062
677,Emotet,180solutions,T1620,Reflective Code Loading,MEDIUM_CANDIDATE,2,ldrmodules.not_in_load; ldrmodules.not_in_load_avg,0.29663321003317833,0.1558419762110587
678,Emotet,Reconyc,T1055,Process Injection,HIGH_CANDIDATE,2,malfind.uniqueInjections; malfind.ninjections,0.3447641357779503,0.15434302369573522
678,Emotet,Reconyc,T1620,Reflective Code Loading,MEDIUM_CANDIDATE,3,ldrmodules.not_in_load; ldrmodules.not_in_mem_avg; ldrmodules.not_in_load_avg,0.5527134090662003,0.24743716048063213
679,Emotet,Emotet,T1014,Rootkit,MEDIUM_CANDIDATE,1,psxview.not_in_pspcid_list_false_avg,0.08163738250732422,0.03298673319472555
679,Emotet,Emotet,T1620,Reflective Code Loading,MEDIUM_CANDIDATE,3,ldrmodules.not_in_load_avg; ldrmodules.not_in_init_avg; ldrmodules.not_in_mem_avg,0.4591445028781891,0.18552379742097813
680,Emotet,Emotet,T1620,Reflective Code Loading,MEDIUM_CANDIDATE,2,ldrmodules.not_in_load_avg; ldrmodules.not_in_load,0.18237150460481644,0.07773087699608036
681,Emotet,Emotet,T1620,Reflective Code Loading,MEDIUM_CANDIDATE,3,ldrmodules.not_in_init_avg; ldrmodules.not_in_mem_avg; ldrmodules.not_in_load_avg,0.49715955555438995,0.1291757710868147
682,Emotet,Emotet,T1014,Rootkit,MEDIUM_CANDIDATE,1,psxview.not_in_pspcid_list_false_avg,0.08124541491270065,0.044298135512038865
682,Emotet,Emotet,T1620,Reflective Code Loading,MEDIUM_CANDIDATE,5,ldrmodules.not_in_init_avg; ldrmodules.not_in_init; ldrmodules.not_in_load_avg; ldrmodules.not_in_load; ldrmodules.not_in_mem_avg,0.43097125738859177,0.23498216092695703
683,Emotet,Conti,T1055,Process Injection,HIGH_CANDIDATE,1,malfind.uniqueInjections,0.4723008871078491,0.39099895799962003
683,Emotet,Conti,T1620,Reflective Code Loading,MEDIUM_CANDIDATE,5,ldrmodules.not_in_mem_avg; ldrmodules.not_in_load_avg; ldrmodules.not_in_init; ldrmodules.not_in_init_avg; ldrmodules.not_in_mem,0.3871331252157688,0.3204919844496021
684,Emotet,Emotet,T1055,Process Injection,HIGH_CANDIDATE,2,malfind.ninjections; malfind.uniqueInjections,1.2468609511852264,0.2647883261388722
684,Emotet,Emotet,T1620,Reflective Code Loading,MEDIUM_CANDIDATE,1,ldrmodules.not_in_init_avg,0.11259330809116364,0.02391076050265099
685,Emotet,Shade,T1055,Process Injection,HIGH_CANDIDATE,2,malfind.uniqueInjections; malfind.ninjections,0.13727959245443344,0.06469605825291498
685,Emotet,Shade,T1620,Reflective Code Loading,MEDIUM_CANDIDATE,3,ldrmodules.not_in_load; ldrmodules.not_in_init; ldrmodules.not_in_mem,0.18221474066376686,0.08587274529122588
686,Emotet,Shade,T1055,Process Injection,HIGH_CANDIDATE,1,malfind.uniqueInjections,0.07787112891674042,0.035102371651389186
686,Emotet,Shade,T1620,Reflective Code Loading,MEDIUM_CANDIDATE,3,ldrmodules.not_in_init_avg; ldrmodules.not_in_load_avg; ldrmodules.not_in_load,0.3635355494916439,0.16387280041094116
687,Emotet,Gator,T1620,Reflective Code Loading,MEDIUM_CANDIDATE,1,ldrmodules.not_in_mem_avg,0.11771706491708755,0.06654743441303812
688,Emotet,Emotet,T1014,Rootkit,MEDIUM_CANDIDATE,1,psxview.not_in_ethread_pool_false_avg,0.08087383955717087,0.04288065650197038
689,Emotet,Shade,T1055,Process Injection,HIGH_CANDIDATE,1,malfind.uniqueInjections,0.08019445836544037,0.04790500302685365
689,Emotet,Shade,T1620,Reflective Code Loading,MEDIUM_CANDIDATE,3,ldrmodules.not_in_init_avg; ldrmodules.not_in_init; ldrmodules.not_in_load,0.22164924815297127,0.1324045092403015
690,Emotet,Refroso,T1620,Reflective Code Loading,MEDIUM_CANDIDATE,3,ldrmodules.not_in_mem_avg; ldrmodules.not_in_load_avg; ldrmodules.not_in_init_avg,0.5893651396036148,0.1938768386489613
691,Emotet,Emotet,T1620,Reflective Code Loading,MEDIUM_CANDIDATE,2,ldrmodules.not_in_init_avg; ldrmodules.not_in_load_avg,0.19812442362308502,0.05178411292101912
692,Emotet,180solutions,T1620,Reflective Code Loading,MEDIUM_CANDIDATE,3,ldrmodules.not_in_init; ldrmodules.not_in_init_avg; ldrmodules.not_in_load_avg,0.5140197426080704,0.24958517610274
693,Emotet,Emotet,T1014,Rootkit,MEDIUM_CANDIDATE,1,psxview.not_in_pspcid_list_false_avg,0.054367076605558395,0.01720662376016549
693,Emotet,Emotet,T1055,Process Injection,HIGH_CANDIDATE,1,malfind.ninjections,0.4085136651992798,0.12929039736618045
693,Emotet,Emotet,T1620,Reflective Code Loading,MEDIUM_CANDIDATE,3,ldrmodules.not_in_init_avg; ldrmodules.not_in_load; ldrmodules.not_in_load_avg,0.2354305498301983,0.07451136138820735
694,Emotet,Reconyc,T1055,Process Injection,HIGH_CANDIDATE,2,malfind.uniqueInjections; malfind.ninjections,0.2663577124476433,0.13737967264574452
694,Emotet,Reconyc,T1620,Reflective Code Loading,MEDIUM_CANDIDATE,3,ldrmodules.not_in_load_avg; ldrmodules.not_in_mem_avg; ldrmodules.not_in_load,0.4011804610490799,0.20691738153302008
695,Emotet,Emotet,T1620,Reflective Code Loading,MEDIUM_CANDIDATE,3,ldrmodules.not_in_init_avg; ldrmodules.not_in_mem_avg; ldrmodules.not_in_load_avg,0.4754747301340103,0.1305341981616565
696,Emotet,Emotet,T1620,Reflective Code Loading,MEDIUM_CANDIDATE,3,ldrmodules.not_in_load_avg; ldrmodules.not_in_init; ldrmodules.not_in_init_avg,0.22312524914741516,0.07613524044449455
697,Emotet,Scar,T1620,Reflective Code Loading,MEDIUM_CANDIDATE,3,ldrmodules.not_in_load_avg; ldrmodules.not_in_mem_avg; ldrmodules.not_in_init_avg,0.9553986266255379,0.42845130736714876
698,Emotet,Shade,T1055,Process Injection,HIGH_CANDIDATE,1,malfind.uniqueInjections,0.08777806162834167,0.040869114056455144
698,Emotet,Shade,T1620,Reflective Code Loading,MEDIUM_CANDIDATE,4,ldrmodules.not_in_load_avg; ldrmodules.not_in_init_avg; ldrmodules.not_in_load; ldrmodules.not_in_init,0.4700746536254883,0.2188648766865197
699,Emotet,Emotet,T1014,Rootkit,MEDIUM_CANDIDATE,1,psxview.not_in_pspcid_list_false_avg,0.12808366119861603,0.04363147943778889
699,Emotet,Emotet,T1055,Process Injection,HIGH_CANDIDATE,1,malfind.ninjections,0.15168583393096924,0.051671519085483925
699,Emotet,Emotet,T1620,Reflective Code Loading,MEDIUM_CANDIDATE,2,ldrmodules.not_in_init_avg; ldrmodules.not_in_load_avg,0.2622985541820526,0.08935155246389571
700,Emotet,Emotet,T1014,Rootkit,MEDIUM_CANDIDATE,1,psxview.not_in_pspcid_list_false_avg,0.03456319868564606,0.02528809688339802
700,Emotet,Emotet,T1620,Reflective Code Loading,MEDIUM_CANDIDATE,1,ldrmodules.not_in_load_avg,0.1050376370549202,0.0768505822162556
701,Emotet,Emotet,T1620,Reflective Code Loading,MEDIUM_CANDIDATE,4,ldrmodules.not_in_load_avg; ldrmodules.not_in_init_avg; ldrmodules.not_in_mem_avg; ldrmodules.not_in_load,0.39762600138783455,0.2079431597975918
702,Emotet,Reconyc,T1014,Rootkit,MEDIUM_CANDIDATE,1,psxview.not_in_deskthrd_false_avg,0.027168165892362595,0.012357106020712305
702,Emotet,Reconyc,T1055,Process Injection,HIGH_CANDIDATE,2,malfind.uniqueInjections; malfind.ninjections,0.3196244314312935,0.14537724046792164
702,Emotet,Reconyc,T1620,Reflective Code Loading,MEDIUM_CANDIDATE,3,ldrmodules.not_in_load_avg; ldrmodules.not_in_mem_avg; ldrmodules.not_in_load,0.8174164742231369,0.3717918270622631
703,Emotet,Reconyc,T1055,Process Injection,HIGH_CANDIDATE,2,malfind.uniqueInjections; malfind.ninjections,0.23609887808561325,0.1081153611343911
703,Emotet,Reconyc,T1620,Reflective Code Loading,MEDIUM_CANDIDATE,1,ldrmodules.not_in_load,0.38575655221939087,0.17664721362222527
704,Emotet,Conti,T1055,Process Injection,HIGH_CANDIDATE,1,malfind.uniqueInjections,0.45917442440986633,0.38064861412714607
704,Emotet,Conti,T1620,Reflective Code Loading,MEDIUM_CANDIDATE,3,ldrmodules.not_in_mem_avg; ldrmodules.not_in_load_avg; ldrmodules.not_in_init,0.33138638734817505,0.2747142749659949
705,Emotet,Shade,T1055,Process Injection,HIGH_CANDIDATE,1,malfind.uniqueInjections,0.059239670634269714,0.023987413228189466
705,Emotet,Shade,T1620,Reflective Code Loading,MEDIUM_CANDIDATE,4,ldrmodules.not_in_load_avg; ldrmodules.not_in_init; ldrmodules.not_in_load; ldrmodules.not_in_mem_avg,0.2644600048661232,0.10708552817953892
707,Emotet,Emotet,T1620,Reflective Code Loading,MEDIUM_CANDIDATE,2,ldrmodules.not_in_init_avg; ldrmodules.not_in_load_avg,0.3149462193250656,0.10427849497508854
708,Emotet,Emotet,T1620,Reflective Code Loading,MEDIUM_CANDIDATE,2,ldrmodules.not_in_load_avg; ldrmodules.not_in_mem_avg,0.1408965066075325,0.06354814373127002
709,Emotet,Emotet,T1014,Rootkit,MEDIUM_CANDIDATE,1,psxview.not_in_deskthrd_false_avg,0.06851594150066376,0.028280757583536258
709,Emotet,Emotet,T1620,Reflective Code Loading,MEDIUM_CANDIDATE,4,ldrmodules.not_in_mem; ldrmodules.not_in_load; ldrmodules.not_in_init_avg; ldrmodules.not_in_mem_avg,0.8889814913272858,0.36693752580534783
710,Emotet,Emotet,T1620,Reflective Code Loading,MEDIUM_CANDIDATE,3,ldrmodules.not_in_init_avg; ldrmodules.not_in_mem_avg; ldrmodules.not_in_load_avg,0.504608541727066,0.12954679078742326
711,Emotet,Scar,T1620,Reflective Code Loading,MEDIUM_CANDIDATE,6,ldrmodules.not_in_mem; ldrmodules.not_in_init_avg; ldrmodules.not_in_load; ldrmodules.not_in_load_avg; ldrmodules.not_in_mem_avg; ldrmodules.not_in_init,0.8989760056138039,0.3474282661986688
712,Emotet,Emotet,T1620,Reflective Code Loading,MEDIUM_CANDIDATE,3,ldrmodules.not_in_load_avg; ldrmodules.not_in_init_avg; ldrmodules.not_in_mem_avg,0.4483601897954941,0.1817347469406955
713,Emotet,Refroso,T1620,Reflective Code Loading,MEDIUM_CANDIDATE,1,ldrmodules.not_in_init,0.1576738804578781,0.048491227884213395
714,Emotet,Scar,T1620,Reflective Code Loading,MEDIUM_CANDIDATE,5,ldrmodules.not_in_load_avg; ldrmodules.not_in_init_avg; ldrmodules.not_in_mem_avg; ldrmodules.not_in_load; ldrmodules.not_in_mem,1.1513770297169685,0.4906370661678536
715,Emotet,Emotet,T1055,Process Injection,HIGH_CANDIDATE,2,malfind.ninjections; malfind.uniqueInjections,1.3641121983528137,0.28079582545062454
715,Emotet,Emotet,T1620,Reflective Code Loading,MEDIUM_CANDIDATE,1,ldrmodules.not_in_init_avg,0.130813330411911,0.026927284381234984
716,Emotet,Scar,T1620,Reflective Code Loading,MEDIUM_CANDIDATE,2,ldrmodules.not_in_mem; ldrmodules.not_in_load,0.29625360667705536,0.15980622857479249
717,Emotet,Emotet,T1620,Reflective Code Loading,MEDIUM_CANDIDATE,1,ldrmodules.not_in_init,0.057409197092056274,0.02366051515633205
718,Emotet,Emotet,T1620,Reflective Code Loading,MEDIUM_CANDIDATE,2,ldrmodules.not_in_init_avg; ldrmodules.not_in_load,0.10433577373623848,0.05141881870918123
719,Emotet,Emotet,T1620,Reflective Code Loading,MEDIUM_CANDIDATE,2,ldrmodules.not_in_load_avg; ldrmodules.not_in_load,0.17992543056607246,0.07122470933989138
720,Emotet,Conti,T1014,Rootkit,MEDIUM_CANDIDATE,2,psxview.not_in_csrss_handles_false_avg; psxview.not_in_deskthrd_false_avg,0.3580811694264412,0.2099702919298568
720,Emotet,Conti,T1055,Process Injection,HIGH_CANDIDATE,1,malfind.uniqueInjections,0.5574743151664734,0.32688969622834924
720,Emotet,Conti,T1620,Reflective Code Loading,MEDIUM_CANDIDATE,2,ldrmodules.not_in_mem_avg; ldrmodules.not_in_mem,0.12846382707357407,0.07532813667993239
721,Emotet,Emotet,T1014,Rootkit,MEDIUM_CANDIDATE,1,psxview.not_in_deskthrd_false_avg,0.16530841588974,0.03761073389134243
721,Emotet,Emotet,T1620,Reflective Code Loading,MEDIUM_CANDIDATE,3,ldrmodules.not_in_init_avg; ldrmodules.not_in_init; ldrmodules.not_in_load,0.3465132415294647,0.07883819614897203
722,Emotet,Refroso,T1620,Reflective Code Loading,MEDIUM_CANDIDATE,4,ldrmodules.not_in_mem_avg; ldrmodules.not_in_load; ldrmodules.not_in_init_avg; ldrmodules.not_in_load_avg,0.5812438875436783,0.26243278705845086
723,Emotet,Shade,T1620,Reflective Code Loading,MEDIUM_CANDIDATE,4,ldrmodules.not_in_load_avg; ldrmodules.not_in_init_avg; ldrmodules.not_in_init; ldrmodules.not_in_load,0.2643328681588173,0.16220262101460162
724,Emotet,Emotet,T1620,Reflective Code Loading,MEDIUM_CANDIDATE,2,ldrmodules.not_in_init_avg; ldrmodules.not_in_load_avg,0.2192351147532463,0.08648457644974601
725,Emotet,Emotet,T1055,Process Injection,HIGH_CANDIDATE,2,malfind.ninjections; malfind.uniqueInjections,1.6017535030841827,0.3439161231197863
726,Emotet,Pysa,T1014,Rootkit,MEDIUM_CANDIDATE,1,psxview.not_in_csrss_handles_false_avg,0.06250833719968796,0.024436991906475802
726,Emotet,Pysa,T1620,Reflective Code Loading,MEDIUM_CANDIDATE,4,ldrmodules.not_in_mem; ldrmodules.not_in_load_avg; ldrmodules.not_in_load; ldrmodules.not_in_mem_avg,0.7012911811470985,0.27416257871374083
727,Emotet,Emotet,T1620,Reflective Code Loading,MEDIUM_CANDIDATE,3,ldrmodules.not_in_init_avg; ldrmodules.not_in_mem_avg; ldrmodules.not_in_load_avg,0.5628606826066971,0.14978037956083987
728,Emotet,Reconyc,T1055,Process Injection,HIGH_CANDIDATE,2,malfind.uniqueInjections; malfind.ninjections,0.3062508553266525,0.13477444428178115
728,Emotet,Reconyc,T1620,Reflective Code Loading,MEDIUM_CANDIDATE,4,ldrmodules.not_in_load_avg; ldrmodules.not_in_init_avg; ldrmodules.not_in_mem_avg; ldrmodules.not_in_load,1.0127574726939201,0.4456928795479037
729,Emotet,Shade,T1014,Rootkit,MEDIUM_CANDIDATE,1,psxview.not_in_session_false_avg,0.09718400985002518,0.05328803133473347
729,Emotet,Shade,T1055,Process Injection,HIGH_CANDIDATE,1,malfind.ninjections,0.042032286524772644,0.023047184458215682
729,Emotet,Shade,T1620,Reflective Code Loading,MEDIUM_CANDIDATE,3,ldrmodules.not_in_load_avg; ldrmodules.not_in_mem_avg; ldrmodules.not_in_init,0.200794268399477,0.11009970964172396
730,Emotet,Pysa,T1620,Reflective Code Loading,MEDIUM_CANDIDATE,3,ldrmodules.not_in_mem; ldrmodules.not_in_load_avg; ldrmodules.not_in_load,0.6758953407406807,0.21125257200322423
731,Emotet,Zeus,T1620,Reflective Code Loading,MEDIUM_CANDIDATE,1,ldrmodules.not_in_load,0.08059436827898026,0.030874428620980332
732,Emotet,Emotet,T1055,Process Injection,HIGH_CANDIDATE,2,malfind.ninjections; malfind.uniqueInjections,2.0698026567697525,0.3898065394766942
732,Emotet,Emotet,T1620,Reflective Code Loading,MEDIUM_CANDIDATE,4,ldrmodules.not_in_init_avg; ldrmodules.not_in_load_avg; ldrmodules.not_in_mem_avg; ldrmodules.not_in_load,0.3649877905845642,0.06873825730857593
733,Emotet,Pysa,T1620,Reflective Code Loading,MEDIUM_CANDIDATE,4,ldrmodules.not_in_init_avg; ldrmodules.not_in_load_avg; ldrmodules.not_in_mem_avg; ldrmodules.not_in_load,1.4780611507594585,0.40581505792449585
734,Emotet,Conti,T1014,Rootkit,MEDIUM_CANDIDATE,2,psxview.not_in_deskthrd_false_avg; psxview.not_in_csrss_handles_false_avg,0.1719433292746544,0.11788508720234225
734,Emotet,Conti,T1055,Process Injection,HIGH_CANDIDATE,1,malfind.uniqueInjections,0.5083616375923157,0.3485349285180409
734,Emotet,Conti,T1620,Reflective Code Loading,MEDIUM_CANDIDATE,1,ldrmodules.not_in_mem_avg,0.07694487273693085,0.052753736191051497
735,Emotet,Refroso,T1620,Reflective Code Loading,MEDIUM_CANDIDATE,3,ldrmodules.not_in_mem_avg; ldrmodules.not_in_load_avg; ldrmodules.not_in_init_avg,0.5821217894554138,0.23993679647824503
736,Emotet,Emotet,T1620,Reflective Code Loading,MEDIUM_CANDIDATE,3,ldrmodules.not_in_init_avg; ldrmodules.not_in_mem_avg; ldrmodules.not_in_load_avg,0.5329385623335838,0.13653505997602003
737,Emotet,Zeus,T1620,Reflective Code Loading,MEDIUM_CANDIDATE,1,ldrmodules.not_in_load,0.08242925256490707,0.02925609416195405
738,Emotet,Refroso,T1620,Reflective Code Loading,MEDIUM_CANDIDATE,3,ldrmodules.not_in_mem_avg; ldrmodules.not_in_load_avg; ldrmodules.not_in_init_avg,0.5520262569189072,0.23538121900319264
739,Emotet,Shade,T1014,Rootkit,MEDIUM_CANDIDATE,1,psxview.not_in_session_false_avg,0.06256819516420364,0.04367609566948419
739,Emotet,Shade,T1055,Process Injection,HIGH_CANDIDATE,1,malfind.uniqueInjections,0.06505332142114639,0.04541085263129402
739,Emotet,Shade,T1620,Reflective Code Loading,MEDIUM_CANDIDATE,1,ldrmodules.not_in_init,0.053493838757276535,0.03734168794799226
740,Emotet,Zeus,T1620,Reflective Code Loading,MEDIUM_CANDIDATE,2,ldrmodules.not_in_init; ldrmodules.not_in_load,0.19545937329530716,0.08791834102980796
741,Emotet,Emotet,T1620,Reflective Code Loading,MEDIUM_CANDIDATE,3,ldrmodules.not_in_init_avg; ldrmodules.not_in_mem_avg; ldrmodules.not_in_load_avg,0.4915683642029762,0.12804566176303084
742,Emotet,Ako,T1620,Reflective Code Loading,MEDIUM_CANDIDATE,4,ldrmodules.not_in_mem; ldrmodules.not_in_init_avg; ldrmodules.not_in_load; ldrmodules.not_in_init,0.26196984574198723,0.1505839081928292
743,Emotet,180solutions,T1055,Process Injection,HIGH_CANDIDATE,1,malfind.uniqueInjections,0.04949569329619408,0.051916001431957084
743,Emotet,180solutions,T1620,Reflective Code Loading,MEDIUM_CANDIDATE,1,ldrmodules.not_in_load_avg,0.052824102342128754,0.055407167577682555
744,Emotet,Conti,T1014,Rootkit,MEDIUM_CANDIDATE,1,psxview.not_in_csrss_handles_false_avg,0.08394887298345566,0.042312664379476
744,Emotet,Conti,T1055,Process Injection,HIGH_CANDIDATE,2,malfind.uniqueInjections; malfind.ninjections,0.46618692949414253,0.23497172010482553
744,Emotet,Conti,T1620,Reflective Code Loading,MEDIUM_CANDIDATE,1,ldrmodules.not_in_init,0.04263642430305481,0.021489993227563994
745,Emotet,Conti,T1014,Rootkit,MEDIUM_CANDIDATE,1,psxview.not_in_deskthrd_false_avg,0.10790905356407166,0.0677710129294638
745,Emotet,Conti,T1055,Process Injection,HIGH_CANDIDATE,1,malfind.uniqueInjections,0.4659978747367859,0.29266448875985995
745,Emotet,Conti,T1620,Reflective Code Loading,MEDIUM_CANDIDATE,2,ldrmodules.not_in_load_avg; ldrmodules.not_in_mem_avg,0.20513013750314713,0.12882957214237958
746,Emotet,Emotet,T1055,Process Injection,HIGH_CANDIDATE,1,malfind.ninjections,0.1608743965625763,0.04102760400762328
746,Emotet,Emotet,T1620,Reflective Code Loading,MEDIUM_CANDIDATE,1,ldrmodules.not_in_load,0.13958944380283356,0.03559932808673731
747,Emotet,Refroso,T1620,Reflective Code Loading,MEDIUM_CANDIDATE,3,ldrmodules.not_in_load_avg; ldrmodules.not_in_mem_avg; ldrmodules.not_in_init_avg,0.5509640723466873,0.1922165954153281
748,Emotet,Gator,T1014,Rootkit,MEDIUM_CANDIDATE,2,psxview.not_in_session_false_avg; psxview.not_in_pslist_false_avg,0.17944424599409103,0.11488433997628368
748,Emotet,Gator,T1620,Reflective Code Loading,MEDIUM_CANDIDATE,1,ldrmodules.not_in_mem,0.13451498746871948,0.08611959367463243
749,Emotet,180solutions,T1055,Process Injection,HIGH_CANDIDATE,1,malfind.uniqueInjections,0.04908258095383644,0.039550122309806236
750,Gator,Gator,T1620,Reflective Code Loading,MEDIUM_CANDIDATE,2,ldrmodules.not_in_mem; ldrmodules.not_in_init,0.1766335815191269,0.0971978990843979
751,Gator,Gator,T1620,Reflective Code Loading,MEDIUM_CANDIDATE,4,ldrmodules.not_in_load; ldrmodules.not_in_init_avg; ldrmodules.not_in_mem_avg; ldrmodules.not_in_load_avg,0.6720119118690491,0.245848464619086
752,Gator,180solutions,T1014,Rootkit,MEDIUM_CANDIDATE,1,psxview.not_in_deskthrd_false_avg,0.23969386518001556,0.16531309379700462
752,Gator,180solutions,T1620,Reflective Code Loading,MEDIUM_CANDIDATE,2,ldrmodules.not_in_load; ldrmodules.not_in_init_avg,0.2751309275627136,0.18975347909081103
753,Gator,Reconyc,T1055,Process Injection,HIGH_CANDIDATE,1,malfind.uniqueInjections,0.25523513555526733,0.11158947567867339
753,Gator,Reconyc,T1620,Reflective Code Loading,MEDIUM_CANDIDATE,4,ldrmodules.not_in_load_avg; ldrmodules.not_in_load; ldrmodules.not_in_init_avg; ldrmodules.not_in_mem_avg,1.0340606421232224,0.45209404505946904
754,Gator,180solutions,T1014,Rootkit,MEDIUM_CANDIDATE,1,psxview.not_in_deskthrd_false_avg,0.14258359372615814,0.08622502702247112
754,Gator,180solutions,T1620,Reflective Code Loading,MEDIUM_CANDIDATE,3,ldrmodules.not_in_load; ldrmodules.not_in_load_avg; ldrmodules.not_in_init,0.35415587574243546,0.21416980143386677
755,Gator,Gator,T1014,Rootkit,MEDIUM_CANDIDATE,1,psxview.not_in_session_false_avg,0.049505092203617096,0.025712255870647568
755,Gator,Gator,T1620,Reflective Code Loading,MEDIUM_CANDIDATE,2,ldrmodules.not_in_init_avg; ldrmodules.not_in_load_avg,0.14579331129789352,0.07572301671314761
756,Gator,Gator,T1014,Rootkit,MEDIUM_CANDIDATE,1,psxview.not_in_session_false_avg,0.06470375508069992,0.031265619280056056
756,Gator,Gator,T1620,Reflective Code Loading,MEDIUM_CANDIDATE,1,ldrmodules.not_in_mem,0.11478237062692642,0.055464198261875444
757,Gator,Gator,T1014,Rootkit,MEDIUM_CANDIDATE,1,psxview.not_in_deskthrd_false_avg,0.10518469661474228,0.034720033525064774
757,Gator,Gator,T1620,Reflective Code Loading,MEDIUM_CANDIDATE,5,ldrmodules.not_in_load_avg; ldrmodules.not_in_init_avg; ldrmodules.not_in_load; ldrmodules.not_in_mem; ldrmodules.not_in_init,1.563706237822771,0.5161580985436828
758,Gator,Gator,T1014,Rootkit,MEDIUM_CANDIDATE,1,psxview.not_in_deskthrd_false_avg,0.15084002912044525,0.044023246356428576
758,Gator,Gator,T1620,Reflective Code Loading,MEDIUM_CANDIDATE,4,ldrmodules.not_in_load_avg; ldrmodules.not_in_init_avg; ldrmodules.not_in_load; ldrmodules.not_in_init,1.5791741833090782,0.46088809792005325
759,Gator,Gator,T1014,Rootkit,MEDIUM_CANDIDATE,2,psxview.not_in_pslist_false_avg; psxview.not_in_session_false_avg,0.1507999412715435,0.06102704549867002
759,Gator,Gator,T1620,Reflective Code Loading,MEDIUM_CANDIDATE,2,ldrmodules.not_in_init_avg; ldrmodules.not_in_load_avg,0.19593119621276855,0.07929115837223352
760,Gator,Gator,T1620,Reflective Code Loading,MEDIUM_CANDIDATE,5,ldrmodules.not_in_load; ldrmodules.not_in_mem_avg; ldrmodules.not_in_init_avg; ldrmodules.not_in_load_avg; ldrmodules.not_in_mem,0.7935572862625122,0.2641182030391816
761,Gator,Gator,T1620,Reflective Code Loading,MEDIUM_CANDIDATE,3,ldrmodules.not_in_load; ldrmodules.not_in_load_avg; ldrmodules.not_in_mem,0.662392158061266,0.26612462045732044
762,Gator,Shade,T1055,Process Injection,HIGH_CANDIDATE,1,malfind.uniqueInjections,0.04622006416320801,0.03479590746121826
763,Gator,Gator,T1014,Rootkit,MEDIUM_CANDIDATE,1,psxview.not_in_deskthrd_false_avg,0.1270260363817215,0.03576071205824744
763,Gator,Gator,T1620,Reflective Code Loading,MEDIUM_CANDIDATE,4,ldrmodules.not_in_load; ldrmodules.not_in_load_avg; ldrmodules.not_in_mem; ldrmodules.not_in_init,1.2307736277580261,0.34649070824249323
764,Gator,Gator,T1014,Rootkit,MEDIUM_CANDIDATE,4,psxview.not_in_pslist; psxview.not_in_pslist_false_avg; psxview.not_in_session_false_avg; psxview.not_in_deskthrd,0.4468199983239174,0.16804378210645332
765,Gator,Gator,T1620,Reflective Code Loading,MEDIUM_CANDIDATE,4,ldrmodules.not_in_load_avg; ldrmodules.not_in_init_avg; ldrmodules.not_in_load; ldrmodules.not_in_init,1.4152687713503838,0.41341140299447554
766,Gator,Refroso,T1620,Reflective Code Loading,MEDIUM_CANDIDATE,3,ldrmodules.not_in_init_avg; ldrmodules.not_in_load_avg; ldrmodules.not_in_mem_avg,0.6881976425647736,0.19049018418771746
767,Gator,Transponder,T1620,Reflective Code Loading,MEDIUM_CANDIDATE,3,ldrmodules.not_in_load; ldrmodules.not_in_init_avg; ldrmodules.not_in_mem,0.7860626503825188,0.3039129967387255
768,Gator,Gator,T1620,Reflective Code Loading,MEDIUM_CANDIDATE,5,ldrmodules.not_in_load_avg; ldrmodules.not_in_load; ldrmodules.not_in_init_avg; ldrmodules.not_in_init; ldrmodules.not_in_mem,1.4610930159687996,0.4504391910272792
769,Gator,Gator,T1014,Rootkit,MEDIUM_CANDIDATE,2,psxview.not_in_pslist_false_avg; psxview.not_in_session_false_avg,0.22086743265390396,0.1002190226824731
770,Gator,Gator,T1014,Rootkit,MEDIUM_CANDIDATE,1,psxview.not_in_deskthrd_false_avg,0.07242647558450699,0.019548888522576205
770,Gator,Gator,T1620,Reflective Code Loading,MEDIUM_CANDIDATE,4,ldrmodules.not_in_load_avg; ldrmodules.not_in_load; ldrmodules.not_in_init_avg; ldrmodules.not_in_init,1.579703614115715,0.42638344061111283
771,Gator,Gator,T1014,Rootkit,MEDIUM_CANDIDATE,2,psxview.not_in_session_false_avg; psxview.not_in_pslist_false_avg,0.22329998761415482,0.09484205407352844
771,Gator,Gator,T1620,Reflective Code Loading,MEDIUM_CANDIDATE,2,ldrmodules.not_in_init_avg; ldrmodules.not_in_mem_avg,0.28151002526283264,0.11956556434903044
772,Gator,Gator,T1014,Rootkit,MEDIUM_CANDIDATE,2,psxview.not_in_deskthrd_false_avg; psxview.not_in_deskthrd,0.28315475583076477,0.09593261235442221
772,Gator,Gator,T1620,Reflective Code Loading,MEDIUM_CANDIDATE,4,ldrmodules.not_in_load_avg; ldrmodules.not_in_init_avg; ldrmodules.not_in_load; ldrmodules.not_in_mem,1.1989991217851639,0.4062199754548906
773,Gator,Refroso,T1014,Rootkit,MEDIUM_CANDIDATE,1,psxview.not_in_deskthrd_false_avg,0.08191058784723282,0.02422978988385341
773,Gator,Refroso,T1620,Reflective Code Loading,MEDIUM_CANDIDATE,4,ldrmodules.not_in_init_avg; ldrmodules.not_in_mem_avg; ldrmodules.not_in_load_avg; ldrmodules.not_in_load,0.5035098642110825,0.1489421396539793
774,Gator,Gator,T1055,Process Injection,HIGH_CANDIDATE,2,malfind.uniqueInjections; malfind.ninjections,0.29634029418230057,0.09864245856059019
774,Gator,Gator,T1620,Reflective Code Loading,MEDIUM_CANDIDATE,3,ldrmodules.not_in_init; ldrmodules.not_in_mem; ldrmodules.not_in_init_avg,0.43467261642217636,0.14468898220932103
775,Gator,Gator,T1055,Process Injection,HIGH_CANDIDATE,2,malfind.uniqueInjections; malfind.ninjections,0.3307107612490654,0.15309875702691947
775,Gator,Gator,T1620,Reflective Code Loading,MEDIUM_CANDIDATE,1,ldrmodules.not_in_mem,0.08285987377166748,0.038359029001465816
776,Gator,180solutions,T1055,Process Injection,HIGH_CANDIDATE,1,malfind.uniqueInjections,0.053298551589250565,0.03768111518154395
776,Gator,180solutions,T1620,Reflective Code Loading,MEDIUM_CANDIDATE,2,ldrmodules.not_in_load_avg; ldrmodules.not_in_init_avg,0.15217546746134758,0.10758531228778857
777,Gator,180solutions,T1014,Rootkit,MEDIUM_CANDIDATE,1,psxview.not_in_deskthrd_false_avg,0.23969386518001556,0.16531309379700462
777,Gator,180solutions,T1620,Reflective Code Loading,MEDIUM_CANDIDATE,2,ldrmodules.not_in_load; ldrmodules.not_in_init_avg,0.2751309275627136,0.18975347909081103
778,Gator,Gator,T1014,Rootkit,MEDIUM_CANDIDATE,1,psxview.not_in_deskthrd_false_avg,0.10661426931619644,0.029965645644595196
778,Gator,Gator,T1620,Reflective Code Loading,MEDIUM_CANDIDATE,5,ldrmodules.not_in_load_avg; ldrmodules.not_in_load; ldrmodules.not_in_init_avg; ldrmodules.not_in_init; ldrmodules.not_in_mem,1.7668100446462631,0.49659022247914375
779,Gator,Gator,T1014,Rootkit,MEDIUM_CANDIDATE,2,psxview.not_in_session_false_avg; psxview.not_in_pslist_false_avg,0.21970386058092117,0.08872631835862976
779,Gator,Gator,T1620,Reflective Code Loading,MEDIUM_CANDIDATE,2,ldrmodules.not_in_init_avg; ldrmodules.not_in_mem_avg,0.24857712537050247,0.10038664365741912
780,Gator,Gator,T1014,Rootkit,MEDIUM_CANDIDATE,1,psxview.not_in_deskthrd_false_avg,0.1178700178861618,0.03700519988304621
780,Gator,Gator,T1620,Reflective Code Loading,MEDIUM_CANDIDATE,4,ldrmodules.not_in_load_avg; ldrmodules.not_in_init_avg; ldrmodules.not_in_load; ldrmodules.not_in_mem,1.5689942575991154,0.4925845194482102
781,Gator,Gator,T1014,Rootkit,MEDIUM_CANDIDATE,1,psxview.not_in_deskthrd_false_avg,0.05229736492037773,0.03277070769686722
781,Gator,Gator,T1620,Reflective Code Loading,MEDIUM_CANDIDATE,1,ldrmodules.not_in_init_avg,0.11450984328985214,0.07175444897805212
782,Gator,Gator,T1014,Rootkit,MEDIUM_CANDIDATE,1,psxview.not_in_deskthrd_false_avg,0.13065554201602936,0.03442568205127625
782,Gator,Gator,T1620,Reflective Code Loading,MEDIUM_CANDIDATE,4,ldrmodules.not_in_load_avg; ldrmodules.not_in_init_avg; ldrmodules.not_in_load; ldrmodules.not_in_init,1.5472284406423569,0.4076703791999197
783,Gator,Refroso,T1620,Reflective Code Loading,MEDIUM_CANDIDATE,1,ldrmodules.not_in_init,0.1984783262014389,0.06407780004592457
784,Gator,Gator,T1014,Rootkit,MEDIUM_CANDIDATE,1,psxview.not_in_deskthrd_false_avg,0.11982911080121994,0.034546568988253125
784,Gator,Gator,T1620,Reflective Code Loading,MEDIUM_CANDIDATE,4,ldrmodules.not_in_load_avg; ldrmodules.not_in_init_avg; ldrmodules.not_in_load; ldrmodules.not_in_init,1.518066443502903,0.437656482373657
785,Gator,Gator,T1620,Reflective Code Loading,MEDIUM_CANDIDATE,5,ldrmodules.not_in_load; ldrmodules.not_in_init_avg; ldrmodules.not_in_mem_avg; ldrmodules.not_in_mem; ldrmodules.not_in_load_avg,0.8485476411879063,0.33599607766868234
786,Gator,Gator,T1014,Rootkit,MEDIUM_CANDIDATE,2,psxview.not_in_session_false_avg; psxview.not_in_pslist_false_avg,0.17582006007432938,0.09406309678086823
786,Gator,Gator,T1620,Reflective Code Loading,MEDIUM_CANDIDATE,3,ldrmodules.not_in_mem; ldrmodules.not_in_init_avg; ldrmodules.not_in_load_avg,0.32784682884812355,0.17539686869748905
787,Gator,Gator,T1014,Rootkit,MEDIUM_CANDIDATE,1,psxview.not_in_deskthrd_false_avg,0.1573166698217392,0.044625768116869545
787,Gator,Gator,T1620,Reflective Code Loading,MEDIUM_CANDIDATE,4,ldrmodules.not_in_load_avg; ldrmodules.not_in_init_avg; ldrmodules.not_in_load; ldrmodules.not_in_init,1.3203471973538399,0.37454077771692595
788,Gator,Shade,T1055,Process Injection,HIGH_CANDIDATE,1,malfind.uniqueInjections,0.037327732890844345,0.018687522531603926
788,Gator,Shade,T1620,Reflective Code Loading,MEDIUM_CANDIDATE,3,ldrmodules.not_in_init_avg; ldrmodules.not_in_load_avg; ldrmodules.not_in_mem_avg,0.2917407266795635,0.14605525117621268
789,Gator,Shade,T1014,Rootkit,MEDIUM_CANDIDATE,1,psxview.not_in_session_false_avg,0.05945751443505287,0.024272198053798724
789,Gator,Shade,T1055,Process Injection,HIGH_CANDIDATE,1,malfind.uniqueInjections,0.0941295176744461,0.03842626650998637
789,Gator,Shade,T1620,Reflective Code Loading,MEDIUM_CANDIDATE,3,ldrmodules.not_in_load_avg; ldrmodules.not_in_init_avg; ldrmodules.not_in_load,0.44230925291776657,0.18056284205379658
790,Gator,Gator,T1620,Reflective Code Loading,MEDIUM_CANDIDATE,5,ldrmodules.not_in_load; ldrmodules.not_in_init_avg; ldrmodules.not_in_mem_avg; ldrmodules.not_in_load_avg; ldrmodules.not_in_mem,0.8131599426269531,0.27606661411053274
791,Gator,Gator,T1620,Reflective Code Loading,MEDIUM_CANDIDATE,2,ldrmodules.not_in_init_avg; ldrmodules.not_in_mem_avg,0.24717487394809723,0.12756982182123672
792,Gator,Gator,T1014,Rootkit,MEDIUM_CANDIDATE,2,psxview.not_in_session_false_avg; psxview.not_in_pslist_false_avg,0.21798013150691986,0.09160236237351366
792,Gator,Gator,T1620,Reflective Code Loading,MEDIUM_CANDIDATE,1,ldrmodules.not_in_init_avg,0.08866675943136215,0.03726066486779304
793,Gator,Gator,T1014,Rootkit,MEDIUM_CANDIDATE,2,psxview.not_in_pslist_false_avg; psxview.not_in_session_false_avg,0.15447354316711426,0.07051303235527755
793,Gator,Gator,T1620,Reflective Code Loading,MEDIUM_CANDIDATE,1,ldrmodules.not_in_load_avg,0.09080786257982254,0.04145135549378518
794,Gator,Gator,T1014,Rootkit,MEDIUM_CANDIDATE,1,psxview.not_in_deskthrd_false_avg,0.14778967201709747,0.04189486727621879
794,Gator,Gator,T1620,Reflective Code Loading,MEDIUM_CANDIDATE,5,ldrmodules.not_in_load_avg; ldrmodules.not_in_load; ldrmodules.not_in_init_avg; ldrmodules.not_in_init; ldrmodules.not_in_mem,1.765500396490097,0.5004774946554275
795,Gator,CWS,T1014,Rootkit,MEDIUM_CANDIDATE,2,psxview.not_in_csrss_handles_false_avg; psxview.not_in_deskthrd,0.15985526889562607,0.0855307489619968
795,Gator,CWS,T1620,Reflective Code Loading,MEDIUM_CANDIDATE,1,ldrmodules.not_in_mem_avg,0.08891890943050385,0.04757616669764365
796,Gator,Gator,T1014,Rootkit,MEDIUM_CANDIDATE,1,psxview.not_in_deskthrd_false_avg,0.10928285121917725,0.03482830512566025
796,Gator,Gator,T1620,Reflective Code Loading,MEDIUM_CANDIDATE,5,ldrmodules.not_in_load_avg; ldrmodules.not_in_init_avg; ldrmodules.not_in_load; ldrmodules.not_in_mem; ldrmodules.not_in_init,1.5692036151885986,0.500103188234597
797,Gator,Gator,T1620,Reflective Code Loading,MEDIUM_CANDIDATE,5,ldrmodules.not_in_load; ldrmodules.not_in_init_avg; ldrmodules.not_in_load_avg; ldrmodules.not_in_mem_avg; ldrmodules.not_in_mem,0.8233974426984787,0.2794128541202623
798,Gator,Gator,T1620,Reflective Code Loading,MEDIUM_CANDIDATE,2,ldrmodules.not_in_init_avg; ldrmodules.not_in_mem_avg,0.2404269278049469,0.15897198579979827
799,Gator,Gator,T1014,Rootkit,MEDIUM_CANDIDATE,1,psxview.not_in_deskthrd_false_avg,0.15431895852088928,0.04170991853333998
799,Gator,Gator,T1620,Reflective Code Loading,MEDIUM_CANDIDATE,5,ldrmodules.not_in_load_avg; ldrmodules.not_in_load; ldrmodules.not_in_init_avg; ldrmodules.not_in_mem; ldrmodules.not_in_init,1.5554148778319359,0.42040348419752377
800,Gator,Gator,T1620,Reflective Code Loading,MEDIUM_CANDIDATE,2,ldrmodules.not_in_init_avg; ldrmodules.not_in_mem_avg,0.24413768202066422,0.12653108395877286
801,Gator,Gator,T1620,Reflective Code Loading,MEDIUM_CANDIDATE,5,ldrmodules.not_in_load; ldrmodules.not_in_init_avg; ldrmodules.not_in_mem_avg; ldrmodules.not_in_load_avg; ldrmodules.not_in_mem,0.7928133942186832,0.3252796641147695
802,Gator,Gator,T1620,Reflective Code Loading,MEDIUM_CANDIDATE,3,ldrmodules.not_in_mem; ldrmodules.not_in_init; ldrmodules.not_in_init_avg,0.17019928619265556,0.07056075581650492
803,Gator,Gator,T1014,Rootkit,MEDIUM_CANDIDATE,4,psxview.not_in_pslist; psxview.not_in_pslist_false_avg; psxview.not_in_deskthrd; psxview.not_in_session_false_avg,0.6920453608036041,0.22125915367018723
803,Gator,Gator,T1620,Reflective Code Loading,MEDIUM_CANDIDATE,2,ldrmodules.not_in_mem_avg; ldrmodules.not_in_init_avg,0.21249619126319885,0.06793879433342016
804,Gator,Gator,T1055,Process Injection,HIGH_CANDIDATE,2,malfind.uniqueInjections; malfind.ninjections,0.3307107612490654,0.15309875702691947
804,Gator,Gator,T1620,Reflective Code Loading,MEDIUM_CANDIDATE,1,ldrmodules.not_in_mem,0.08285987377166748,0.038359029001465816
805,Gator,Gator,T1014,Rootkit,MEDIUM_CANDIDATE,1,psxview.not_in_deskthrd_false_avg,0.16629944741725922,0.049070050714193784
805,Gator,Gator,T1620,Reflective Code Loading,MEDIUM_CANDIDATE,4,ldrmodules.not_in_load_avg; ldrmodules.not_in_init_avg; ldrmodules.not_in_load; ldrmodules.not_in_init,1.247077815234661,0.3679757966036382
806,Gator,Refroso,T1620,Reflective Code Loading,MEDIUM_CANDIDATE,4,ldrmodules.not_in_load_avg; ldrmodules.not_in_mem_avg; ldrmodules.not_in_init_avg; ldrmodules.not_in_load,0.47438908368349075,0.1491427816365172
807,Gator,Gator,T1014,Rootkit,MEDIUM_CANDIDATE,1,psxview.not_in_deskthrd_false_avg,0.10498043894767761,0.03466972356154171
807,Gator,Gator,T1620,Reflective Code Loading,MEDIUM_CANDIDATE,5,ldrmodules.not_in_load_avg; ldrmodules.not_in_init_avg; ldrmodules.not_in_load; ldrmodules.not_in_mem; ldrmodules.not_in_init,1.5683839842677116,0.5179578187895721
808,Gator,Gator,T1014,Rootkit,MEDIUM_CANDIDATE,1,psxview.not_in_deskthrd_false_avg,0.15487852692604065,0.04389397262465918
808,Gator,Gator,T1620,Reflective Code Loading,MEDIUM_CANDIDATE,4,ldrmodules.not_in_load_avg; ldrmodules.not_in_init_avg; ldrmodules.not_in_load; ldrmodules.not_in_init,1.3295152485370636,0.3767966230155356
809,Gator,Scar,T1620,Reflective Code Loading,MEDIUM_CANDIDATE,4,ldrmodules.not_in_load_avg; ldrmodules.not_in_init_avg; ldrmodules.not_in_mem; ldrmodules.not_in_mem_avg,0.6430565267801285,0.3396182381511307
810,Gator,Conti,T1014,Rootkit,MEDIUM_CANDIDATE,2,psxview.not_in_csrss_handles_false_avg; psxview.not_in_deskthrd_false_avg,0.14551791921257973,0.07861554680416365
810,Gator,Conti,T1055,Process Injection,HIGH_CANDIDATE,1,malfind.uniqueInjections,0.45762112736701965,0.24722821321091296
811,Gator,Gator,T1014,Rootkit,MEDIUM_CANDIDATE,1,psxview.not_in_deskthrd_false_avg,0.1590534746646881,0.04403080121342524
811,Gator,Gator,T1620,Reflective Code Loading,MEDIUM_CANDIDATE,5,ldrmodules.not_in_load_avg; ldrmodules.not_in_load; ldrmodules.not_in_init_avg; ldrmodules.not_in_init; ldrmodules.not_in_mem,1.6684129536151886,0.461867049791924
812,Gator,180solutions,T1620,Reflective Code Loading,MEDIUM_CANDIDATE,3,ldrmodules.not_in_load; ldrmodules.not_in_mem; ldrmodules.not_in_init_avg,0.44651611521840096,0.21272321758485302
813,Gator,CWS,T1014,Rootkit,MEDIUM_CANDIDATE,2,psxview.not_in_pslist_false_avg; psxview.not_in_ethread_pool_false_avg,0.1125561036169529,0.05576040961271361
813,Gator,CWS,T1620,Reflective Code Loading,MEDIUM_CANDIDATE,3,ldrmodules.not_in_mem_avg; ldrmodules.not_in_init_avg; ldrmodules.not_in_load_avg,0.3198728449642658,0.15846533671680027
814,Gator,Gator,T1014,Rootkit,MEDIUM_CANDIDATE,1,psxview.not_in_deskthrd_false_avg,0.12704502046108246,0.0339368029583074
814,Gator,Gator,T1620,Reflective Code Loading,MEDIUM_CANDIDATE,4,ldrmodules.not_in_load_avg; ldrmodules.not_in_init_avg; ldrmodules.not_in_load; ldrmodules.not_in_init,1.504992038011551,0.40201983566498867
815,Gator,Gator,T1014,Rootkit,MEDIUM_CANDIDATE,2,psxview.not_in_pslist_false_avg; psxview.not_in_session_false_avg,0.23100098967552185,0.10873813198541624
815,Gator,Gator,T1620,Reflective Code Loading,MEDIUM_CANDIDATE,1,ldrmodules.not_in_init_avg,0.07571826130151749,0.035642541197229795
816,Gator,Gator,T1014,Rootkit,MEDIUM_CANDIDATE,1,psxview.not_in_deskthrd_false_avg,0.09272406250238419,0.03538118325098292
816,Gator,Gator,T1620,Reflective Code Loading,MEDIUM_CANDIDATE,2,ldrmodules.not_in_load_avg; ldrmodules.not_in_mem,0.21076994389295578,0.08042453929889352
817,Gator,Refroso,T1014,Rootkit,MEDIUM_CANDIDATE,1,psxview.not_in_deskthrd_false_avg,0.08191058784723282,0.02422978988385341
817,Gator,Refroso,T1620,Reflective Code Loading,MEDIUM_CANDIDATE,4,ldrmodules.not_in_init_avg; ldrmodules.not_in_mem_avg; ldrmodules.not_in_load_avg; ldrmodules.not_in_load,0.5035098642110825,0.1489421396539793
818,Gator,Zeus,T1620,Reflective Code Loading,MEDIUM_CANDIDATE,1,ldrmodules.not_in_init_avg,0.07733218371868134,0.043668926754035546
819,Gator,Transponder,T1620,Reflective Code Loading,MEDIUM_CANDIDATE,1,ldrmodules.not_in_init_avg,0.03284475579857826,0.02380067279204433
820,Gator,Gator,T1014,Rootkit,MEDIUM_CANDIDATE,1,psxview.not_in_pslist_false_avg,0.04915214329957962,0.02076681099778097
820,Gator,Gator,T1620,Reflective Code Loading,MEDIUM_CANDIDATE,3,ldrmodules.not_in_load; ldrmodules.not_in_init_avg; ldrmodules.not_in_mem_avg,0.5219602659344673,0.22052853575370499
821,Gator,Gator,T1620,Reflective Code Loading,MEDIUM_CANDIDATE,4,ldrmodules.not_in_load; ldrmodules.not_in_init_avg; ldrmodules.not_in_load_avg; ldrmodules.not_in_mem_avg,0.7804943695664406,0.29477785039749976
822,Gator,Maze,T1014,Rootkit,MEDIUM_CANDIDATE,2,psxview.not_in_csrss_handles_false_avg; psxview.not_in_deskthrd_false_avg,0.24130044132471085,0.17452526326410756
822,Gator,Maze,T1620,Reflective Code Loading,MEDIUM_CANDIDATE,3,ldrmodules.not_in_mem; ldrmodules.not_in_load; ldrmodules.not_in_load_avg,0.626522421836853,0.45314459439716503
823,Gator,Gator,T1014,Rootkit,MEDIUM_CANDIDATE,2,psxview.not_in_pslist_false_avg; psxview.not_in_session_false_avg,0.13436266407370567,0.06434156868904697
823,Gator,Gator,T1620,Reflective Code Loading,MEDIUM_CANDIDATE,1,ldrmodules.not_in_mem_avg,0.060684945434331894,0.02905989258230437
824,Gator,Conti,T1055,Process Injection,HIGH_CANDIDATE,1,malfind.uniqueInjections,0.38950178027153015,0.2961460600565158
824,Gator,Conti,T1620,Reflective Code Loading,MEDIUM_CANDIDATE,2,ldrmodules.not_in_mem; ldrmodules.not_in_init,0.08006769046187401,0.060877080077987554
825,Gator,Gator,T1014,Rootkit,MEDIUM_CANDIDATE,1,psxview.not_in_pslist_false_avg,0.05787423998117447,0.03410103268818889
825,Gator,Gator,T1620,Reflective Code Loading,MEDIUM_CANDIDATE,4,ldrmodules.not_in_load; ldrmodules.not_in_init_avg; ldrmodules.not_in_mem_avg; ldrmodules.not_in_load_avg,0.6511978432536125,0.3837029902508086
826,Gator,Gator,T1014,Rootkit,MEDIUM_CANDIDATE,2,psxview.not_in_session_false_avg; psxview.not_in_pslist_false_avg,0.2008209079504013,0.08765262305547383
826,Gator,Gator,T1620,Reflective Code Loading,MEDIUM_CANDIDATE,2,ldrmodules.not_in_init_avg; ldrmodules.not_in_mem_avg,0.202455535531044,0.08836609157139919
827,Gator,Gator,T1014,Rootkit,MEDIUM_CANDIDATE,1,psxview.not_in_deskthrd_false_avg,0.10726980119943619,0.032281858966598215
827,Gator,Gator,T1620,Reflective Code Loading,MEDIUM_CANDIDATE,5,ldrmodules.not_in_load_avg; ldrmodules.not_in_init_avg; ldrmodules.not_in_load; ldrmodules.not_in_init; ldrmodules.not_in_mem,1.6280300840735435,0.4899406634466421
828,Gator,Gator,T1620,Reflective Code Loading,MEDIUM_CANDIDATE,1,ldrmodules.not_in_load_avg,0.07696837186813354,0.03101657342419595
829,Gator,Gator,T1014,Rootkit,MEDIUM_CANDIDATE,1,psxview.not_in_deskthrd_false_avg,0.13986703753471375,0.04357422888941974
829,Gator,Gator,T1620,Reflective Code Loading,MEDIUM_CANDIDATE,3,ldrmodules.not_in_load_avg; ldrmodules.not_in_load; ldrmodules.not_in_init_avg,1.2539942264556885,0.39066982766421576
830,Gator,CWS,T1014,Rootkit,MEDIUM_CANDIDATE,3,psxview.not_in_csrss_handles_false_avg; psxview.not_in_ethread_pool_false_avg; psxview.not_in_deskthrd,0.1981394849717617,0.1239157472326958
831,Gator,Shade,T1055,Process Injection,HIGH_CANDIDATE,1,malfind.uniqueInjections,0.06824171543121338,0.04962324023730427
832,Gator,Pysa,T1055,Process Injection,HIGH_CANDIDATE,1,malfind.ninjections,0.09500648826360703,0.04941669274225785
832,Gator,Pysa,T1620,Reflective Code Loading,MEDIUM_CANDIDATE,3,ldrmodules.not_in_init_avg; ldrmodules.not_in_load_avg; ldrmodules.not_in_mem,0.5275325179100037,0.2743908634616294
833,Gator,Transponder,T1014,Rootkit,MEDIUM_CANDIDATE,4,psxview.not_in_session_false_avg; psxview.not_in_pslist_false_avg; psxview.not_in_ethread_pool_false_avg; psxview.not_in_pslist,0.43481679633259773,0.22645780577444696
834,Gator,Gator,T1014,Rootkit,MEDIUM_CANDIDATE,1,psxview.not_in_pslist_false_avg,0.04706519842147827,0.021295963278748567
834,Gator,Gator,T1620,Reflective Code Loading,MEDIUM_CANDIDATE,4,ldrmodules.not_in_load; ldrmodules.not_in_init_avg; ldrmodules.not_in_mem_avg; ldrmodules.not_in_load_avg,0.5544162690639496,0.25086112250912324
835,Gator,Gator,T1620,Reflective Code Loading,MEDIUM_CANDIDATE,5,ldrmodules.not_in_load_avg; ldrmodules.not_in_init_avg; ldrmodules.not_in_load; ldrmodules.not_in_mem; ldrmodules.not_in_init,1.6833227910101414,0.4579021982781348
836,Gator,Gator,T1014,Rootkit,MEDIUM_CANDIDATE,2,psxview.not_in_session_false_avg; psxview.not_in_pslist_false_avg,0.13510778173804283,0.07194770454027634
837,Gator,Gator,T1014,Rootkit,MEDIUM_CANDIDATE,1,psxview.not_in_deskthrd_false_avg,0.12701699137687683,0.03989914542689766
837,Gator,Gator,T1620,Reflective Code Loading,MEDIUM_CANDIDATE,4,ldrmodules.not_in_load; ldrmodules.not_in_load_avg; ldrmodules.not_in_init; ldrmodules.not_in_mem,1.0759348422288895,0.3379774648620103
838,Gator,Gator,T1014,Rootkit,MEDIUM_CANDIDATE,2,psxview.not_in_session_false_avg; psxview.not_in_pslist_false_avg,0.21567200869321823,0.09525025521892844
838,Gator,Gator,T1620,Reflective Code Loading,MEDIUM_CANDIDATE,2,ldrmodules.not_in_init_avg; ldrmodules.not_in_mem_avg,0.305208295583725,0.13479342185121537
839,Gator,Gator,T1014,Rootkit,MEDIUM_CANDIDATE,1,psxview.not_in_deskthrd_false_avg,0.14433282613754272,0.041097353781433706
839,Gator,Gator,T1620,Reflective Code Loading,MEDIUM_CANDIDATE,5,ldrmodules.not_in_load_avg; ldrmodules.not_in_load; ldrmodules.not_in_init_avg; ldrmodules.not_in_init; ldrmodules.not_in_mem,1.6916420385241508,0.48167844550152
840,Gator,Gator,T1014,Rootkit,MEDIUM_CANDIDATE,1,psxview.not_in_deskthrd_false_avg,0.1550573855638504,0.04574245703527224
840,Gator,Gator,T1620,Reflective Code Loading,MEDIUM_CANDIDATE,4,ldrmodules.not_in_load_avg; ldrmodules.not_in_init_avg; ldrmodules.not_in_load; ldrmodules.not_in_init,1.3348629623651505,0.393789121891395
841,Gator,Gator,T1014,Rootkit,MEDIUM_CANDIDATE,1,psxview.not_in_deskthrd_false_avg,0.1573660671710968,0.047623416370070976
841,Gator,Gator,T1620,Reflective Code Loading,MEDIUM_CANDIDATE,4,ldrmodules.not_in_load_avg; ldrmodules.not_in_init_avg; ldrmodules.not_in_load; ldrmodules.not_in_init,1.4878607094287872,0.4502686718907246
842,Gator,Gator,T1014,Rootkit,MEDIUM_CANDIDATE,1,psxview.not_in_deskthrd_false_avg,0.14258937537670135,0.043667742926143525
842,Gator,Gator,T1620,Reflective Code Loading,MEDIUM_CANDIDATE,5,ldrmodules.not_in_load_avg; ldrmodules.not_in_load; ldrmodules.not_in_init; ldrmodules.not_in_init_avg; ldrmodules.not_in_mem,1.5520169362425804,0.4753024298606738
843,Gator,Gator,T1620,Reflective Code Loading,MEDIUM_CANDIDATE,5,ldrmodules.not_in_load; ldrmodules.not_in_init_avg; ldrmodules.not_in_mem_avg; ldrmodules.not_in_load_avg; ldrmodules.not_in_mem,0.8534221351146698,0.2761186949393845
844,Gator,Conti,T1014,Rootkit,MEDIUM_CANDIDATE,2,psxview.not_in_csrss_handles_false_avg; psxview.not_in_deskthrd_false_avg,0.17911486327648163,0.11793287027510835
844,Gator,Conti,T1055,Process Injection,HIGH_CANDIDATE,1,malfind.uniqueInjections,0.4972638487815857,0.32740863543154075
844,Gator,Conti,T1620,Reflective Code Loading,MEDIUM_CANDIDATE,3,ldrmodules.not_in_init_avg; ldrmodules.not_in_mem; ldrmodules.not_in_load_avg,0.17015252262353897,0.1120318828402839
845,Gator,Gator,T1014,Rootkit,MEDIUM_CANDIDATE,1,psxview.not_in_deskthrd_false_avg,0.07760392129421234,0.021870706112895013
845,Gator,Gator,T1620,Reflective Code Loading,MEDIUM_CANDIDATE,4,ldrmodules.not_in_load_avg; ldrmodules.not_in_load; ldrmodules.not_in_init_avg; ldrmodules.not_in_init,1.4675710648298264,0.4135978559252944
846,Gator,Gator,T1014,Rootkit,MEDIUM_CANDIDATE,1,psxview.not_in_deskthrd_false_avg,0.17191030085086823,0.05085369669070771
846,Gator,Gator,T1620,Reflective Code Loading,MEDIUM_CANDIDATE,4,ldrmodules.not_in_load_avg; ldrmodules.not_in_init_avg; ldrmodules.not_in_load; ldrmodules.not_in_init,1.5003513619303703,0.44382688362162764
847,Gator,Gator,T1014,Rootkit,MEDIUM_CANDIDATE,1,psxview.not_in_session_false_avg,0.04552747309207916,0.024619339318635566
847,Gator,Gator,T1620,Reflective Code Loading,MEDIUM_CANDIDATE,2,ldrmodules.not_in_mem; ldrmodules.not_in_init,0.1863493174314499,0.10076985973638797
848,Gator,Reconyc,T1055,Process Injection,HIGH_CANDIDATE,2,malfind.uniqueInjections; malfind.ninjections,0.3637535721063614,0.17922835057207748
848,Gator,Reconyc,T1620,Reflective Code Loading,MEDIUM_CANDIDATE,4,ldrmodules.not_in_load; ldrmodules.not_in_init_avg; ldrmodules.not_in_load_avg; ldrmodules.not_in_mem_avg,0.7062957659363747,0.3480054488861602
849,Gator,Gator,T1014,Rootkit,MEDIUM_CANDIDATE,3,psxview.not_in_session_false_avg; psxview.not_in_pslist; psxview.not_in_pslist_false_avg,0.34510333836078644,0.14000332013414474
849,Gator,Gator,T1620,Reflective Code Loading,MEDIUM_CANDIDATE,1,ldrmodules.not_in_init_avg,0.07457056641578674,0.030252175861536636
850,Gator,Transponder,T1620,Reflective Code Loading,MEDIUM_CANDIDATE,2,ldrmodules.not_in_init_avg; ldrmodules.not_in_load_avg,0.15194620192050934,0.09151562493053282
851,Gator,Gator,T1014,Rootkit,MEDIUM_CANDIDATE,1,psxview.not_in_deskthrd_false_avg,0.159317284822464,0.0469038125342054
851,Gator,Gator,T1620,Reflective Code Loading,MEDIUM_CANDIDATE,4,ldrmodules.not_in_load_avg; ldrmodules.not_in_init_avg; ldrmodules.not_in_load; ldrmodules.not_in_init,1.33721823990345,0.3936837971576315
852,Gator,Gator,T1055,Process Injection,HIGH_CANDIDATE,2,malfind.uniqueInjections; malfind.ninjections,0.3081052750349045,0.11117680028476917
852,Gator,Gator,T1620,Reflective Code Loading,MEDIUM_CANDIDATE,1,ldrmodules.not_in_mem,0.07538335770368576,0.027201353509019078
853,Gator,Gator,T1014,Rootkit,MEDIUM_CANDIDATE,1,psxview.not_in_deskthrd_false_avg,0.15464705228805542,0.04351326664513537
853,Gator,Gator,T1620,Reflective Code Loading,MEDIUM_CANDIDATE,5,ldrmodules.not_in_load_avg; ldrmodules.not_in_init_avg; ldrmodules.not_in_load; ldrmodules.not_in_init; ldrmodules.not_in_mem,1.4324180074036121,0.4030415438332996
854,Gator,Gator,T1014,Rootkit,MEDIUM_CANDIDATE,2,psxview.not_in_pslist_false_avg; psxview.not_in_session_false_avg,0.1658155731856823,0.08151411531569489
854,Gator,Gator,T1620,Reflective Code Loading,MEDIUM_CANDIDATE,1,ldrmodules.not_in_init_avg,0.07735065370798111,0.03802519862857603
855,Gator,Gator,T1620,Reflective Code Loading,MEDIUM_CANDIDATE,3,ldrmodules.not_in_mem; ldrmodules.not_in_init; ldrmodules.not_in_init_avg,0.17946807295084,0.06832770297546295
856,Gator,Gator,T1014,Rootkit,MEDIUM_CANDIDATE,2,psxview.not_in_session_false_avg; psxview.not_in_pslist_false_avg,0.2238631621003151,0.10135804028034522
856,Gator,Gator,T1620,Reflective Code Loading,MEDIUM_CANDIDATE,2,ldrmodules.not_in_mem_avg; ldrmodules.not_in_init_avg,0.14492223411798477,0.06561612685818327
857,Gator,Gator,T1620,Reflective Code Loading,MEDIUM_CANDIDATE,2,ldrmodules.not_in_init_avg; ldrmodules.not_in_mem,0.2836667001247406,0.1662786826371114
858,Gator,Gator,T1014,Rootkit,MEDIUM_CANDIDATE,1,psxview.not_in_deskthrd_false_avg,0.15818247199058533,0.04748749989381185
858,Gator,Gator,T1620,Reflective Code Loading,MEDIUM_CANDIDATE,4,ldrmodules.not_in_load_avg; ldrmodules.not_in_init_avg; ldrmodules.not_in_load; ldrmodules.not_in_init,1.4647780805826187,0.43973676773912734
859,Gator,Gator,T1014,Rootkit,MEDIUM_CANDIDATE,1,psxview.not_in_deskthrd_false_avg,0.12668676674365997,0.033440445973778356
859,Gator,Gator,T1620,Reflective Code Loading,MEDIUM_CANDIDATE,4,ldrmodules.not_in_load_avg; ldrmodules.not_in_init_avg; ldrmodules.not_in_load; ldrmodules.not_in_init,1.5915479063987732,0.42010758618773986
860,Gator,CWS,T1014,Rootkit,MEDIUM_CANDIDATE,2,psxview.not_in_deskthrd; psxview.not_in_csrss_handles_false_avg,0.17287789285182953,0.10384345101017325
860,Gator,CWS,T1620,Reflective Code Loading,MEDIUM_CANDIDATE,1,ldrmodules.not_in_mem_avg,0.0927220955491066,0.05569585693045632
861,Gator,Scar,T1620,Reflective Code Loading,MEDIUM_CANDIDATE,3,ldrmodules.not_in_load_avg; ldrmodules.not_in_mem_avg; ldrmodules.not_in_init_avg,0.6641539707779884,0.31351168443398436
862,Gator,Pysa,T1014,Rootkit,MEDIUM_CANDIDATE,1,psxview.not_in_pspcid_list_false_avg,0.07265213876962662,0.03562845367409325
862,Gator,Pysa,T1620,Reflective Code Loading,MEDIUM_CANDIDATE,3,ldrmodules.not_in_mem; ldrmodules.not_in_load_avg; ldrmodules.not_in_init,0.28968939930200577,0.14206306266681235
863,Gator,Gator,T1014,Rootkit,MEDIUM_CANDIDATE,2,psxview.not_in_pslist_false_avg; psxview.not_in_pslist,0.17309054732322693,0.07341316078911714
863,Gator,Gator,T1620,Reflective Code Loading,MEDIUM_CANDIDATE,3,ldrmodules.not_in_load; ldrmodules.not_in_init_avg; ldrmodules.not_in_mem_avg,0.44858139380812645,0.19025751839091426
864,Gator,Emotet,T1014,Rootkit,MEDIUM_CANDIDATE,1,psxview.not_in_deskthrd_false_avg,0.10388533771038055,0.0682379757987022
864,Gator,Emotet,T1620,Reflective Code Loading,MEDIUM_CANDIDATE,3,ldrmodules.not_in_load_avg; ldrmodules.not_in_init_avg; ldrmodules.not_in_load,0.20270711183547974,0.13314990639215216
865,Gator,Gator,T1014,Rootkit,MEDIUM_CANDIDATE,1,psxview.not_in_deskthrd_false_avg,0.2231847494840622,0.10671882507448471
865,Gator,Gator,T1620,Reflective Code Loading,MEDIUM_CANDIDATE,2,ldrmodules.not_in_init_avg; ldrmodules.not_in_load,0.2731877639889717,0.13062844690340555
866,Gator,Gator,T1014,Rootkit,MEDIUM_CANDIDATE,1,psxview.not_in_deskthrd_false_avg,0.07208036631345749,0.019087064511369076
866,Gator,Gator,T1620,Reflective Code Loading,MEDIUM_CANDIDATE,4,ldrmodules.not_in_load_avg; ldrmodules.not_in_load; ldrmodules.not_in_init_avg; ldrmodules.not_in_init,1.5766935124993324,0.4175124562611053
867,Gator,Gator,T1620,Reflective Code Loading,MEDIUM_CANDIDATE,4,ldrmodules.not_in_load; ldrmodules.not_in_init_avg; ldrmodules.not_in_mem_avg; ldrmodules.not_in_load_avg,0.6889476254582405,0.2538187319753303
868,Gator,Gator,T1620,Reflective Code Loading,MEDIUM_CANDIDATE,5,ldrmodules.not_in_load; ldrmodules.not_in_init_avg; ldrmodules.not_in_mem_avg; ldrmodules.not_in_load_avg; ldrmodules.not_in_mem,0.7696320936083794,0.30038715259575266
869,Gator,Gator,T1014,Rootkit,MEDIUM_CANDIDATE,1,psxview.not_in_deskthrd_false_avg,0.10197052359580994,0.029110120945178227
869,Gator,Gator,T1620,Reflective Code Loading,MEDIUM_CANDIDATE,4,ldrmodules.not_in_load_avg; ldrmodules.not_in_init_avg; ldrmodules.not_in_load; ldrmodules.not_in_mem,1.5594887137413025,0.4451963515416836
870,Gator,Gator,T1014,Rootkit,MEDIUM_CANDIDATE,1,psxview.not_in_deskthrd_false_avg,0.11980769783258438,0.03541297325638664
870,Gator,Gator,T1620,Reflective Code Loading,MEDIUM_CANDIDATE,4,ldrmodules.not_in_load_avg; ldrmodules.not_in_init_avg; ldrmodules.not_in_load; ldrmodules.not_in_init,1.4872534349560738,0.4396050259739183
871,Gator,Gator,T1014,Rootkit,MEDIUM_CANDIDATE,1,psxview.not_in_deskthrd_false_avg,0.11519942432641983,0.029976439233634425
871,Gator,Gator,T1620,Reflective Code Loading,MEDIUM_CANDIDATE,4,ldrmodules.not_in_load_avg; ldrmodules.not_in_load; ldrmodules.not_in_init_avg; ldrmodules.not_in_init,1.5885295942425728,0.41335676051396397
872,Gator,Gator,T1014,Rootkit,MEDIUM_CANDIDATE,2,psxview.not_in_session_false_avg; psxview.not_in_pslist_false_avg,0.22692164033651352,0.10148499031093945
872,Gator,Gator,T1620,Reflective Code Loading,MEDIUM_CANDIDATE,2,ldrmodules.not_in_mem_avg; ldrmodules.not_in_init_avg,0.1540481299161911,0.06889414755145955
873,Gator,Emotet,T1014,Rootkit,MEDIUM_CANDIDATE,1,psxview.not_in_deskthrd_false_avg,0.10619376599788666,0.07710164561875125
873,Gator,Emotet,T1620,Reflective Code Loading,MEDIUM_CANDIDATE,3,ldrmodules.not_in_load_avg; ldrmodules.not_in_init_avg; ldrmodules.not_in_load,0.2040984258055687,0.14818501208554105
874,Gator,180solutions,T1014,Rootkit,MEDIUM_CANDIDATE,1,psxview.not_in_deskthrd_false_avg,0.14258359372615814,0.08622502702247112
874,Gator,180solutions,T1620,Reflective Code Loading,MEDIUM_CANDIDATE,3,ldrmodules.not_in_load; ldrmodules.not_in_load_avg; ldrmodules.not_in_init,0.35415587574243546,0.21416980143386677
875,Maze,Maze,T1014,Rootkit,MEDIUM_CANDIDATE,1,psxview.not_in_session_false_avg,0.10753019154071808,0.029296260427890377
875,Maze,Maze,T1620,Reflective Code Loading,MEDIUM_CANDIDATE,5,ldrmodules.not_in_mem_avg; ldrmodules.not_in_mem; ldrmodules.not_in_init_avg; ldrmodules.not_in_load_avg; ldrmodules.not_in_load,2.0304320752620697,0.553184794016617
876,Maze,Reconyc,T1014,Rootkit,MEDIUM_CANDIDATE,1,psxview.not_in_deskthrd_false_avg,0.16114942729473114,0.09826557574940954
877,Maze,Ako,T1055,Process Injection,HIGH_CANDIDATE,2,malfind.uniqueInjections; malfind.ninjections,1.192492052912712,0.49442869764794695
877,Maze,Ako,T1620,Reflective Code Loading,MEDIUM_CANDIDATE,3,ldrmodules.not_in_mem; ldrmodules.not_in_load; ldrmodules.not_in_mem_avg,0.1636824682354927,0.06786570141059041
878,Maze,Maze,T1620,Reflective Code Loading,MEDIUM_CANDIDATE,5,ldrmodules.not_in_mem_avg; ldrmodules.not_in_mem; ldrmodules.not_in_load_avg; ldrmodules.not_in_load; ldrmodules.not_in_init_avg,1.4151749536395073,0.6056729692625544
879,Maze,180solutions,T1014,Rootkit,MEDIUM_CANDIDATE,1,psxview.not_in_deskthrd_false_avg,0.14364652335643768,0.06867422573714477
879,Maze,180solutions,T1620,Reflective Code Loading,MEDIUM_CANDIDATE,2,ldrmodules.not_in_load; ldrmodules.not_in_init,0.29779282212257385,0.14236816187052195
880,Maze,Maze,T1620,Reflective Code Loading,MEDIUM_CANDIDATE,5,ldrmodules.not_in_mem; ldrmodules.not_in_mem_avg; ldrmodules.not_in_load_avg; ldrmodules.not_in_load; ldrmodules.not_in_init_avg,1.9993284717202187,0.4636341746216876
881,Maze,Shade,T1055,Process Injection,HIGH_CANDIDATE,1,malfind.uniqueInjections,0.039366982877254486,0.016560617380542594
881,Maze,Shade,T1620,Reflective Code Loading,MEDIUM_CANDIDATE,3,ldrmodules.not_in_init_avg; ldrmodules.not_in_init; ldrmodules.not_in_load_avg,0.3359825052320957,0.14133868813501854
882,Maze,Zeus,T1014,Rootkit,MEDIUM_CANDIDATE,4,psxview.not_in_csrss_handles_false_avg; psxview.not_in_pslist_false_avg; psxview.not_in_session_false_avg; psxview.not_in_ethread_pool_false_avg,0.2588503509759903,0.08206859704517858
882,Maze,Zeus,T1620,Reflective Code Loading,MEDIUM_CANDIDATE,1,ldrmodules.not_in_load,0.09207771718502045,0.029193273410698523
883,Maze,Maze,T1620,Reflective Code Loading,MEDIUM_CANDIDATE,4,ldrmodules.not_in_mem; ldrmodules.not_in_mem_avg; ldrmodules.not_in_load_avg; ldrmodules.not_in_init_avg,1.2956048026680946,0.327866879010617
884,Maze,Zeus,T1014,Rootkit,MEDIUM_CANDIDATE,1,psxview.not_in_session_false_avg,0.04373537003993988,0.015223766213078176
884,Maze,Zeus,T1620,Reflective Code Loading,MEDIUM_CANDIDATE,3,ldrmodules.not_in_init_avg; ldrmodules.not_in_load; ldrmodules.not_in_mem_avg,0.32644445449113846,0.11363146241109891
885,Maze,Scar,T1620,Reflective Code Loading,MEDIUM_CANDIDATE,5,ldrmodules.not_in_mem_avg; ldrmodules.not_in_mem; ldrmodules.not_in_load; ldrmodules.not_in_init_avg; ldrmodules.not_in_load_avg,0.5048186480998993,0.3190253599845903
886,Maze,Conti,T1014,Rootkit,MEDIUM_CANDIDATE,2,psxview.not_in_csrss_handles_false_avg; psxview.not_in_deskthrd_false_avg,0.18907516449689865,0.12353010652177206
886,Maze,Conti,T1055,Process Injection,HIGH_CANDIDATE,1,malfind.uniqueInjections,0.5229243040084839,0.34164664168810543
886,Maze,Conti,T1620,Reflective Code Loading,MEDIUM_CANDIDATE,3,ldrmodules.not_in_init_avg; ldrmodules.not_in_mem; ldrmodules.not_in_load_avg,0.20212296023964882,0.1320547353500214
887,Maze,Maze,T1620,Reflective Code Loading,MEDIUM_CANDIDATE,3,ldrmodules.not_in_mem; ldrmodules.not_in_mem_avg; ldrmodules.not_in_load_avg,1.355138123035431,0.28534237253334405
888,Maze,Ako,T1055,Process Injection,HIGH_CANDIDATE,2,malfind.uniqueInjections; malfind.ninjections,1.0298758745193481,0.4504112115100372
888,Maze,Ako,T1620,Reflective Code Loading,MEDIUM_CANDIDATE,2,ldrmodules.not_in_mem_avg; ldrmodules.not_in_load_avg,0.11925365775823593,0.05215500799352038
889,Maze,Maze,T1620,Reflective Code Loading,MEDIUM_CANDIDATE,5,ldrmodules.not_in_mem; ldrmodules.not_in_load; ldrmodules.not_in_load_avg; ldrmodules.not_in_mem_avg; ldrmodules.not_in_init,1.509485550224781,0.3585359621462236
890,Maze,Maze,T1620,Reflective Code Loading,MEDIUM_CANDIDATE,5,ldrmodules.not_in_mem; ldrmodules.not_in_mem_avg; ldrmodules.not_in_load_avg; ldrmodules.not_in_load; ldrmodules.not_in_init_avg,1.9953003376722336,0.4633159635960218
891,Maze,Maze,T1014,Rootkit,MEDIUM_CANDIDATE,1,psxview.not_in_csrss_handles_false_avg,0.1149345189332962,0.04056995363920407
891,Maze,Maze,T1620,Reflective Code Loading,MEDIUM_CANDIDATE,5,ldrmodules.not_in_mem_avg; ldrmodules.not_in_mem; ldrmodules.not_in_init_avg; ldrmodules.not_in_load_avg; ldrmodules.not_in_load,1.5076831430196762,0.5321868119569598
892,Maze,Maze,T1620,Reflective Code Loading,MEDIUM_CANDIDATE,5,ldrmodules.not_in_mem; ldrmodules.not_in_load; ldrmodules.not_in_load_avg; ldrmodules.not_in_mem_avg; ldrmodules.not_in_init,1.6393453404307365,0.34130846197937
893,Maze,Scar,T1620,Reflective Code Loading,MEDIUM_CANDIDATE,5,ldrmodules.not_in_mem; ldrmodules.not_in_init_avg; ldrmodules.not_in_load; ldrmodules.not_in_mem_avg; ldrmodules.not_in_load_avg,0.8108896911144257,0.3154705417148469
894,Maze,Conti,T1014,Rootkit,MEDIUM_CANDIDATE,2,psxview.not_in_csrss_handles_false_avg; psxview.not_in_deskthrd_false_avg,0.3688137158751488,0.16246850116365655
894,Maze,Conti,T1055,Process Injection,HIGH_CANDIDATE,1,malfind.uniqueInjections,0.5957518219947815,0.26243846532479675
894,Maze,Conti,T1620,Reflective Code Loading,MEDIUM_CANDIDATE,3,ldrmodules.not_in_load_avg; ldrmodules.not_in_mem_avg; ldrmodules.not_in_mem,0.40595658123493195,0.17883054358284436
895,Maze,Scar,T1620,Reflective Code Loading,MEDIUM_CANDIDATE,3,ldrmodules.not_in_load_avg; ldrmodules.not_in_mem_avg; ldrmodules.not_in_init_avg,1.0203326046466827,0.4372999730858499
896,Maze,Gator,T1620,Reflective Code Loading,MEDIUM_CANDIDATE,3,ldrmodules.not_in_init; ldrmodules.not_in_init_avg; ldrmodules.not_in_mem,0.4607609063386917,0.18339572450146588
897,Maze,Zeus,T1620,Reflective Code Loading,MEDIUM_CANDIDATE,1,ldrmodules.not_in_load,0.07848768681287766,0.029096253062983916
898,Maze,Zeus,T1014,Rootkit,MEDIUM_CANDIDATE,1,psxview.not_in_csrss_handles_false_avg,0.08276429027318954,0.030622350729735702
898,Maze,Zeus,T1620,Reflective Code Loading,MEDIUM_CANDIDATE,3,ldrmodules.not_in_init_avg; ldrmodules.not_in_load_avg; ldrmodules.not_in_load,0.3325088806450367,0.12302653149389162
899,Maze,Transponder,T1014,Rootkit,MEDIUM_CANDIDATE,1,psxview.not_in_session_false_avg,0.1205848678946495,0.052247601917002076
899,Maze,Transponder,T1055,Process Injection,HIGH_CANDIDATE,2,malfind.uniqueInjections; malfind.ninjections,0.3825377970933914,0.1657478495411551
899,Maze,Transponder,T1620,Reflective Code Loading,MEDIUM_CANDIDATE,1,ldrmodules.not_in_mem_avg,0.11440007388591766,0.049567824089578515
900,Maze,Gator,T1620,Reflective Code Loading,MEDIUM_CANDIDATE,2,ldrmodules.not_in_mem_avg; ldrmodules.not_in_init_avg,0.146273422986269,0.08665362699901741
901,Maze,Maze,T1620,Reflective Code Loading,MEDIUM_CANDIDATE,5,ldrmodules.not_in_mem; ldrmodules.not_in_load; ldrmodules.not_in_load_avg; ldrmodules.not_in_mem_avg; ldrmodules.not_in_init,1.5908371731638908,0.353267449764265
902,Maze,Ako,T1014,Rootkit,MEDIUM_CANDIDATE,2,psxview.not_in_pspcid_list_false_avg; psxview.not_in_deskthrd,0.07367579638957977,0.0629687174117352
902,Maze,Ako,T1620,Reflective Code Loading,MEDIUM_CANDIDATE,1,ldrmodules.not_in_init,0.10791245847940445,0.09222986972905368
903,Maze,Maze,T1055,Process Injection,HIGH_CANDIDATE,1,malfind.ninjections,0.07872433215379715,0.023642945894758457
903,Maze,Maze,T1620,Reflective Code Loading,MEDIUM_CANDIDATE,5,ldrmodules.not_in_mem; ldrmodules.not_in_load_avg; ldrmodules.not_in_load; ldrmodules.not_in_mem_avg; ldrmodules.not_in_init,1.2820975482463837,0.3850469370228838
904,Maze,Maze,T1620,Reflective Code Loading,MEDIUM_CANDIDATE,2,ldrmodules.not_in_mem; ldrmodules.not_in_load,0.5497609227895737,0.3330670397761632
905,Maze,Maze,T1055,Process Injection,HIGH_CANDIDATE,2,malfind.uniqueInjections; malfind.ninjections,0.6349676102399826,0.16547704061498683
905,Maze,Maze,T1620,Reflective Code Loading,MEDIUM_CANDIDATE,3,ldrmodules.not_in_load_avg; ldrmodules.not_in_load; ldrmodules.not_in_mem,0.30840421468019485,0.08037231495820671
906,Maze,Maze,T1014,Rootkit,MEDIUM_CANDIDATE,1,psxview.not_in_csrss_handles_false_avg,0.07839442789554596,0.034900610396531404
906,Maze,Maze,T1620,Reflective Code Loading,MEDIUM_CANDIDATE,3,ldrmodules.not_in_mem; ldrmodules.not_in_load_avg; ldrmodules.not_in_load,0.8129516094923019,0.36191994961590856
907,Maze,TIBS,T1014,Rootkit,MEDIUM_CANDIDATE,1,psxview.not_in_session_false_avg,0.13615435361862183,0.037947745036530686
907,Maze,TIBS,T1620,Reflective Code Loading,MEDIUM_CANDIDATE,1,ldrmodules.not_in_load,0.6855775713920593,0.19107815644898743
908,Maze,Maze,T1620,Reflective Code Loading,MEDIUM_CANDIDATE,4,ldrmodules.not_in_mem; ldrmodules.not_in_load; ldrmodules.not_in_mem_avg; ldrmodules.not_in_load_avg,0.9737581759691238,0.593642640031484
909,Maze,Zeus,T1620,Reflective Code Loading,MEDIUM_CANDIDATE,1,ldrmodules.not_in_load,0.06797738373279572,0.026251063455259325
910,Maze,Conti,T1014,Rootkit,MEDIUM_CANDIDATE,1,psxview.not_in_deskthrd_false_avg,0.0999334380030632,0.08282205629393141
910,Maze,Conti,T1055,Process Injection,HIGH_CANDIDATE,1,malfind.uniqueInjections,0.49279263615608215,0.4084128422731023
910,Maze,Conti,T1620,Reflective Code Loading,MEDIUM_CANDIDATE,4,ldrmodules.not_in_mem_avg; ldrmodules.not_in_load_avg; ldrmodules.not_in_init; ldrmodules.not_in_mem,0.3708331398665905,0.307336200969536
911,Maze,Ako,T1014,Rootkit,MEDIUM_CANDIDATE,1,psxview.not_in_deskthrd_false_avg,0.03832436725497246,0.02832091257169762
912,Maze,Zeus,T1014,Rootkit,MEDIUM_CANDIDATE,1,psxview.not_in_session_false_avg,0.07851401716470718,0.030960720720769424
912,Maze,Zeus,T1620,Reflective Code Loading,MEDIUM_CANDIDATE,2,ldrmodules.not_in_init_avg; ldrmodules.not_in_load,0.20387708395719528,0.08039559922812063
913,Maze,Conti,T1014,Rootkit,MEDIUM_CANDIDATE,2,psxview.not_in_csrss_handles_false_avg; psxview.not_in_deskthrd_false_avg,0.3986109346151352,0.19013583372474183
913,Maze,Conti,T1055,Process Injection,HIGH_CANDIDATE,1,malfind.uniqueInjections,0.5819674134254456,0.2775961463754515
913,Maze,Conti,T1620,Reflective Code Loading,MEDIUM_CANDIDATE,3,ldrmodules.not_in_load_avg; ldrmodules.not_in_mem_avg; ldrmodules.not_in_mem,0.3274133577942848,0.15617487216435683
914,Maze,Maze,T1014,Rootkit,MEDIUM_CANDIDATE,1,psxview.not_in_csrss_handles_false_avg,0.1353176087141037,0.039899084305481114
914,Maze,Maze,T1620,Reflective Code Loading,MEDIUM_CANDIDATE,3,ldrmodules.not_in_mem; ldrmodules.not_in_mem_avg; ldrmodules.not_in_init_avg,1.0703318864107132,0.3155927936989523
915,Maze,Maze,T1620,Reflective Code Loading,MEDIUM_CANDIDATE,4,ldrmodules.not_in_mem; ldrmodules.not_in_mem_avg; ldrmodules.not_in_load_avg; ldrmodules.not_in_load,1.5520301461219788,0.5214533342532636
916,Maze,Zeus,T1620,Reflective Code Loading,MEDIUM_CANDIDATE,2,ldrmodules.not_in_init_avg; ldrmodules.not_in_mem_avg,0.24929340928792953,0.16726791695532311
917,Maze,Zeus,T1620,Reflective Code Loading,MEDIUM_CANDIDATE,1,ldrmodules.not_in_load,0.0850130245089531,0.03139613550357852
918,Maze,Shade,T1014,Rootkit,MEDIUM_CANDIDATE,1,psxview.not_in_session_false_avg,0.08019698411226273,0.041885778687983634
918,Maze,Shade,T1055,Process Injection,HIGH_CANDIDATE,1,malfind.uniqueInjections,0.0666511282324791,0.034810964992674324
918,Maze,Shade,T1620,Reflective Code Loading,MEDIUM_CANDIDATE,2,ldrmodules.not_in_load_avg; ldrmodules.not_in_load,0.18966242671012878,0.09905806955889813
919,Maze,Maze,T1620,Reflective Code Loading,MEDIUM_CANDIDATE,5,ldrmodules.not_in_mem; ldrmodules.not_in_mem_avg; ldrmodules.not_in_load_avg; ldrmodules.not_in_init_avg; ldrmodules.not_in_load,1.0051139369606972,0.49614776714965275
920,Maze,Zeus,T1014,Rootkit,MEDIUM_CANDIDATE,1,psxview.not_in_session_false_avg,0.051405370235443115,0.021047163489127566
920,Maze,Zeus,T1620,Reflective Code Loading,MEDIUM_CANDIDATE,3,ldrmodules.not_in_init_avg; ldrmodules.not_in_mem_avg; ldrmodules.not_in_load,0.23734334111213684,0.0971766973093148
921,Maze,Conti,T1014,Rootkit,MEDIUM_CANDIDATE,1,psxview.not_in_pspcid_list_false_avg,0.056229203939437866,0.033994029488436266
921,Maze,Conti,T1055,Process Injection,HIGH_CANDIDATE,1,malfind.uniqueInjections,0.41049298644065857,0.24816838418857257
921,Maze,Conti,T1620,Reflective Code Loading,MEDIUM_CANDIDATE,1,ldrmodules.not_in_init,0.047876812517642975,0.028944492585917275
922,Maze,Emotet,T1014,Rootkit,MEDIUM_CANDIDATE,1,psxview.not_in_deskthrd_false_avg,0.12458065897226334,0.03971544162770659
923,Maze,Maze,T1620,Reflective Code Loading,MEDIUM_CANDIDATE,5,ldrmodules.not_in_mem; ldrmodules.not_in_mem_avg; ldrmodules.not_in_load_avg; ldrmodules.not_in_load; ldrmodules.not_in_init_avg,1.7199188694357872,0.5445915508335993
924,Maze,Maze,T1620,Reflective Code Loading,MEDIUM_CANDIDATE,5,ldrmodules.not_in_mem; ldrmodules.not_in_load; ldrmodules.not_in_load_avg; ldrmodules.not_in_mem_avg; ldrmodules.not_in_init,1.6206285282969475,0.34847885240053694
925,Maze,CWS,T1055,Process Injection,HIGH_CANDIDATE,1,malfind.ninjections,0.2471042275428772,0.11005439547724041
925,Maze,CWS,T1620,Reflective Code Loading,MEDIUM_CANDIDATE,3,ldrmodules.not_in_load; ldrmodules.not_in_mem_avg; ldrmodules.not_in_load_avg,0.30420931428670883,0.1354876544010573
926,Maze,Conti,T1055,Process Injection,HIGH_CANDIDATE,1,malfind.uniqueInjections,0.48807838559150696,0.21988011995724224
926,Maze,Conti,T1620,Reflective Code Loading,MEDIUM_CANDIDATE,3,ldrmodules.not_in_init_avg; ldrmodules.not_in_init; ldrmodules.not_in_mem,0.42156387120485306,0.189915221215597
927,Maze,Maze,T1620,Reflective Code Loading,MEDIUM_CANDIDATE,5,ldrmodules.not_in_mem; ldrmodules.not_in_load; ldrmodules.not_in_load_avg; ldrmodules.not_in_mem_avg; ldrmodules.not_in_init,1.5770865306258202,0.35763285837882847
928,Maze,Maze,T1620,Reflective Code Loading,MEDIUM_CANDIDATE,5,ldrmodules.not_in_mem; ldrmodules.not_in_load; ldrmodules.not_in_load_avg; ldrmodules.not_in_mem_avg; ldrmodules.not_in_init,1.6393453404307365,0.34130846197937
929,Maze,Maze,T1620,Reflective Code Loading,MEDIUM_CANDIDATE,3,ldrmodules.not_in_mem; ldrmodules.not_in_load_avg; ldrmodules.not_in_mem_avg,0.7252922803163528,0.31092967165273655
930,Maze,Ako,T1620,Reflective Code Loading,MEDIUM_CANDIDATE,1,ldrmodules.not_in_mem,0.10512810200452805,0.05729598271371915
931,Maze,Zeus,T1620,Reflective Code Loading,MEDIUM_CANDIDATE,3,ldrmodules.not_in_init_avg; ldrmodules.not_in_load; ldrmodules.not_in_load_avg,0.25525321438908577,0.09605881922680795
932,Maze,Ako,T1014,Rootkit,MEDIUM_CANDIDATE,1,psxview.not_in_deskthrd,0.030601151287555695,0.019723565282539875
933,Maze,Maze,T1014,Rootkit,MEDIUM_CANDIDATE,1,psxview.not_in_csrss_handles_false_avg,0.06968503445386887,0.02191382324513031
933,Maze,Maze,T1620,Reflective Code Loading,MEDIUM_CANDIDATE,5,ldrmodules.not_in_mem; ldrmodules.not_in_load_avg; ldrmodules.not_in_load; ldrmodules.not_in_mem_avg; ldrmodules.not_in_init_avg,1.539852313697338,0.4842367043429792
934,Maze,Maze,T1620,Reflective Code Loading,MEDIUM_CANDIDATE,5,ldrmodules.not_in_mem_avg; ldrmodules.not_in_mem; ldrmodules.not_in_init_avg; ldrmodules.not_in_load_avg; ldrmodules.not_in_load,2.6215355843305588,0.5135875325005562
935,Maze,Shade,T1620,Reflective Code Loading,MEDIUM_CANDIDATE,4,ldrmodules.not_in_init_avg; ldrmodules.not_in_load_avg; ldrmodules.not_in_mem; ldrmodules.not_in_mem_avg,0.6332148350775242,0.35602296863258415
936,Maze,Conti,T1055,Process Injection,HIGH_CANDIDATE,1,malfind.uniqueInjections,0.49514466524124146,0.22366314656504332
936,Maze,Conti,T1620,Reflective Code Loading,MEDIUM_CANDIDATE,3,ldrmodules.not_in_init_avg; ldrmodules.not_in_mem; ldrmodules.not_in_init,0.37688200175762177,0.1702423964434159
937,Maze,Scar,T1620,Reflective Code Loading,MEDIUM_CANDIDATE,3,ldrmodules.not_in_load_avg; ldrmodules.not_in_mem_avg; ldrmodules.not_in_init_avg,0.9622786045074463,0.4703084269033087
938,Maze,Maze,T1620,Reflective Code Loading,MEDIUM_CANDIDATE,5,ldrmodules.not_in_mem; ldrmodules.not_in_load_avg; ldrmodules.not_in_mem_avg; ldrmodules.not_in_load; ldrmodules.not_in_init_avg,1.6059572845697403,0.40096574234420396
939,Maze,Conti,T1055,Process Injection,HIGH_CANDIDATE,1,malfind.uniqueInjections,0.43365901708602905,0.3968033575290717
939,Maze,Conti,T1620,Reflective Code Loading,MEDIUM_CANDIDATE,4,ldrmodules.not_in_mem_avg; ldrmodules.not_in_load_avg; ldrmodules.not_in_init; ldrmodules.not_in_mem,0.29953787103295326,0.27408085212121164
940,Maze,Transponder,T1014,Rootkit,MEDIUM_CANDIDATE,1,psxview.not_in_session_false_avg,0.05497654154896736,0.04231206689303419
940,Maze,Transponder,T1620,Reflective Code Loading,MEDIUM_CANDIDATE,1,ldrmodules.not_in_mem_avg,0.041005589067935944,0.031559482985763894
941,Maze,Conti,T1014,Rootkit,MEDIUM_CANDIDATE,1,psxview.not_in_deskthrd_false_avg,0.08338261395692825,0.0536175697936053
941,Maze,Conti,T1055,Process Injection,HIGH_CANDIDATE,1,malfind.uniqueInjections,0.34115666151046753,0.21937416256271003
941,Maze,Conti,T1620,Reflective Code Loading,MEDIUM_CANDIDATE,2,ldrmodules.not_in_init_avg; ldrmodules.not_in_mem,0.11189262568950653,0.07195037889308553
942,Maze,Zeus,T1620,Reflective Code Loading,MEDIUM_CANDIDATE,3,ldrmodules.not_in_init_avg; ldrmodules.not_in_mem_avg; ldrmodules.not_in_load,0.36007221043109894,0.11319149333737348
943,Maze,Transponder,T1055,Process Injection,HIGH_CANDIDATE,1,malfind.ninjections,0.05259549990296364,0.02635711253670271
943,Maze,Transponder,T1620,Reflective Code Loading,MEDIUM_CANDIDATE,3,ldrmodules.not_in_init_avg; ldrmodules.not_in_mem_avg; ldrmodules.not_in_load_avg,0.530338428914547,0.265767787723816
944,Maze,Maze,T1014,Rootkit,MEDIUM_CANDIDATE,2,psxview.not_in_session_false_avg; psxview.not_in_csrss_handles_false_avg,0.2217622548341751,0.05979921237182591
944,Maze,Maze,T1620,Reflective Code Loading,MEDIUM_CANDIDATE,4,ldrmodules.not_in_mem_avg; ldrmodules.not_in_mem; ldrmodules.not_in_init_avg; ldrmodules.not_in_load_avg,1.9300684332847595,0.5204518335207969
945,Maze,Zeus,T1014,Rootkit,MEDIUM_CANDIDATE,1,psxview.not_in_session_false_avg,0.07851401716470718,0.030960720720769424
945,Maze,Zeus,T1620,Reflective Code Loading,MEDIUM_CANDIDATE,2,ldrmodules.not_in_init_avg; ldrmodules.not_in_load,0.20387708395719528,0.08039559922812063
946,Maze,180solutions,T1055,Process Injection,HIGH_CANDIDATE,1,malfind.uniqueInjections,0.051058851182460785,0.034998187479748886
946,Maze,180solutions,T1620,Reflective Code Loading,MEDIUM_CANDIDATE,1,ldrmodules.not_in_init_avg,0.06992785632610321,0.04793190933756442
947,Maze,Maze,T1014,Rootkit,MEDIUM_CANDIDATE,1,psxview.not_in_csrss_handles_false_avg,0.06977298110723495,0.022532941885296528
947,Maze,Maze,T1620,Reflective Code Loading,MEDIUM_CANDIDATE,4,ldrmodules.not_in_mem; ldrmodules.not_in_load_avg; ldrmodules.not_in_load; ldrmodules.not_in_mem_avg,1.4007220268249512,0.4523583130179398
948,Maze,Transponder,T1014,Rootkit,MEDIUM_CANDIDATE,2,psxview.not_in_deskthrd_false_avg; psxview.not_in_session_false_avg,0.1828339882194996,0.07427498179621371
948,Maze,Transponder,T1055,Process Injection,HIGH_CANDIDATE,2,malfind.uniqueInjections; malfind.ninjections,0.425005704164505,0.17265548516180584
948,Maze,Transponder,T1620,Reflective Code Loading,MEDIUM_CANDIDATE,4,ldrmodules.not_in_load; ldrmodules.not_in_init_avg; ldrmodules.not_in_mem_avg; ldrmodules.not_in_load_avg,0.5266119912266731,0.21393230242875272
949,Maze,Ako,T1055,Process Injection,HIGH_CANDIDATE,2,malfind.uniqueInjections; malfind.ninjections,1.1538805961608887,0.4562363915071701
949,Maze,Ako,T1620,Reflective Code Loading,MEDIUM_CANDIDATE,2,ldrmodules.not_in_mem; ldrmodules.not_in_load,0.09886457026004791,0.039090365964575206
950,Maze,Gator,T1620,Reflective Code Loading,MEDIUM_CANDIDATE,5,ldrmodules.not_in_load; ldrmodules.not_in_init_avg; ldrmodules.not_in_load_avg; ldrmodules.not_in_mem_avg; ldrmodules.not_in_mem,0.7907565273344517,0.3229578433452472
951,Maze,Maze,T1620,Reflective Code Loading,MEDIUM_CANDIDATE,5,ldrmodules.not_in_mem; ldrmodules.not_in_load; ldrmodules.not_in_load_avg; ldrmodules.not_in_mem_avg; ldrmodules.not_in_init,1.1261748597025871,0.5095487117535757
952,Maze,Conti,T1055,Process Injection,HIGH_CANDIDATE,1,malfind.uniqueInjections,0.38505828380584717,0.2525937509775752
952,Maze,Conti,T1620,Reflective Code Loading,MEDIUM_CANDIDATE,3,ldrmodules.not_in_init_avg; ldrmodules.not_in_load_avg; ldrmodules.not_in_mem_avg,0.3053295537829399,0.20029263235700043
953,Maze,180solutions,T1055,Process Injection,HIGH_CANDIDATE,1,malfind.uniqueInjections,0.04795002192258835,0.05150654022928072
953,Maze,180solutions,T1620,Reflective Code Loading,MEDIUM_CANDIDATE,1,ldrmodules.not_in_mem_avg,0.03460422530770302,0.037170867737907565
954,Maze,Ako,T1014,Rootkit,MEDIUM_CANDIDATE,1,psxview.not_in_deskthrd_false_avg,0.06841635704040527,0.02606917194555526
954,Maze,Ako,T1055,Process Injection,HIGH_CANDIDATE,2,malfind.uniqueInjections; malfind.ninjections,1.1720395684242249,0.4465905867832291
954,Maze,Ako,T1620,Reflective Code Loading,MEDIUM_CANDIDATE,3,ldrmodules.not_in_load; ldrmodules.not_in_load_avg; ldrmodules.not_in_mem_avg,0.19081277400255203,0.07270675069622853
955,Maze,CWS,T1055,Process Injection,HIGH_CANDIDATE,1,malfind.ninjections,0.2656078040599823,0.10710604644418595
955,Maze,CWS,T1620,Reflective Code Loading,MEDIUM_CANDIDATE,2,ldrmodules.not_in_mem_avg; ldrmodules.not_in_init_avg,0.1713339388370514,0.069090216966676
956,Maze,Maze,T1620,Reflective Code Loading,MEDIUM_CANDIDATE,3,ldrmodules.not_in_mem; ldrmodules.not_in_load; ldrmodules.not_in_load_avg,0.7215348221361637,0.49177745941067164
957,Maze,Zeus,T1620,Reflective Code Loading,MEDIUM_CANDIDATE,4,ldrmodules.not_in_init_avg; ldrmodules.not_in_mem_avg; ldrmodules.not_in_load; ldrmodules.not_in_load_avg,0.3411984369158745,0.13586771613626447
958,Maze,Zeus,T1620,Reflective Code Loading,MEDIUM_CANDIDATE,2,ldrmodules.not_in_init_avg; ldrmodules.not_in_load,0.2995615378022194,0.10743114851847298
959,Maze,Zeus,T1014,Rootkit,MEDIUM_CANDIDATE,1,psxview.not_in_session_false_avg,0.08669047802686691,0.03873969906855078
959,Maze,Zeus,T1620,Reflective Code Loading,MEDIUM_CANDIDATE,2,ldrmodules.not_in_init_avg; ldrmodules.not_in_load,0.2688427194952965,0.1201387544176517
960,Maze,Maze,T1014,Rootkit,MEDIUM_CANDIDATE,1,psxview.not_in_csrss_handles_false_avg,0.07365395128726959,0.018964960503003506
960,Maze,Maze,T1620,Reflective Code Loading,MEDIUM_CANDIDATE,5,ldrmodules.not_in_mem; ldrmodules.not_in_mem_avg; ldrmodules.not_in_load_avg; ldrmodules.not_in_load; ldrmodules.not_in_init_avg,1.8788375928997993,0.48377690698396447
961,Maze,Maze,T1014,Rootkit,MEDIUM_CANDIDATE,1,psxview.not_in_deskthrd_false_avg,0.1809598207473755,0.04889176898150319
961,Maze,Maze,T1620,Reflective Code Loading,MEDIUM_CANDIDATE,4,ldrmodules.not_in_mem; ldrmodules.not_in_mem_avg; ldrmodules.not_in_init_avg; ldrmodules.not_in_load_avg,1.305269867181778,0.35265813450301176
962,Maze,Maze,T1620,Reflective Code Loading,MEDIUM_CANDIDATE,5,ldrmodules.not_in_mem; ldrmodules.not_in_load; ldrmodules.not_in_load_avg; ldrmodules.not_in_mem_avg; ldrmodules.not_in_init,1.635761208832264,0.3494397976916432
963,Maze,Maze,T1620,Reflective Code Loading,MEDIUM_CANDIDATE,5,ldrmodules.not_in_mem; ldrmodules.not_in_load_avg; ldrmodules.not_in_mem_avg; ldrmodules.not_in_load; ldrmodules.not_in_init_avg,1.7131040841341019,0.4171044330306252
964,Maze,Maze,T1055,Process Injection,HIGH_CANDIDATE,2,malfind.ninjections; malfind.uniqueInjections,0.22725306451320648,0.08731769957981976
964,Maze,Maze,T1620,Reflective Code Loading,MEDIUM_CANDIDATE,1,ldrmodules.not_in_init_avg,0.16596432030200958,0.06376865672699297
965,Maze,Maze,T1620,Reflective Code Loading,MEDIUM_CANDIDATE,5,ldrmodules.not_in_mem; ldrmodules.not_in_load; ldrmodules.not_in_load_avg; ldrmodules.not_in_mem_avg; ldrmodules.not_in_init,1.6298015788197517,0.33972981600699137
966,Maze,Transponder,T1055,Process Injection,HIGH_CANDIDATE,2,malfind.ninjections; malfind.uniqueInjections,0.42337706685066223,0.18002450528651368
966,Maze,Transponder,T1620,Reflective Code Loading,MEDIUM_CANDIDATE,4,ldrmodules.not_in_load; ldrmodules.not_in_init_avg; ldrmodules.not_in_mem; ldrmodules.not_in_load_avg,0.4264074079692364,0.18131303908636903
967,Maze,Ako,T1055,Process Injection,HIGH_CANDIDATE,2,malfind.uniqueInjections; malfind.ninjections,1.2311453521251678,0.4813068855612844
967,Maze,Ako,T1620,Reflective Code Loading,MEDIUM_CANDIDATE,3,ldrmodules.not_in_load_avg; ldrmodules.not_in_mem; ldrmodules.not_in_load,0.18377312272787094,0.07184470070681842
968,Maze,Maze,T1620,Reflective Code Loading,MEDIUM_CANDIDATE,2,ldrmodules.not_in_mem; ldrmodules.not_in_load,0.6335238069295883,0.29441750474599065
969,Maze,Maze,T1620,Reflective Code Loading,MEDIUM_CANDIDATE,4,ldrmodules.not_in_mem; ldrmodules.not_in_init_avg; ldrmodules.not_in_load_avg; ldrmodules.not_in_mem_avg,0.8403548821806908,0.5548059263780426
970,Maze,Maze,T1620,Reflective Code Loading,MEDIUM_CANDIDATE,4,ldrmodules.not_in_mem; ldrmodules.not_in_mem_avg; ldrmodules.not_in_load; ldrmodules.not_in_load_avg,1.501263588666916,0.47956220601997995
971,Maze,Maze,T1014,Rootkit,MEDIUM_CANDIDATE,2,psxview.not_in_session_false_avg; psxview.not_in_csrss_handles_false_avg,0.2778266370296478,0.0948844104537489
971,Maze,Maze,T1620,Reflective Code Loading,MEDIUM_CANDIDATE,4,ldrmodules.not_in_mem; ldrmodules.not_in_mem_avg; ldrmodules.not_in_load_avg; ldrmodules.not_in_init_avg,1.546865239739418,0.5282913038623037
972,Maze,Zeus,T1014,Rootkit,MEDIUM_CANDIDATE,1,psxview.not_in_session_false_avg,0.038689613342285156,0.021655408537671856
972,Maze,Zeus,T1620,Reflective Code Loading,MEDIUM_CANDIDATE,3,ldrmodules.not_in_init_avg; ldrmodules.not_in_load; ldrmodules.not_in_mem_avg,0.2518576569855213,0.14097014635711913
973,Maze,Zeus,T1620,Reflective Code Loading,MEDIUM_CANDIDATE,2,ldrmodules.not_in_init_avg; ldrmodules.not_in_load,0.21940388157963753,0.08789410195789556
974,Maze,Emotet,T1620,Reflective Code Loading,MEDIUM_CANDIDATE,1,ldrmodules.not_in_init_avg,0.11014389991760254,0.05828755709739024
975,Maze,Conti,T1055,Process Injection,HIGH_CANDIDATE,1,malfind.uniqueInjections,0.30297863483428955,0.1441300034065313
976,Maze,Transponder,T1014,Rootkit,MEDIUM_CANDIDATE,4,psxview.not_in_session_false_avg; psxview.not_in_deskthrd_false_avg; psxview.not_in_ethread_pool_false_avg; psxview.not_in_pslist_false_avg,0.5469244122505188,0.2369188320237024
976,Maze,Transponder,T1620,Reflective Code Loading,MEDIUM_CANDIDATE,3,ldrmodules.not_in_load_avg; ldrmodules.not_in_init_avg; ldrmodules.not_in_mem_avg,0.343365915119648,0.14874057501319657
977,Maze,Transponder,T1014,Rootkit,MEDIUM_CANDIDATE,4,psxview.not_in_deskthrd_false_avg; psxview.not_in_pslist_false_avg; psxview.not_in_ethread_pool_false_avg; psxview.not_in_pslist,0.5124138072133064,0.2322285001995966
977,Maze,Transponder,T1055,Process Injection,HIGH_CANDIDATE,2,malfind.ninjections; malfind.uniqueInjections,0.2594965994358063,0.11760515670255317
978,Maze,Refroso,T1620,Reflective Code Loading,MEDIUM_CANDIDATE,1,ldrmodules.not_in_init,0.15540046989917755,0.058979850252952395
979,Maze,Maze,T1620,Reflective Code Loading,MEDIUM_CANDIDATE,5,ldrmodules.not_in_mem; ldrmodules.not_in_load; ldrmodules.not_in_load_avg; ldrmodules.not_in_mem_avg; ldrmodules.not_in_init,1.6504653990268707,0.3431948602375786
980,Maze,Maze,T1620,Reflective Code Loading,MEDIUM_CANDIDATE,5,ldrmodules.not_in_mem; ldrmodules.not_in_mem_avg; ldrmodules.not_in_load_avg; ldrmodules.not_in_load; ldrmodules.not_in_init_avg,1.9318401515483856,0.42962675296246916
981,Maze,Maze,T1014,Rootkit,MEDIUM_CANDIDATE,4,psxview.not_in_csrss_handles_false_avg; psxview.not_in_session_false_avg; psxview.not_in_deskthrd_false_avg; psxview.not_in_ethread_pool_false_avg,0.9909875318408012,0.3806808014252463
981,Maze,Maze,T1055,Process Injection,HIGH_CANDIDATE,2,malfind.uniqueInjections; malfind.ninjections,0.2765722721815109,0.10624326829873044
981,Maze,Maze,T1620,Reflective Code Loading,MEDIUM_CANDIDATE,1,ldrmodules.not_in_mem,0.2751103341579437,0.10568167522054932
982,Maze,Maze,T1620,Reflective Code Loading,MEDIUM_CANDIDATE,1,ldrmodules.not_in_mem,0.4729854464530945,0.12497947303307735
983,Maze,Gator,T1014,Rootkit,MEDIUM_CANDIDATE,1,psxview.not_in_session_false_avg,0.07458563894033432,0.04019297360205437
983,Maze,Gator,T1620,Reflective Code Loading,MEDIUM_CANDIDATE,3,ldrmodules.not_in_init_avg; ldrmodules.not_in_mem; ldrmodules.not_in_load_avg,0.36591338366270065,0.19718470176220493
984,Maze,Zeus,T1014,Rootkit,MEDIUM_CANDIDATE,1,psxview.not_in_csrss_handles_false_avg,0.08154173940420151,0.028167486393073038
984,Maze,Zeus,T1620,Reflective Code Loading,MEDIUM_CANDIDATE,3,ldrmodules.not_in_init_avg; ldrmodules.not_in_mem_avg; ldrmodules.not_in_init,0.25114699080586433,0.08675531694410875
985,Maze,Transponder,T1014,Rootkit,MEDIUM_CANDIDATE,1,psxview.not_in_deskthrd_false_avg,0.1370714157819748,0.05562790997257913
985,Maze,Transponder,T1055,Process Injection,HIGH_CANDIDATE,2,malfind.uniqueInjections; malfind.ninjections,0.42471157014369965,0.17236136982670094
985,Maze,Transponder,T1620,Reflective Code Loading,MEDIUM_CANDIDATE,2,ldrmodules.not_in_init_avg; ldrmodules.not_in_mem_avg,0.12679048255085945,0.051455582540547246
986,Maze,Maze,T1620,Reflective Code Loading,MEDIUM_CANDIDATE,5,ldrmodules.not_in_mem; ldrmodules.not_in_load_avg; ldrmodules.not_in_load; ldrmodules.not_in_mem_avg; ldrmodules.not_in_init_avg,1.554772488772869,0.4593223649706894
987,Maze,Maze,T1014,Rootkit,MEDIUM_CANDIDATE,1,psxview.not_in_csrss_handles_false_avg,0.08454764634370804,0.028947157105314033
987,Maze,Maze,T1055,Process Injection,HIGH_CANDIDATE,1,malfind.ninjections,0.07014912366867065,0.024017436220307383
987,Maze,Maze,T1620,Reflective Code Loading,MEDIUM_CANDIDATE,5,ldrmodules.not_in_mem; ldrmodules.not_in_load_avg; ldrmodules.not_in_load; ldrmodules.not_in_mem_avg; ldrmodules.not_in_init,1.2010838687419891,0.411223315475773
988,Maze,Scar,T1620,Reflective Code Loading,MEDIUM_CANDIDATE,2,ldrmodules.not_in_mem; ldrmodules.not_in_mem_avg,0.16051306203007698,0.10645329272081404
989,Maze,Maze,T1620,Reflective Code Loading,MEDIUM_CANDIDATE,4,ldrmodules.not_in_mem; ldrmodules.not_in_load; ldrmodules.not_in_mem_avg; ldrmodules.not_in_load_avg,0.8955586925148964,0.6160654221275697
990,Maze,Zeus,T1014,Rootkit,MEDIUM_CANDIDATE,2,psxview.not_in_session_false_avg; psxview.not_in_pslist_false_avg,0.10145476460456848,0.037592965131394235
990,Maze,Zeus,T1620,Reflective Code Loading,MEDIUM_CANDIDATE,1,ldrmodules.not_in_load,0.05814335495233536,0.021544390979218696
991,Maze,Maze,T1620,Reflective Code Loading,MEDIUM_CANDIDATE,5,ldrmodules.not_in_mem; ldrmodules.not_in_load_avg; ldrmodules.not_in_load; ldrmodules.not_in_mem_avg; ldrmodules.not_in_init_avg,1.4905898496508598,0.4871409913596966
992,Maze,Pysa,T1620,Reflective Code Loading,MEDIUM_CANDIDATE,5,ldrmodules.not_in_load_avg; ldrmodules.not_in_mem_avg; ldrmodules.not_in_init_avg; ldrmodules.not_in_mem; ldrmodules.not_in_load,1.1510483995079994,0.3441957544427983
993,Maze,Zeus,T1620,Reflective Code Loading,MEDIUM_CANDIDATE,4,ldrmodules.not_in_init_avg; ldrmodules.not_in_load; ldrmodules.not_in_mem_avg; ldrmodules.not_in_load_avg,0.404499389231205,0.15452858159912208
994,Maze,Conti,T1014,Rootkit,MEDIUM_CANDIDATE,1,psxview.not_in_deskthrd_false_avg,0.08338261395692825,0.0536175697936053
994,Maze,Conti,T1055,Process Injection,HIGH_CANDIDATE,1,malfind.uniqueInjections,0.34115666151046753,0.21937416256271003
994,Maze,Conti,T1620,Reflective Code Loading,MEDIUM_CANDIDATE,2,ldrmodules.not_in_init_avg; ldrmodules.not_in_mem,0.11189262568950653,0.07195037889308553
995,Maze,TIBS,T1620,Reflective Code Loading,MEDIUM_CANDIDATE,1,ldrmodules.not_in_load,0.6222712397575378,0.20324449931234986
996,Maze,Transponder,T1014,Rootkit,MEDIUM_CANDIDATE,2,psxview.not_in_ethread_pool_false_avg; psxview.not_in_pslist_false_avg,0.14120325446128845,0.10928061971725571
996,Maze,Transponder,T1620,Reflective Code Loading,MEDIUM_CANDIDATE,3,ldrmodules.not_in_mem_avg; ldrmodules.not_in_init_avg; ldrmodules.not_in_load_avg,0.20932790264487267,0.16200393547881348
997,Maze,Shade,T1014,Rootkit,MEDIUM_CANDIDATE,1,psxview.not_in_session_false_avg,0.13441123068332672,0.03594793982656686
997,Maze,Shade,T1055,Process Injection,HIGH_CANDIDATE,1,malfind.uniqueInjections,0.15702727437019348,0.04199654285949292
997,Maze,Shade,T1620,Reflective Code Loading,MEDIUM_CANDIDATE,2,ldrmodules.not_in_load_avg; ldrmodules.not_in_mem_avg,0.47579868137836456,0.12725114025662293
998,Maze,Zeus,T1014,Rootkit,MEDIUM_CANDIDATE,1,psxview.not_in_ethread_pool_false_avg,0.04745437949895859,0.023179893308392156
998,Maze,Zeus,T1620,Reflective Code Loading,MEDIUM_CANDIDATE,3,ldrmodules.not_in_init_avg; ldrmodules.not_in_mem_avg; ldrmodules.not_in_load,0.25801489874720573,0.12603173591316444
999,Maze,Maze,T1620,Reflective Code Loading,MEDIUM_CANDIDATE,5,ldrmodules.not_in_mem; ldrmodules.not_in_load_avg; ldrmodules.not_in_load; ldrmodules.not_in_mem_avg; ldrmodules.not_in_init_avg,1.5399158596992493,0.4393720140254402
1000,Pysa,Pysa,T1620,Reflective Code Loading,MEDIUM_CANDIDATE,5,ldrmodules.not_in_load_avg; ldrmodules.not_in_init_avg; ldrmodules.not_in_mem; ldrmodules.not_in_mem_avg; ldrmodules.not_in_load,1.082466945052147,0.34161022796812684
1001,Pysa,Ako,T1055,Process Injection,HIGH_CANDIDATE,2,malfind.uniqueInjections; malfind.ninjections,1.364697441458702,0.43159415038156107
1001,Pysa,Ako,T1620,Reflective Code Loading,MEDIUM_CANDIDATE,4,ldrmodules.not_in_load; ldrmodules.not_in_mem; ldrmodules.not_in_init; ldrmodules.not_in_load_avg,0.2572736330330372,0.08136440480593617
1002,Pysa,Ako,T1014,Rootkit,MEDIUM_CANDIDATE,1,psxview.not_in_csrss_handles_false_avg,0.10164784640073776,0.04537903004008546
1002,Pysa,Ako,T1620,Reflective Code Loading,MEDIUM_CANDIDATE,3,ldrmodules.not_in_mem; ldrmodules.not_in_init_avg; ldrmodules.not_in_load,0.3110431097447872,0.13886014431849145
1003,Pysa,Maze,T1620,Reflective Code Loading,MEDIUM_CANDIDATE,4,ldrmodules.not_in_mem; ldrmodules.not_in_load; ldrmodules.not_in_load_avg; ldrmodules.not_in_init_avg,0.7330339178442955,0.44563473502918977
1004,Pysa,Ako,T1014,Rootkit,MEDIUM_CANDIDATE,1,psxview.not_in_csrss_handles_false_avg,0.12043950706720352,0.058016821695087914
1004,Pysa,Ako,T1620,Reflective Code Loading,MEDIUM_CANDIDATE,1,ldrmodules.not_in_mem,0.17814593017101288,0.08581453808732542
1005,Pysa,Pysa,T1620,Reflective Code Loading,MEDIUM_CANDIDATE,5,ldrmodules.not_in_mem; ldrmodules.not_in_load; ldrmodules.not_in_mem_avg; ldrmodules.not_in_load_avg; ldrmodules.not_in_init_avg,0.45141876488924026,0.32695512262511345
1006,Pysa,Zeus,T1014,Rootkit,MEDIUM_CANDIDATE,2,psxview.not_in_session_false_avg; psxview.not_in_csrss_handles_false_avg,0.15627053380012512,0.0744852222290667
1006,Pysa,Zeus,T1620,Reflective Code Loading,MEDIUM_CANDIDATE,4,ldrmodules.not_in_load_avg; ldrmodules.not_in_init_avg; ldrmodules.not_in_load; ldrmodules.not_in_mem_avg,0.7117834985256195,0.33926646807563976
1007,Pysa,Zeus,T1014,Rootkit,MEDIUM_CANDIDATE,1,psxview.not_in_csrss_handles_false_avg,0.3784957230091095,0.17394320643698155
1007,Pysa,Zeus,T1055,Process Injection,HIGH_CANDIDATE,2,malfind.uniqueInjections; malfind.ninjections,0.8679312467575073,0.3988704094926176
1007,Pysa,Zeus,T1620,Reflective Code Loading,MEDIUM_CANDIDATE,2,ldrmodules.not_in_load_avg; ldrmodules.not_in_mem_avg,0.31634971499443054,0.14538310590165412
1008,Pysa,Pysa,T1620,Reflective Code Loading,MEDIUM_CANDIDATE,3,ldrmodules.not_in_init_avg; ldrmodules.not_in_load_avg; ldrmodules.not_in_mem,0.365340881049633,0.17163185788791388
1009,Pysa,Pysa,T1055,Process Injection,HIGH_CANDIDATE,2,malfind.uniqueInjections; malfind.ninjections,0.45208611339330673,0.26203005448332406
1009,Pysa,Pysa,T1620,Reflective Code Loading,MEDIUM_CANDIDATE,1,ldrmodules.not_in_load,0.04992202669382095,0.028934910821115108
1010,Pysa,Pysa,T1620,Reflective Code Loading,MEDIUM_CANDIDATE,3,ldrmodules.not_in_init_avg; ldrmodules.not_in_mem; ldrmodules.not_in_mem_avg,0.6652154698967934,0.29574586484676657
1011,Pysa,Zeus,T1014,Rootkit,MEDIUM_CANDIDATE,1,psxview.not_in_session_false_avg,0.05817000940442085,0.021390139295199107
1011,Pysa,Zeus,T1620,Reflective Code Loading,MEDIUM_CANDIDATE,3,ldrmodules.not_in_init_avg; ldrmodules.not_in_load; ldrmodules.not_in_mem_avg,0.311867356300354,0.11467913210244528
1012,Pysa,Pysa,T1014,Rootkit,MEDIUM_CANDIDATE,2,psxview.not_in_deskthrd_false_avg; psxview.not_in_pspcid_list_false_avg,0.07388756051659584,0.052489964451103474
1012,Pysa,Pysa,T1620,Reflective Code Loading,MEDIUM_CANDIDATE,3,ldrmodules.not_in_mem; ldrmodules.not_in_load; ldrmodules.not_in_init,0.34669554978609085,0.2462936515482905
1013,Pysa,Zeus,T1620,Reflective Code Loading,MEDIUM_CANDIDATE,2,ldrmodules.not_in_init_avg; ldrmodules.not_in_load,0.29941732436418533,0.10756348402757883
1014,Pysa,Shade,T1620,Reflective Code Loading,MEDIUM_CANDIDATE,4,ldrmodules.not_in_init_avg; ldrmodules.not_in_init; ldrmodules.not_in_load_avg; ldrmodules.not_in_mem,0.35622214898467064,0.16311208862382562
1015,Pysa,Ako,T1055,Process Injection,HIGH_CANDIDATE,2,malfind.uniqueInjections; malfind.ninjections,1.1151559501886368,0.4349473183331371
1015,Pysa,Ako,T1620,Reflective Code Loading,MEDIUM_CANDIDATE,2,ldrmodules.not_in_init_avg; ldrmodules.not_in_mem_avg,0.20874419063329697,0.08141706630199606
1016,Pysa,Shade,T1014,Rootkit,MEDIUM_CANDIDATE,1,psxview.not_in_ethread_pool_false_avg,0.03885534778237343,0.01944228735979329
1016,Pysa,Shade,T1055,Process Injection,HIGH_CANDIDATE,1,malfind.uniqueInjections,0.056696817278862,0.0283697322719986
1016,Pysa,Shade,T1620,Reflective Code Loading,MEDIUM_CANDIDATE,4,ldrmodules.not_in_init_avg; ldrmodules.not_in_init; ldrmodules.not_in_mem; ldrmodules.not_in_load_avg,0.30854177102446556,0.15438692785240016
1017,Pysa,Emotet,T1620,Reflective Code Loading,MEDIUM_CANDIDATE,2,ldrmodules.not_in_init_avg; ldrmodules.not_in_load_avg,0.26348721235990524,0.11101878134331475
1018,Pysa,Reconyc,T1055,Process Injection,HIGH_CANDIDATE,2,malfind.uniqueInjections; malfind.ninjections,0.32478172332048416,0.14321382166486055
1018,Pysa,Reconyc,T1620,Reflective Code Loading,MEDIUM_CANDIDATE,4,ldrmodules.not_in_load_avg; ldrmodules.not_in_mem_avg; ldrmodules.not_in_init_avg; ldrmodules.not_in_load,1.0002828687429428,0.4410787987512713
1019,Pysa,Shade,T1014,Rootkit,MEDIUM_CANDIDATE,1,psxview.not_in_session_false_avg,0.11897797882556915,0.04354447910927759
1019,Pysa,Shade,T1620,Reflective Code Loading,MEDIUM_CANDIDATE,6,ldrmodules.not_in_load_avg; ldrmodules.not_in_mem_avg; ldrmodules.not_in_load; ldrmodules.not_in_init_avg; ldrmodules.not_in_init; ldrmodules.not_in_mem,0.7197097092866898,0.2634049150114111
1020,Pysa,Shade,T1014,Rootkit,MEDIUM_CANDIDATE,1,psxview.not_in_session_false_avg,0.0677124634385109,0.029145970628881385
1020,Pysa,Shade,T1055,Process Injection,HIGH_CANDIDATE,1,malfind.uniqueInjections,0.05362987890839577,0.023084300823200756
1020,Pysa,Shade,T1620,Reflective Code Loading,MEDIUM_CANDIDATE,3,ldrmodules.not_in_load_avg; ldrmodules.not_in_mem_avg; ldrmodules.not_in_init_avg,0.3780047073960304,0.16270732949109631
1021,Pysa,Zeus,T1014,Rootkit,MEDIUM_CANDIDATE,2,psxview.not_in_session_false_avg; psxview.not_in_csrss_handles_false_avg,0.15627053380012512,0.0744852222290667
1021,Pysa,Zeus,T1620,Reflective Code Loading,MEDIUM_CANDIDATE,4,ldrmodules.not_in_load_avg; ldrmodules.not_in_init_avg; ldrmodules.not_in_load; ldrmodules.not_in_mem_avg,0.7117834985256195,0.33926646807563976
1022,Pysa,Refroso,T1620,Reflective Code Loading,MEDIUM_CANDIDATE,2,ldrmodules.not_in_init_avg; ldrmodules.not_in_mem_avg,0.25560634955763817,0.09623030458791897
1023,Pysa,Pysa,T1014,Rootkit,MEDIUM_CANDIDATE,1,psxview.not_in_ethread_pool_false_avg,0.07547901570796967,0.059138600225658575
1023,Pysa,Pysa,T1055,Process Injection,HIGH_CANDIDATE,2,malfind.uniqueInjections; malfind.ninjections,0.22806721925735474,0.1786930576363385
1023,Pysa,Pysa,T1620,Reflective Code Loading,MEDIUM_CANDIDATE,1,ldrmodules.not_in_mem,0.08214059472084045,0.06435801723075084
1024,Pysa,Shade,T1620,Reflective Code Loading,MEDIUM_CANDIDATE,1,ldrmodules.not_in_init,0.07839005440473557,0.048051495240499315
1025,Pysa,Pysa,T1055,Process Injection,HIGH_CANDIDATE,2,malfind.ninjections; malfind.uniqueInjections,0.9750835597515106,0.3604041503215946
1025,Pysa,Pysa,T1620,Reflective Code Loading,MEDIUM_CANDIDATE,1,ldrmodules.not_in_init,0.0994124487042427,0.03674419361123497
1026,Pysa,Scar,T1620,Reflective Code Loading,MEDIUM_CANDIDATE,3,ldrmodules.not_in_load_avg; ldrmodules.not_in_mem_avg; ldrmodules.not_in_init_avg,0.9311850517988205,0.4204206133222272
1027,Pysa,180solutions,T1620,Reflective Code Loading,MEDIUM_CANDIDATE,2,ldrmodules.not_in_load_avg; ldrmodules.not_in_init_avg,0.21065052598714828,0.10065469670447878
1028,Pysa,Shade,T1620,Reflective Code Loading,MEDIUM_CANDIDATE,4,ldrmodules.not_in_init_avg; ldrmodules.not_in_mem; ldrmodules.not_in_init; ldrmodules.not_in_load_avg,0.31554486230015755,0.24410215784517228
1029,Pysa,Pysa,T1055,Process Injection,HIGH_CANDIDATE,1,malfind.ninjections,1.4343398809432983,0.3329941822401318
1029,Pysa,Pysa,T1620,Reflective Code Loading,MEDIUM_CANDIDATE,3,ldrmodules.not_in_load_avg; ldrmodules.not_in_mem_avg; ldrmodules.not_in_mem,0.5942418575286865,0.1379582928911424
1030,Pysa,Ako,T1014,Rootkit,MEDIUM_CANDIDATE,1,psxview.not_in_csrss_handles_false_avg,0.1407831758260727,0.06964872796199413
1030,Pysa,Ako,T1620,Reflective Code Loading,MEDIUM_CANDIDATE,3,ldrmodules.not_in_mem; ldrmodules.not_in_init_avg; ldrmodules.not_in_load,0.31578319519758224,0.15622532826264374
1031,Pysa,Zeus,T1014,Rootkit,MEDIUM_CANDIDATE,1,psxview.not_in_ethread_pool_false_avg,0.04706603288650513,0.025761505430072325
1031,Pysa,Zeus,T1620,Reflective Code Loading,MEDIUM_CANDIDATE,1,ldrmodules.not_in_load,0.07387245446443558,0.04043395034817092
1032,Pysa,Shade,T1055,Process Injection,HIGH_CANDIDATE,1,malfind.uniqueInjections,0.03766966983675957,0.018476360577540676
1032,Pysa,Shade,T1620,Reflective Code Loading,MEDIUM_CANDIDATE,4,ldrmodules.not_in_init_avg; ldrmodules.not_in_load_avg; ldrmodules.not_in_mem; ldrmodules.not_in_mem_avg,0.5033274255692959,0.246873918557911
1033,Pysa,Shade,T1055,Process Injection,HIGH_CANDIDATE,1,malfind.ninjections,0.15474055707454681,0.06580501490497294
1033,Pysa,Shade,T1620,Reflective Code Loading,MEDIUM_CANDIDATE,3,ldrmodules.not_in_init_avg; ldrmodules.not_in_load_avg; ldrmodules.not_in_init,0.5147995874285698,0.21892382426599954
1034,Pysa,Scar,T1620,Reflective Code Loading,MEDIUM_CANDIDATE,4,ldrmodules.not_in_mem; ldrmodules.not_in_mem_avg; ldrmodules.not_in_load; ldrmodules.not_in_load_avg,0.4329163581132889,0.24613529321274177
1035,Pysa,180solutions,T1055,Process Injection,HIGH_CANDIDATE,1,malfind.uniqueInjections,0.05323139578104019,0.03468227804458937
1035,Pysa,180solutions,T1620,Reflective Code Loading,MEDIUM_CANDIDATE,1,ldrmodules.not_in_init_avg,0.05280938744544983,0.03440732357049887
1036,Pysa,Shade,T1014,Rootkit,MEDIUM_CANDIDATE,1,psxview.not_in_session_false_avg,0.09867333620786667,0.04344398500924779
1036,Pysa,Shade,T1055,Process Injection,HIGH_CANDIDATE,2,malfind.ninjections; malfind.uniqueInjections,0.08312331512570381,0.03659760777351881
1037,Pysa,Ako,T1014,Rootkit,MEDIUM_CANDIDATE,1,psxview.not_in_deskthrd_false_avg,0.12781409919261932,0.07717230713830743
1037,Pysa,Ako,T1620,Reflective Code Loading,MEDIUM_CANDIDATE,2,ldrmodules.not_in_mem; ldrmodules.not_in_init,0.15142254158854485,0.09142674369221002
1038,Pysa,Shade,T1620,Reflective Code Loading,MEDIUM_CANDIDATE,1,ldrmodules.not_in_load_avg,0.3763132691383362,0.1902101066125212
1040,Pysa,Ako,T1055,Process Injection,HIGH_CANDIDATE,2,malfind.uniqueInjections; malfind.ninjections,1.0088847875595093,0.43460170163921036
1040,Pysa,Ako,T1620,Reflective Code Loading,MEDIUM_CANDIDATE,2,ldrmodules.not_in_mem_avg; ldrmodules.not_in_load_avg,0.10704394057393074,0.046111785307153055
1041,Pysa,Maze,T1014,Rootkit,MEDIUM_CANDIDATE,2,psxview.not_in_session_false_avg; psxview.not_in_csrss_handles_false_avg,0.27325011044740677,0.10599983730221194
1041,Pysa,Maze,T1620,Reflective Code Loading,MEDIUM_CANDIDATE,5,ldrmodules.not_in_mem; ldrmodules.not_in_mem_avg; ldrmodules.not_in_load_avg; ldrmodules.not_in_init_avg; ldrmodules.not_in_load,1.660814717411995,0.6442672229721739
1042,Pysa,Pysa,T1620,Reflective Code Loading,MEDIUM_CANDIDATE,4,ldrmodules.not_in_init_avg; ldrmodules.not_in_mem; ldrmodules.not_in_load_avg; ldrmodules.not_in_load,0.5547047480940819,0.27643360190521843
1043,Pysa,180solutions,T1055,Process Injection,HIGH_CANDIDATE,1,malfind.ninjections,0.4550391733646393,0.22640816725262453
1043,Pysa,180solutions,T1620,Reflective Code Loading,MEDIUM_CANDIDATE,3,ldrmodules.not_in_load; ldrmodules.not_in_mem_avg; ldrmodules.not_in_init_avg,0.4595062881708145,0.22863081386279394
1044,Pysa,Pysa,T1620,Reflective Code Loading,MEDIUM_CANDIDATE,5,ldrmodules.not_in_load_avg; ldrmodules.not_in_mem; ldrmodules.not_in_load; ldrmodules.not_in_init_avg; ldrmodules.not_in_mem_avg,0.7452020943164825,0.3667885405092026
1045,Pysa,Shade,T1014,Rootkit,MEDIUM_CANDIDATE,1,psxview.not_in_session_false_avg,0.11612974852323532,0.05069603149125581
1045,Pysa,Shade,T1055,Process Injection,HIGH_CANDIDATE,1,malfind.uniqueInjections,0.042975086718797684,0.018760622298253815
1045,Pysa,Shade,T1620,Reflective Code Loading,MEDIUM_CANDIDATE,3,ldrmodules.not_in_load_avg; ldrmodules.not_in_init_avg; ldrmodules.not_in_mem_avg,0.2305913046002388,0.10066381946297344
1046,Pysa,Maze,T1014,Rootkit,MEDIUM_CANDIDATE,1,psxview.not_in_csrss_handles_false_avg,0.05976289138197899,0.044155529451363834
1046,Pysa,Maze,T1620,Reflective Code Loading,MEDIUM_CANDIDATE,2,ldrmodules.not_in_mem; ldrmodules.not_in_load,0.39882251247763634,0.29466812579425183
1047,Pysa,Emotet,T1014,Rootkit,MEDIUM_CANDIDATE,1,psxview.not_in_deskthrd_false_avg,0.20329147577285767,0.08556356130714063
1047,Pysa,Emotet,T1620,Reflective Code Loading,MEDIUM_CANDIDATE,2,ldrmodules.not_in_load_avg; ldrmodules.not_in_init_avg,0.3659449741244316,0.15402296190481163
1048,Pysa,CWS,T1014,Rootkit,MEDIUM_CANDIDATE,1,psxview.not_in_ethread_pool_false_avg,0.06203653663396835,0.027142406317210245
1048,Pysa,CWS,T1620,Reflective Code Loading,MEDIUM_CANDIDATE,3,ldrmodules.not_in_mem_avg; ldrmodules.not_in_load_avg; ldrmodules.not_in_init_avg,0.34090960770845413,0.14915576516560464
1049,Pysa,Shade,T1055,Process Injection,HIGH_CANDIDATE,2,malfind.ninjections; malfind.uniqueInjections,0.12678563222289085,0.057420906180307575
1050,Pysa,CWS,T1014,Rootkit,MEDIUM_CANDIDATE,2,psxview.not_in_ethread_pool_false_avg; psxview.not_in_pslist_false_avg,0.1127716414630413,0.11142078682994008
1051,Pysa,Ako,T1055,Process Injection,HIGH_CANDIDATE,2,malfind.uniqueInjections; malfind.ninjections,1.0594005286693573,0.3133687237216564
1051,Pysa,Ako,T1620,Reflective Code Loading,MEDIUM_CANDIDATE,4,ldrmodules.not_in_init_avg; ldrmodules.not_in_load_avg; ldrmodules.not_in_mem_avg; ldrmodules.not_in_load,0.7046530172228813,0.20843506369692044
1052,Pysa,Ako,T1055,Process Injection,HIGH_CANDIDATE,2,malfind.uniqueInjections; malfind.ninjections,1.2200262993574142,0.4285712773321936
1052,Pysa,Ako,T1620,Reflective Code Loading,MEDIUM_CANDIDATE,2,ldrmodules.not_in_init_avg; ldrmodules.not_in_mem_avg,0.33796315640211105,0.11871981916025935
1053,Pysa,Ako,T1014,Rootkit,MEDIUM_CANDIDATE,1,psxview.not_in_deskthrd_false_avg,0.07421666383743286,0.03864166816291465
1053,Pysa,Ako,T1055,Process Injection,HIGH_CANDIDATE,2,malfind.uniqueInjections; malfind.ninjections,0.9669682011008263,0.5034619237651939
1054,Pysa,Shade,T1055,Process Injection,HIGH_CANDIDATE,1,malfind.uniqueInjections,0.045696765184402466,0.0265469059638657
1054,Pysa,Shade,T1620,Reflective Code Loading,MEDIUM_CANDIDATE,2,ldrmodules.not_in_init_avg; ldrmodules.not_in_load_avg,0.20063598453998566,0.11655671015349264
1055,Pysa,Gator,T1620,Reflective Code Loading,MEDIUM_CANDIDATE,5,ldrmodules.not_in_load; ldrmodules.not_in_init_avg; ldrmodules.not_in_mem_avg; ldrmodules.not_in_load_avg; ldrmodules.not_in_mem,0.7924229353666306,0.3174891730653826
1056,Pysa,Ako,T1014,Rootkit,MEDIUM_CANDIDATE,2,psxview.not_in_csrss_handles_false_avg; psxview.not_in_deskthrd_false_avg,0.14986106753349304,0.05541424153340135
1056,Pysa,Ako,T1055,Process Injection,HIGH_CANDIDATE,2,malfind.uniqueInjections; malfind.ninjections,1.1309242397546768,0.4181827208973921
1056,Pysa,Ako,T1620,Reflective Code Loading,MEDIUM_CANDIDATE,1,ldrmodules.not_in_mem,0.06925230473279953,0.025607477674949794
1057,Pysa,Pysa,T1055,Process Injection,HIGH_CANDIDATE,2,malfind.ninjections; malfind.uniqueInjections,1.0977612435817719,0.32466702606800707
1057,Pysa,Pysa,T1620,Reflective Code Loading,MEDIUM_CANDIDATE,4,ldrmodules.not_in_mem; ldrmodules.not_in_load_avg; ldrmodules.not_in_load; ldrmodules.not_in_init_avg,0.671537958085537,0.19860988262988588
1058,Pysa,Pysa,T1620,Reflective Code Loading,MEDIUM_CANDIDATE,3,ldrmodules.not_in_init_avg; ldrmodules.not_in_load_avg; ldrmodules.not_in_mem_avg,0.6322028785943985,0.20443279138552797
1059,Pysa,Emotet,T1014,Rootkit,MEDIUM_CANDIDATE,1,psxview.not_in_deskthrd_false_avg,0.1307394653558731,0.06479763475679559
1059,Pysa,Emotet,T1620,Reflective Code Loading,MEDIUM_CANDIDATE,1,ldrmodules.not_in_init_avg,0.09328672289848328,0.04623515157860308
1060,Pysa,Pysa,T1055,Process Injection,HIGH_CANDIDATE,1,malfind.uniqueInjections,0.4172806441783905,0.1205872898569607
1060,Pysa,Pysa,T1620,Reflective Code Loading,MEDIUM_CANDIDATE,1,ldrmodules.not_in_load_avg,0.16416943073272705,0.047442283761804045
1061,Pysa,Pysa,T1014,Rootkit,MEDIUM_CANDIDATE,1,psxview.not_in_deskthrd_false_avg,0.06615550816059113,0.02975454230552841
1061,Pysa,Pysa,T1620,Reflective Code Loading,MEDIUM_CANDIDATE,1,ldrmodules.not_in_init_avg,0.2635246515274048,0.11852460377732718
1062,Pysa,Pysa,T1055,Process Injection,HIGH_CANDIDATE,2,malfind.ninjections; malfind.uniqueInjections,1.5482384264469147,0.35969458399767373
1062,Pysa,Pysa,T1620,Reflective Code Loading,MEDIUM_CANDIDATE,5,ldrmodules.not_in_mem; ldrmodules.not_in_load_avg; ldrmodules.not_in_init_avg; ldrmodules.not_in_load; ldrmodules.not_in_mem_avg,0.9216060191392899,0.21411217290660964
1064,Pysa,Pysa,T1620,Reflective Code Loading,MEDIUM_CANDIDATE,4,ldrmodules.not_in_mem; ldrmodules.not_in_init; ldrmodules.not_in_load; ldrmodules.not_in_load_avg,0.4791209101676941,0.19758115259295836
1065,Pysa,Maze,T1620,Reflective Code Loading,MEDIUM_CANDIDATE,2,ldrmodules.not_in_mem; ldrmodules.not_in_load,0.6458376944065094,0.27554656076899336
1066,Pysa,Transponder,T1014,Rootkit,MEDIUM_CANDIDATE,1,psxview.not_in_deskthrd_false_avg,0.1806567907333374,0.07715711684895964
1068,Pysa,Pysa,T1055,Process Injection,HIGH_CANDIDATE,2,malfind.ninjections; malfind.uniqueInjections,0.8708058744668961,0.3754995949722072
1068,Pysa,Pysa,T1620,Reflective Code Loading,MEDIUM_CANDIDATE,1,ldrmodules.not_in_load_avg,0.13142618536949158,0.0566721939091172
1069,Pysa,Pysa,T1620,Reflective Code Loading,MEDIUM_CANDIDATE,3,ldrmodules.not_in_init_avg; ldrmodules.not_in_load_avg; ldrmodules.not_in_mem_avg,0.6854689195752144,0.18091728933564233
1070,Pysa,Gator,T1014,Rootkit,MEDIUM_CANDIDATE,1,psxview.not_in_session_false_avg,0.07458563894033432,0.04019143204962898
1070,Pysa,Gator,T1620,Reflective Code Loading,MEDIUM_CANDIDATE,3,ldrmodules.not_in_init_avg; ldrmodules.not_in_mem; ldrmodules.not_in_load_avg,0.36594897508621216,0.19719631788064076
1071,Pysa,Shade,T1055,Process Injection,HIGH_CANDIDATE,2,malfind.ninjections; malfind.uniqueInjections,0.14971348270773888,0.06651053916491971
1071,Pysa,Shade,T1620,Reflective Code Loading,MEDIUM_CANDIDATE,1,ldrmodules.not_in_load_avg,0.07228156179189682,0.03211124048090168
1072,Pysa,Pysa,T1014,Rootkit,MEDIUM_CANDIDATE,2,psxview.not_in_deskthrd_false_avg; psxview.not_in_csrss_handles_false_avg,0.12106675282120705,0.06857325727390995
1072,Pysa,Pysa,T1620,Reflective Code Loading,MEDIUM_CANDIDATE,2,ldrmodules.not_in_init_avg; ldrmodules.not_in_load_avg,0.37565456330776215,0.21277399794362997
1073,Pysa,Pysa,T1620,Reflective Code Loading,MEDIUM_CANDIDATE,3,ldrmodules.not_in_init_avg; ldrmodules.not_in_load_avg; ldrmodules.not_in_mem_avg,0.6862978786230087,0.18037376333118574
1074,Pysa,Gator,T1014,Rootkit,MEDIUM_CANDIDATE,2,psxview.not_in_session_false_avg; psxview.not_in_pslist_false_avg,0.17288950830698013,0.0886492700264883
1074,Pysa,Gator,T1620,Reflective Code Loading,MEDIUM_CANDIDATE,3,ldrmodules.not_in_init_avg; ldrmodules.not_in_mem; ldrmodules.not_in_load_avg,0.3446163386106491,0.1767023757323148
1075,Pysa,Pysa,T1055,Process Injection,HIGH_CANDIDATE,2,malfind.ninjections; malfind.uniqueInjections,1.0358945429325104,0.33827917587811784
1076,Pysa,CWS,T1014,Rootkit,MEDIUM_CANDIDATE,1,psxview.not_in_session_false_avg,0.08980008959770203,0.04466408022251293
1076,Pysa,CWS,T1055,Process Injection,HIGH_CANDIDATE,1,malfind.ninjections,0.1100931242108345,0.054757274226880315
1076,Pysa,CWS,T1620,Reflective Code Loading,MEDIUM_CANDIDATE,1,ldrmodules.not_in_init_avg,0.07530844956636429,0.03745633938600477
1077,Pysa,Zeus,T1620,Reflective Code Loading,MEDIUM_CANDIDATE,3,ldrmodules.not_in_init; ldrmodules.not_in_load_avg; ldrmodules.not_in_load,0.31334366649389267,0.11685768911182337
1078,Pysa,Pysa,T1055,Process Injection,HIGH_CANDIDATE,2,malfind.ninjections; malfind.uniqueInjections,1.5184051096439362,0.35397630827787957
1078,Pysa,Pysa,T1620,Reflective Code Loading,MEDIUM_CANDIDATE,5,ldrmodules.not_in_mem; ldrmodules.not_in_load_avg; ldrmodules.not_in_init_avg; ldrmodules.not_in_mem_avg; ldrmodules.not_in_load,0.9320403337478638,0.21728074702245792
1079,Pysa,Scar,T1014,Rootkit,MEDIUM_CANDIDATE,1,psxview.not_in_deskthrd,0.05165435001254082,0.0329226872917916
1079,Pysa,Scar,T1620,Reflective Code Loading,MEDIUM_CANDIDATE,2,ldrmodules.not_in_mem; ldrmodules.not_in_load,0.292739175260067,0.18658177525812003
1080,Pysa,Scar,T1620,Reflective Code Loading,MEDIUM_CANDIDATE,2,ldrmodules.not_in_mem_avg; ldrmodules.not_in_init_avg,0.19771698862314224,0.10749531220648505
1081,Pysa,Ako,T1055,Process Injection,HIGH_CANDIDATE,2,malfind.uniqueInjections; malfind.ninjections,1.1600181013345718,0.4565235292813696
1081,Pysa,Ako,T1620,Reflective Code Loading,MEDIUM_CANDIDATE,3,ldrmodules.not_in_init_avg; ldrmodules.not_in_mem_avg; ldrmodules.not_in_load,0.25967787951231003,0.10219587254274247
1082,Pysa,Maze,T1014,Rootkit,MEDIUM_CANDIDATE,2,psxview.not_in_session_false_avg; psxview.not_in_csrss_handles_false_avg,0.27325011044740677,0.10571217553136518
1082,Pysa,Maze,T1620,Reflective Code Loading,MEDIUM_CANDIDATE,5,ldrmodules.not_in_mem; ldrmodules.not_in_mem_avg; ldrmodules.not_in_load_avg; ldrmodules.not_in_init_avg; ldrmodules.not_in_load,1.6456985175609589,0.6366708151563442
1083,Pysa,Ako,T1620,Reflective Code Loading,MEDIUM_CANDIDATE,2,ldrmodules.not_in_init; ldrmodules.not_in_init_avg,0.14253871142864227,0.10045292976357101
1084,Pysa,CWS,T1014,Rootkit,MEDIUM_CANDIDATE,1,psxview.not_in_deskthrd_false_avg,0.1819918304681778,0.06322956621808852
1084,Pysa,CWS,T1620,Reflective Code Loading,MEDIUM_CANDIDATE,3,ldrmodules.not_in_load; ldrmodules.not_in_load_avg; ldrmodules.not_in_mem_avg,0.5135584697127342,0.17842602705861266
1085,Pysa,Pysa,T1055,Process Injection,HIGH_CANDIDATE,1,malfind.ninjections,0.10435684025287628,0.06260298719914628
1085,Pysa,Pysa,T1620,Reflective Code Loading,MEDIUM_CANDIDATE,2,ldrmodules.not_in_mem; ldrmodules.not_in_load,0.32332170009613037,0.19395857715964512
1086,Pysa,Pysa,T1014,Rootkit,MEDIUM_CANDIDATE,2,psxview.not_in_pslist_false_avg; psxview.not_in_deskthrd_false_avg,0.1868574246764183,0.060990710975813114
1086,Pysa,Pysa,T1620,Reflective Code Loading,MEDIUM_CANDIDATE,4,ldrmodules.not_in_init_avg; ldrmodules.not_in_load_avg; ldrmodules.not_in_mem_avg; ldrmodules.not_in_mem,1.022327721118927,0.33369021685545647
1087,Pysa,Zeus,T1014,Rootkit,MEDIUM_CANDIDATE,2,psxview.not_in_ethread_pool_false_avg; psxview.not_in_pslist_false_avg,0.09861965104937553,0.05493467799900283
1087,Pysa,Zeus,T1620,Reflective Code Loading,MEDIUM_CANDIDATE,4,ldrmodules.not_in_load_avg; ldrmodules.not_in_mem_avg; ldrmodules.not_in_load; ldrmodules.not_in_mem,0.37176457419991493,0.20708618371488388
1088,Pysa,Gator,T1014,Rootkit,MEDIUM_CANDIDATE,1,psxview.not_in_session_false_avg,0.0723201110959053,0.04456459439790623
1088,Pysa,Gator,T1620,Reflective Code Loading,MEDIUM_CANDIDATE,2,ldrmodules.not_in_init_avg; ldrmodules.not_in_mem,0.28380194306373596,0.17488245372301647
1089,Pysa,CWS,T1620,Reflective Code Loading,MEDIUM_CANDIDATE,1,ldrmodules.not_in_init_avg,0.08075815439224243,0.03620768392944219
1090,Pysa,Conti,T1014,Rootkit,MEDIUM_CANDIDATE,1,psxview.not_in_deskthrd_false_avg,0.06999152898788452,0.04597539048868871
1090,Pysa,Conti,T1055,Process Injection,HIGH_CANDIDATE,1,malfind.uniqueInjections,0.3415426015853882,0.2243493563218051
1090,Pysa,Conti,T1620,Reflective Code Loading,MEDIUM_CANDIDATE,1,ldrmodules.not_in_mem,0.04349876195192337,0.028573065847159428
1091,Pysa,Pysa,T1620,Reflective Code Loading,MEDIUM_CANDIDATE,4,ldrmodules.not_in_mem; ldrmodules.not_in_load; ldrmodules.not_in_init; ldrmodules.not_in_load_avg,0.4336320832371712,0.28982207366397245
1092,Pysa,Emotet,T1620,Reflective Code Loading,MEDIUM_CANDIDATE,2,ldrmodules.not_in_init_avg; ldrmodules.not_in_load,0.23439224436879158,0.15121085915219534
1093,Pysa,Pysa,T1055,Process Injection,HIGH_CANDIDATE,2,malfind.ninjections; malfind.uniqueInjections,1.569589376449585,0.39144325793171253
1093,Pysa,Pysa,T1620,Reflective Code Loading,MEDIUM_CANDIDATE,4,ldrmodules.not_in_load_avg; ldrmodules.not_in_mem_avg; ldrmodules.not_in_mem; ldrmodules.not_in_load,0.6701159402728081,0.1671216502788214
1094,Pysa,CWS,T1014,Rootkit,MEDIUM_CANDIDATE,1,psxview.not_in_ethread_pool_false_avg,0.0659332200884819,0.031330228904998356
1094,Pysa,CWS,T1055,Process Injection,HIGH_CANDIDATE,1,malfind.ninjections,0.10836773365736008,0.05149431344085229
1095,Pysa,Conti,T1055,Process Injection,HIGH_CANDIDATE,1,malfind.uniqueInjections,0.5008653998374939,0.24571332913606211
1095,Pysa,Conti,T1620,Reflective Code Loading,MEDIUM_CANDIDATE,5,ldrmodules.not_in_init_avg; ldrmodules.not_in_mem_avg; ldrmodules.not_in_mem; ldrmodules.not_in_init; ldrmodules.not_in_load_avg,0.5773845463991165,0.2832519058682676
1096,Pysa,Pysa,T1055,Process Injection,HIGH_CANDIDATE,2,malfind.ninjections; malfind.uniqueInjections,1.0055165737867355,0.3225927093206063
1096,Pysa,Pysa,T1620,Reflective Code Loading,MEDIUM_CANDIDATE,4,ldrmodules.not_in_mem; ldrmodules.not_in_load; ldrmodules.not_in_load_avg; ldrmodules.not_in_init_avg,0.5927505493164062,0.19016793023623818
1097,Pysa,Maze,T1620,Reflective Code Loading,MEDIUM_CANDIDATE,4,ldrmodules.not_in_mem; ldrmodules.not_in_mem_avg; ldrmodules.not_in_load_avg; ldrmodules.not_in_load,1.032517358660698,0.6084789520588932
1098,Pysa,Emotet,T1620,Reflective Code Loading,MEDIUM_CANDIDATE,1,ldrmodules.not_in_load,0.06187548115849495,0.02145086969840734
1099,Pysa,Shade,T1055,Process Injection,HIGH_CANDIDATE,1,malfind.uniqueInjections,0.036861784756183624,0.021040910593212545
1099,Pysa,Shade,T1620,Reflective Code Loading,MEDIUM_CANDIDATE,4,ldrmodules.not_in_init; ldrmodules.not_in_init_avg; ldrmodules.not_in_load; ldrmodules.not_in_mem,0.3186256028711796,0.18187325619376854
1100,Pysa,Conti,T1014,Rootkit,MEDIUM_CANDIDATE,3,psxview.not_in_deskthrd_false_avg; psxview.not_in_pspcid_list_false_avg; psxview.not_in_ethread_pool_false_avg,0.22926205396652222,0.14024231464050443
1100,Pysa,Conti,T1055,Process Injection,HIGH_CANDIDATE,1,malfind.uniqueInjections,0.44847846031188965,0.274339587613279
1101,Pysa,Zeus,T1014,Rootkit,MEDIUM_CANDIDATE,1,psxview.not_in_ethread_pool_false_avg,0.05268491804599762,0.02216177264758558
1101,Pysa,Zeus,T1620,Reflective Code Loading,MEDIUM_CANDIDATE,3,ldrmodules.not_in_init_avg; ldrmodules.not_in_load; ldrmodules.not_in_load_avg,0.33083590120077133,0.13916525445990652
1102,Pysa,Pysa,T1620,Reflective Code Loading,MEDIUM_CANDIDATE,4,ldrmodules.not_in_mem; ldrmodules.not_in_load_avg; ldrmodules.not_in_load; ldrmodules.not_in_mem_avg,0.8492466770112514,0.21980866848471126
1103,Pysa,Pysa,T1014,Rootkit,MEDIUM_CANDIDATE,1,psxview.not_in_pslist_false_avg,0.09268275648355484,0.03522185885044357
1103,Pysa,Pysa,T1055,Process Injection,HIGH_CANDIDATE,2,malfind.ninjections; malfind.uniqueInjections,0.6677379012107849,0.2537577754251492
1103,Pysa,Pysa,T1620,Reflective Code Loading,MEDIUM_CANDIDATE,4,ldrmodules.not_in_init_avg; ldrmodules.not_in_load_avg; ldrmodules.not_in_mem_avg; ldrmodules.not_in_load,0.7958727553486824,0.3024523537641954
1104,Pysa,Pysa,T1620,Reflective Code Loading,MEDIUM_CANDIDATE,5,ldrmodules.not_in_init_avg; ldrmodules.not_in_load_avg; ldrmodules.not_in_mem; ldrmodules.not_in_load; ldrmodules.not_in_mem_avg,0.6908741965889931,0.3597101185556238
1106,Pysa,Zeus,T1620,Reflective Code Loading,MEDIUM_CANDIDATE,3,ldrmodules.not_in_init; ldrmodules.not_in_load; ldrmodules.not_in_load_avg,0.32541901618242264,0.14142872062909378
1107,Pysa,Pysa,T1620,Reflective Code Loading,MEDIUM_CANDIDATE,3,ldrmodules.not_in_mem; ldrmodules.not_in_load; ldrmodules.not_in_init,0.44083354622125626,0.21457571060849168
1108,Pysa,Pysa,T1620,Reflective Code Loading,MEDIUM_CANDIDATE,3,ldrmodules.not_in_load_avg; ldrmodules.not_in_mem; ldrmodules.not_in_load,0.5172274336218834,0.22000626142811489
1109,Pysa,Zeus,T1055,Process Injection,HIGH_CANDIDATE,1,malfind.ninjections,0.3897576928138733,0.16935164097441444
1109,Pysa,Zeus,T1620,Reflective Code Loading,MEDIUM_CANDIDATE,4,ldrmodules.not_in_mem_avg; ldrmodules.not_in_load_avg; ldrmodules.not_in_load; ldrmodules.not_in_init_avg,0.31354596465826035,0.1362372689873745
1110,Pysa,Conti,T1014,Rootkit,MEDIUM_CANDIDATE,1,psxview.not_in_csrss_handles_false_avg,0.044023625552654266,0.021116387356992852
1110,Pysa,Conti,T1055,Process Injection,HIGH_CANDIDATE,1,malfind.uniqueInjections,0.3658631443977356,0.17549004153485032
1110,Pysa,Conti,T1620,Reflective Code Loading,MEDIUM_CANDIDATE,1,ldrmodules.not_in_load_avg,0.0657973363995552,0.03156037298222031
1111,Pysa,Pysa,T1055,Process Injection,HIGH_CANDIDATE,1,malfind.ninjections,1.309064269065857,0.32900479339453764
1111,Pysa,Pysa,T1620,Reflective Code Loading,MEDIUM_CANDIDATE,4,ldrmodules.not_in_load_avg; ldrmodules.not_in_mem_avg; ldrmodules.not_in_mem; ldrmodules.not_in_load,0.7417127341032028,0.18641334165805212
1112,Pysa,Emotet,T1620,Reflective Code Loading,MEDIUM_CANDIDATE,1,ldrmodules.not_in_init_avg,0.08521365374326706,0.02719651025443028
1113,Pysa,Shade,T1014,Rootkit,MEDIUM_CANDIDATE,2,psxview.not_in_session_false_avg; psxview.not_in_csrss_handles_false_avg,0.10940289124846458,0.059305148803078356
1113,Pysa,Shade,T1055,Process Injection,HIGH_CANDIDATE,1,malfind.uniqueInjections,0.08466394990682602,0.04589465680644118
1114,Pysa,Pysa,T1055,Process Injection,HIGH_CANDIDATE,2,malfind.ninjections; malfind.uniqueInjections,1.09194715321064,0.36549168292239553
1114,Pysa,Pysa,T1620,Reflective Code Loading,MEDIUM_CANDIDATE,4,ldrmodules.not_in_mem; ldrmodules.not_in_load_avg; ldrmodules.not_in_load; ldrmodules.not_in_init_avg,0.6930404081940651,0.23197139566626113
1115,Pysa,Pysa,T1620,Reflective Code Loading,MEDIUM_CANDIDATE,3,ldrmodules.not_in_init_avg; ldrmodules.not_in_load_avg; ldrmodules.not_in_mem_avg,0.6828404143452644,0.18641465138508656
1116,Pysa,Ako,T1055,Process Injection,HIGH_CANDIDATE,2,malfind.uniqueInjections; malfind.ninjections,1.1724398583173752,0.46765484098500687
1116,Pysa,Ako,T1620,Reflective Code Loading,MEDIUM_CANDIDATE,4,ldrmodules.not_in_load_avg; ldrmodules.not_in_mem_avg; ldrmodules.not_in_load; ldrmodules.not_in_mem,0.3095902130007744,0.12348723971153133
1117,Pysa,Shade,T1620,Reflective Code Loading,MEDIUM_CANDIDATE,1,ldrmodules.not_in_init,0.08100274205207825,0.033530802971222205
1118,Pysa,Reconyc,T1055,Process Injection,HIGH_CANDIDATE,2,malfind.ninjections; malfind.uniqueInjections,0.29126185178756714,0.12363049376200455
1118,Pysa,Reconyc,T1620,Reflective Code Loading,MEDIUM_CANDIDATE,4,ldrmodules.not_in_load_avg; ldrmodules.not_in_init_avg; ldrmodules.not_in_mem_avg; ldrmodules.not_in_load,1.0266753733158112,0.435787874578576
1119,Pysa,Ako,T1055,Process Injection,HIGH_CANDIDATE,2,malfind.uniqueInjections; malfind.ninjections,0.8002592697739601,0.37929682585171426
1119,Pysa,Ako,T1620,Reflective Code Loading,MEDIUM_CANDIDATE,1,ldrmodules.not_in_mem,0.0582427941262722,0.02760518718773453
1120,Pysa,Zeus,T1620,Reflective Code Loading,MEDIUM_CANDIDATE,2,ldrmodules.not_in_init_avg; ldrmodules.not_in_load,0.18875523284077644,0.1055706600231859
1121,Pysa,Pysa,T1620,Reflective Code Loading,MEDIUM_CANDIDATE,4,ldrmodules.not_in_init_avg; ldrmodules.not_in_load_avg; ldrmodules.not_in_mem_avg; ldrmodules.not_in_mem,0.577037937939167,0.17697694839350825
1122,Pysa,Shade,T1014,Rootkit,MEDIUM_CANDIDATE,2,psxview.not_in_session_false_avg; psxview.not_in_deskthrd_false_avg,0.20608993619680405,0.10186939646326414
1122,Pysa,Shade,T1620,Reflective Code Loading,MEDIUM_CANDIDATE,2,ldrmodules.not_in_init_avg; ldrmodules.not_in_mem_avg,0.18287506699562073,0.09039438337849208
1123,Pysa,Emotet,T1014,Rootkit,MEDIUM_CANDIDATE,1,psxview.not_in_deskthrd_false_avg,0.18735060095787048,0.048874059524180224
1123,Pysa,Emotet,T1620,Reflective Code Loading,MEDIUM_CANDIDATE,1,ldrmodules.not_in_load,0.06327716261148453,0.016507082422918738
1124,Pysa,Ako,T1055,Process Injection,HIGH_CANDIDATE,2,malfind.uniqueInjections; malfind.ninjections,1.1137578338384628,0.5261196064345275
1124,Pysa,Ako,T1620,Reflective Code Loading,MEDIUM_CANDIDATE,3,ldrmodules.not_in_mem; ldrmodules.not_in_load; ldrmodules.not_in_load_avg,0.20503030717372894,0.09685271002371046
1125,Reconyc,180solutions,T1055,Process Injection,HIGH_CANDIDATE,2,malfind.uniqueInjections; malfind.ninjections,0.33873049169778824,0.21917559625895644
1126,Reconyc,Reconyc,T1014,Rootkit,MEDIUM_CANDIDATE,1,psxview.not_in_csrss_handles_false_avg,0.058630503714084625,0.014027425439197511
1126,Reconyc,Reconyc,T1055,Process Injection,HIGH_CANDIDATE,2,malfind.uniqueInjections; malfind.ninjections,0.46431680023670197,0.1110884076188222
1126,Reconyc,Reconyc,T1620,Reflective Code Loading,MEDIUM_CANDIDATE,4,ldrmodules.not_in_load_avg; ldrmodules.not_in_load; ldrmodules.not_in_init_avg; ldrmodules.not_in_mem_avg,1.3707523792982101,0.3279543169196603
1127,Reconyc,Ako,T1620,Reflective Code Loading,MEDIUM_CANDIDATE,3,ldrmodules.not_in_load; ldrmodules.not_in_load_avg; ldrmodules.not_in_init_avg,0.22543636336922646,0.17361451593091312
1128,Reconyc,Reconyc,T1014,Rootkit,MEDIUM_CANDIDATE,2,psxview.not_in_ethread_pool_false_avg; psxview.not_in_pslist_false_avg,0.32901631295681,0.107429959933037
1128,Reconyc,Reconyc,T1055,Process Injection,HIGH_CANDIDATE,2,malfind.uniqueInjections; malfind.ninjections,0.37999026477336884,0.12407390549326923
1128,Reconyc,Reconyc,T1620,Reflective Code Loading,MEDIUM_CANDIDATE,4,ldrmodules.not_in_load_avg; ldrmodules.not_in_init_avg; ldrmodules.not_in_load; ldrmodules.not_in_mem_avg,1.0680034011602402,0.3487230209465425
1129,Reconyc,Reconyc,T1055,Process Injection,HIGH_CANDIDATE,2,malfind.ninjections; malfind.uniqueInjections,0.35206615924835205,0.10776532347459668
1129,Reconyc,Reconyc,T1620,Reflective Code Loading,MEDIUM_CANDIDATE,4,ldrmodules.not_in_load_avg; ldrmodules.not_in_init_avg; ldrmodules.not_in_load; ldrmodules.not_in_mem_avg,1.371669352054596,0.41985969835879894
1130,Reconyc,Scar,T1620,Reflective Code Loading,MEDIUM_CANDIDATE,3,ldrmodules.not_in_load_avg; ldrmodules.not_in_init_avg; ldrmodules.not_in_mem_avg,1.0104604214429855,0.5156029916520581
1131,Reconyc,Reconyc,T1055,Process Injection,HIGH_CANDIDATE,2,malfind.uniqueInjections; malfind.ninjections,0.36884845793247223,0.0828347363465538
1131,Reconyc,Reconyc,T1620,Reflective Code Loading,MEDIUM_CANDIDATE,4,ldrmodules.not_in_load_avg; ldrmodules.not_in_init_avg; ldrmodules.not_in_load; ldrmodules.not_in_mem_avg,1.6312281787395477,0.3663356947847059
1132,Reconyc,Reconyc,T1055,Process Injection,HIGH_CANDIDATE,2,malfind.uniqueInjections; malfind.ninjections,0.4633776545524597,0.11499103199872063
1132,Reconyc,Reconyc,T1620,Reflective Code Loading,MEDIUM_CANDIDATE,4,ldrmodules.not_in_load_avg; ldrmodules.not_in_load; ldrmodules.not_in_init_avg; ldrmodules.not_in_mem_avg,1.3389217108488083,0.3322645962388905
1133,Reconyc,Reconyc,T1055,Process Injection,HIGH_CANDIDATE,2,malfind.uniqueInjections; malfind.ninjections,0.32221319526433945,0.09882250213366237
1133,Reconyc,Reconyc,T1620,Reflective Code Loading,MEDIUM_CANDIDATE,1,ldrmodules.not_in_load,0.4836461842060089,0.14833385712656955
1134,Reconyc,180solutions,T1014,Rootkit,MEDIUM_CANDIDATE,1,psxview.not_in_pslist_false_avg,0.032895512878894806,0.022737571795191747
1134,Reconyc,180solutions,T1055,Process Injection,HIGH_CANDIDATE,1,malfind.uniqueInjections,0.054153960198163986,0.0374315354964327
1134,Reconyc,180solutions,T1620,Reflective Code Loading,MEDIUM_CANDIDATE,2,ldrmodules.not_in_load_avg; ldrmodules.not_in_init_avg,0.09890051931142807,0.06836062008530373
1135,Reconyc,180solutions,T1055,Process Injection,HIGH_CANDIDATE,1,malfind.uniqueInjections,0.04783155769109726,0.02857963228394504
1135,Reconyc,180solutions,T1620,Reflective Code Loading,MEDIUM_CANDIDATE,3,ldrmodules.not_in_load_avg; ldrmodules.not_in_init_avg; ldrmodules.not_in_load,0.3183589279651642,0.19022130022014377
1136,Reconyc,Reconyc,T1055,Process Injection,HIGH_CANDIDATE,2,malfind.uniqueInjections; malfind.ninjections,0.43642979860305786,0.11552664684929018
1136,Reconyc,Reconyc,T1620,Reflective Code Loading,MEDIUM_CANDIDATE,4,ldrmodules.not_in_load_avg; ldrmodules.not_in_load; ldrmodules.not_in_init_avg; ldrmodules.not_in_mem_avg,1.5904533565044403,0.4210064111920824
1137,Reconyc,Reconyc,T1055,Process Injection,HIGH_CANDIDATE,2,malfind.uniqueInjections; malfind.ninjections,0.3208460435271263,0.11750301822468673
1137,Reconyc,Reconyc,T1620,Reflective Code Loading,MEDIUM_CANDIDATE,4,ldrmodules.not_in_load_avg; ldrmodules.not_in_mem_avg; ldrmodules.not_in_init_avg; ldrmodules.not_in_load,1.1259450167417526,0.4123533404612974
1138,Reconyc,Reconyc,T1055,Process Injection,HIGH_CANDIDATE,2,malfind.uniqueInjections; malfind.ninjections,0.3946395218372345,0.10549235534776065
1138,Reconyc,Reconyc,T1620,Reflective Code Loading,MEDIUM_CANDIDATE,4,ldrmodules.not_in_load_avg; ldrmodules.not_in_load; ldrmodules.not_in_init_avg; ldrmodules.not_in_mem_avg,1.6925628781318665,0.452444407384919
1139,Reconyc,Scar,T1620,Reflective Code Loading,MEDIUM_CANDIDATE,5,ldrmodules.not_in_load_avg; ldrmodules.not_in_mem_avg; ldrmodules.not_in_load; ldrmodules.not_in_mem; ldrmodules.not_in_init_avg,0.7618425637483597,0.39512115947184784
1140,Reconyc,Reconyc,T1055,Process Injection,HIGH_CANDIDATE,1,malfind.uniqueInjections,0.26051247119903564,0.08053933685761443
1140,Reconyc,Reconyc,T1620,Reflective Code Loading,MEDIUM_CANDIDATE,4,ldrmodules.not_in_load_avg; ldrmodules.not_in_load; ldrmodules.not_in_mem_avg; ldrmodules.not_in_init,1.118595913052559,0.3458221122168846
1141,Reconyc,180solutions,T1014,Rootkit,MEDIUM_CANDIDATE,1,psxview.not_in_pslist_false_avg,0.06459427624940872,0.03917057329418407
1141,Reconyc,180solutions,T1055,Process Injection,HIGH_CANDIDATE,1,malfind.uniqueInjections,0.04343133419752121,0.026337167288313416
1141,Reconyc,180solutions,T1620,Reflective Code Loading,MEDIUM_CANDIDATE,3,ldrmodules.not_in_load_avg; ldrmodules.not_in_load; ldrmodules.not_in_init_avg,0.29608866944909096,0.17955093859170257
1142,Reconyc,Refroso,T1620,Reflective Code Loading,MEDIUM_CANDIDATE,4,ldrmodules.not_in_load_avg; ldrmodules.not_in_mem_avg; ldrmodules.not_in_init_avg; ldrmodules.not_in_load,0.7721919268369675,0.204747365379353
1143,Reconyc,Reconyc,T1014,Rootkit,MEDIUM_CANDIDATE,1,psxview.not_in_pslist_false_avg,0.04776543751358986,0.015910835971726774
1143,Reconyc,Reconyc,T1055,Process Injection,HIGH_CANDIDATE,1,malfind.uniqueInjections,0.29204580187797546,0.09728148828511915
1143,Reconyc,Reconyc,T1620,Reflective Code Loading,MEDIUM_CANDIDATE,5,ldrmodules.not_in_load_avg; ldrmodules.not_in_load; ldrmodules.not_in_init_avg; ldrmodules.not_in_mem_avg; ldrmodules.not_in_init,1.1187730208039284,0.37266724540186774
1144,Reconyc,Reconyc,T1055,Process Injection,HIGH_CANDIDATE,2,malfind.uniqueInjections; malfind.ninjections,0.1916954442858696,0.05788803075385225
1144,Reconyc,Reconyc,T1620,Reflective Code Loading,MEDIUM_CANDIDATE,2,ldrmodules.not_in_load; ldrmodules.not_in_init,0.49346209317445755,0.14901527228234163
1145,Reconyc,Refroso,T1055,Process Injection,HIGH_CANDIDATE,1,malfind.ninjections,0.12917238473892212,0.04957386726177643
1145,Reconyc,Refroso,T1620,Reflective Code Loading,MEDIUM_CANDIDATE,3,ldrmodules.not_in_init; ldrmodules.not_in_load; ldrmodules.not_in_load_avg,0.4042372703552246,0.15513845953495367
1146,Reconyc,Reconyc,T1055,Process Injection,HIGH_CANDIDATE,2,malfind.uniqueInjections; malfind.ninjections,0.46435803174972534,0.11471339651602287
1146,Reconyc,Reconyc,T1620,Reflective Code Loading,MEDIUM_CANDIDATE,4,ldrmodules.not_in_load_avg; ldrmodules.not_in_load; ldrmodules.not_in_init_avg; ldrmodules.not_in_mem_avg,1.3708259761333466,0.33864409141824153
1147,Reconyc,Emotet,T1620,Reflective Code Loading,MEDIUM_CANDIDATE,1,ldrmodules.not_in_load,0.04985813796520233,0.016556459639381866
1148,Reconyc,Reconyc,T1055,Process Injection,HIGH_CANDIDATE,2,malfind.uniqueInjections; malfind.ninjections,0.47378551959991455,0.11631292251189504
1148,Reconyc,Reconyc,T1620,Reflective Code Loading,MEDIUM_CANDIDATE,4,ldrmodules.not_in_load_avg; ldrmodules.not_in_load; ldrmodules.not_in_init_avg; ldrmodules.not_in_mem_avg,1.63046894967556,0.4002752316318333
1149,Reconyc,Scar,T1055,Process Injection,HIGH_CANDIDATE,1,malfind.ninjections,0.022872216999530792,0.015415922057384275
1149,Reconyc,Scar,T1620,Reflective Code Loading,MEDIUM_CANDIDATE,3,ldrmodules.not_in_init_avg; ldrmodules.not_in_mem; ldrmodules.not_in_load,0.33979956060647964,0.22902561398181798
1150,Reconyc,Reconyc,T1055,Process Injection,HIGH_CANDIDATE,2,malfind.uniqueInjections; malfind.ninjections,0.4392262101173401,0.08228587267137404
1150,Reconyc,Reconyc,T1620,Reflective Code Loading,MEDIUM_CANDIDATE,3,ldrmodules.not_in_load; ldrmodules.not_in_init_avg; ldrmodules.not_in_init,1.2142442911863327,0.2274799382072597
1151,Reconyc,Refroso,T1620,Reflective Code Loading,MEDIUM_CANDIDATE,4,ldrmodules.not_in_load_avg; ldrmodules.not_in_mem_avg; ldrmodules.not_in_init_avg; ldrmodules.not_in_load,0.9660302549600601,0.30197089290179363
1152,Reconyc,Reconyc,T1014,Rootkit,MEDIUM_CANDIDATE,1,psxview.not_in_pslist_false_avg,0.17260420322418213,0.05972937191603051
1152,Reconyc,Reconyc,T1055,Process Injection,HIGH_CANDIDATE,1,malfind.uniqueInjections,0.18539033830165863,0.06415399080216086
1152,Reconyc,Reconyc,T1620,Reflective Code Loading,MEDIUM_CANDIDATE,4,ldrmodules.not_in_load_avg; ldrmodules.not_in_init_avg; ldrmodules.not_in_load; ldrmodules.not_in_mem_avg,1.1719954013824463,0.40556688600525415
1153,Reconyc,Shade,T1055,Process Injection,HIGH_CANDIDATE,1,malfind.uniqueInjections,0.10605666786432266,0.04255447232752964
1153,Reconyc,Shade,T1620,Reflective Code Loading,MEDIUM_CANDIDATE,3,ldrmodules.not_in_load_avg; ldrmodules.not_in_mem_avg; ldrmodules.not_in_init_avg,0.3285917043685913,0.13184504918160736
1154,Reconyc,Reconyc,T1055,Process Injection,HIGH_CANDIDATE,2,malfind.uniqueInjections; malfind.ninjections,0.36829449236392975,0.07086260859127996
1154,Reconyc,Reconyc,T1620,Reflective Code Loading,MEDIUM_CANDIDATE,4,ldrmodules.not_in_load; ldrmodules.not_in_load_avg; ldrmodules.not_in_mem_avg; ldrmodules.not_in_init_avg,1.0110490769147873,0.1945333869755266
1155,Reconyc,Reconyc,T1055,Process Injection,HIGH_CANDIDATE,2,malfind.uniqueInjections; malfind.ninjections,0.46404850482940674,0.11176772085646923
1155,Reconyc,Reconyc,T1620,Reflective Code Loading,MEDIUM_CANDIDATE,4,ldrmodules.not_in_load_avg; ldrmodules.not_in_load; ldrmodules.not_in_init_avg; ldrmodules.not_in_mem_avg,1.3639377504587173,0.32850922300657337
1156,Reconyc,Reconyc,T1014,Rootkit,MEDIUM_CANDIDATE,1,psxview.not_in_session_false_avg,0.056427665054798126,0.03473322198858689
1156,Reconyc,Reconyc,T1055,Process Injection,HIGH_CANDIDATE,1,malfind.uniqueInjections,0.18671202659606934,0.11492785075197397
1156,Reconyc,Reconyc,T1620,Reflective Code Loading,MEDIUM_CANDIDATE,2,ldrmodules.not_in_load_avg; ldrmodules.not_in_mem_avg,0.3187110386788845,0.1961779075192393
1157,Reconyc,Scar,T1055,Process Injection,HIGH_CANDIDATE,1,malfind.uniqueInjections,0.027182167395949364,0.013411751150456742
1157,Reconyc,Scar,T1620,Reflective Code Loading,MEDIUM_CANDIDATE,5,ldrmodules.not_in_load_avg; ldrmodules.not_in_mem_avg; ldrmodules.not_in_init_avg; ldrmodules.not_in_mem; ldrmodules.not_in_load,0.8409922029823065,0.4149477111804521
1158,Reconyc,Reconyc,T1055,Process Injection,HIGH_CANDIDATE,2,malfind.uniqueInjections; malfind.ninjections,0.2661121338605881,0.11380339778549886
1158,Reconyc,Reconyc,T1620,Reflective Code Loading,MEDIUM_CANDIDATE,3,ldrmodules.not_in_load_avg; ldrmodules.not_in_mem_avg; ldrmodules.not_in_load,0.49705156683921814,0.21256511817136128
1159,Reconyc,Refroso,T1620,Reflective Code Loading,MEDIUM_CANDIDATE,3,ldrmodules.not_in_load_avg; ldrmodules.not_in_init_avg; ldrmodules.not_in_mem_avg,0.6094757467508316,0.3592246832925992
1160,Reconyc,Reconyc,T1055,Process Injection,HIGH_CANDIDATE,2,malfind.uniqueInjections; malfind.ninjections,0.16682441905140877,0.056058752495288015
1160,Reconyc,Reconyc,T1620,Reflective Code Loading,MEDIUM_CANDIDATE,3,ldrmodules.not_in_init_avg; ldrmodules.not_in_load_avg; ldrmodules.not_in_mem_avg,0.6766937226057053,0.22739240529876117
1161,Reconyc,Refroso,T1014,Rootkit,MEDIUM_CANDIDATE,2,psxview.not_in_deskthrd_false_avg; psxview.not_in_csrss_handles_false_avg,0.13775309175252914,0.03515246836706831
1161,Reconyc,Refroso,T1620,Reflective Code Loading,MEDIUM_CANDIDATE,3,ldrmodules.not_in_load_avg; ldrmodules.not_in_init_avg; ldrmodules.not_in_mem_avg,0.4990978389978409,0.1273620851208346
1162,Reconyc,Reconyc,T1055,Process Injection,HIGH_CANDIDATE,1,malfind.uniqueInjections,0.2818811535835266,0.10072591272439296
1162,Reconyc,Reconyc,T1620,Reflective Code Loading,MEDIUM_CANDIDATE,5,ldrmodules.not_in_load_avg; ldrmodules.not_in_load; ldrmodules.not_in_init_avg; ldrmodules.not_in_mem_avg; ldrmodules.not_in_init,1.2056957371532917,0.43083690430793115
1163,Reconyc,Transponder,T1014,Rootkit,MEDIUM_CANDIDATE,2,psxview.not_in_deskthrd_false_avg; psxview.not_in_ethread_pool_false_avg,0.29942864924669266,0.13347726540145888
1163,Reconyc,Transponder,T1620,Reflective Code Loading,MEDIUM_CANDIDATE,2,ldrmodules.not_in_load; ldrmodules.not_in_load_avg,0.7163546681404114,0.3193317085773409
1164,Reconyc,Shade,T1055,Process Injection,HIGH_CANDIDATE,1,malfind.uniqueInjections,0.04556628316640854,0.029127361827502307
1165,Reconyc,Reconyc,T1055,Process Injection,HIGH_CANDIDATE,2,malfind.uniqueInjections; malfind.ninjections,0.4024937003850937,0.1369620255956608
1165,Reconyc,Reconyc,T1620,Reflective Code Loading,MEDIUM_CANDIDATE,4,ldrmodules.not_in_load; ldrmodules.not_in_init_avg; ldrmodules.not_in_load_avg; ldrmodules.not_in_mem_avg,0.7684235274791718,0.2614819629182152
1166,Reconyc,Reconyc,T1055,Process Injection,HIGH_CANDIDATE,2,malfind.uniqueInjections; malfind.ninjections,0.3320534825325012,0.09801258079441362
1166,Reconyc,Reconyc,T1620,Reflective Code Loading,MEDIUM_CANDIDATE,4,ldrmodules.not_in_load_avg; ldrmodules.not_in_mem_avg; ldrmodules.not_in_load; ldrmodules.not_in_init_avg,1.0606129616498947,0.31306225973744367
1167,Reconyc,Reconyc,T1055,Process Injection,HIGH_CANDIDATE,2,malfind.uniqueInjections; malfind.ninjections,0.16007310152053833,0.05721077929454585
1167,Reconyc,Reconyc,T1620,Reflective Code Loading,MEDIUM_CANDIDATE,3,ldrmodules.not_in_init_avg; ldrmodules.not_in_load_avg; ldrmodules.not_in_mem_avg,0.5763076394796371,0.2059747006513761
1168,Reconyc,Reconyc,T1055,Process Injection,HIGH_CANDIDATE,2,malfind.uniqueInjections; malfind.ninjections,0.24018323421478271,0.07069890473410131
1168,Reconyc,Reconyc,T1620,Reflective Code Loading,MEDIUM_CANDIDATE,3,ldrmodules.not_in_load; ldrmodules.not_in_init; ldrmodules.not_in_load_avg,0.5696800909936428,0.1676876348748694
1169,Reconyc,Reconyc,T1055,Process Injection,HIGH_CANDIDATE,2,malfind.uniqueInjections; malfind.ninjections,0.4071729779243469,0.12075400090555836
1169,Reconyc,Reconyc,T1620,Reflective Code Loading,MEDIUM_CANDIDATE,4,ldrmodules.not_in_load_avg; ldrmodules.not_in_load; ldrmodules.not_in_init_avg; ldrmodules.not_in_mem_avg,1.487476646900177,0.44113623964543686
1170,Reconyc,Reconyc,T1055,Process Injection,HIGH_CANDIDATE,1,malfind.ninjections,0.14020082354545593,0.047677626687109155
1170,Reconyc,Reconyc,T1620,Reflective Code Loading,MEDIUM_CANDIDATE,3,ldrmodules.not_in_load; ldrmodules.not_in_load_avg; ldrmodules.not_in_init,0.43460381776094437,0.14779427150283891
1171,Reconyc,Reconyc,T1055,Process Injection,HIGH_CANDIDATE,2,malfind.uniqueInjections; malfind.ninjections,0.3658222556114197,0.1707399510544958
1171,Reconyc,Reconyc,T1620,Reflective Code Loading,MEDIUM_CANDIDATE,4,ldrmodules.not_in_init_avg; ldrmodules.not_in_load; ldrmodules.not_in_load_avg; ldrmodules.not_in_mem_avg,0.6914893612265587,0.32273831862197294
1172,Reconyc,Scar,T1055,Process Injection,HIGH_CANDIDATE,1,malfind.ninjections,0.048305708914995193,0.017547310010480766
1172,Reconyc,Scar,T1620,Reflective Code Loading,MEDIUM_CANDIDATE,4,ldrmodules.not_in_load_avg; ldrmodules.not_in_mem_avg; ldrmodules.not_in_init_avg; ldrmodules.not_in_mem,1.1117656081914902,0.40385486983032126
1173,Reconyc,Maze,T1620,Reflective Code Loading,MEDIUM_CANDIDATE,4,ldrmodules.not_in_mem; ldrmodules.not_in_init_avg; ldrmodules.not_in_mem_avg; ldrmodules.not_in_init,0.975291408598423,0.4542314303176951
1174,Reconyc,180solutions,T1055,Process Injection,HIGH_CANDIDATE,2,malfind.uniqueInjections; malfind.ninjections,0.32294654846191406,0.17614906016469936
1174,Reconyc,180solutions,T1620,Reflective Code Loading,MEDIUM_CANDIDATE,1,ldrmodules.not_in_load,0.03926471993327141,0.021416681945717
1175,Reconyc,Reconyc,T1055,Process Injection,HIGH_CANDIDATE,1,malfind.uniqueInjections,0.1618386059999466,0.05230811605056967
1175,Reconyc,Reconyc,T1620,Reflective Code Loading,MEDIUM_CANDIDATE,1,ldrmodules.not_in_load,0.2678649425506592,0.08657705875706617
1176,Reconyc,Reconyc,T1055,Process Injection,HIGH_CANDIDATE,2,malfind.uniqueInjections; malfind.ninjections,0.20516175404191017,0.07346580739373595
1176,Reconyc,Reconyc,T1620,Reflective Code Loading,MEDIUM_CANDIDATE,1,ldrmodules.not_in_load,0.3106350898742676,0.11123446369919876
1177,Reconyc,Reconyc,T1055,Process Injection,HIGH_CANDIDATE,2,malfind.uniqueInjections; malfind.ninjections,0.39179249107837677,0.16418476100531176
1177,Reconyc,Reconyc,T1620,Reflective Code Loading,MEDIUM_CANDIDATE,4,ldrmodules.not_in_load_avg; ldrmodules.not_in_load; ldrmodules.not_in_mem_avg; ldrmodules.not_in_init_avg,1.0348243862390518,0.4336540347403921
1178,Reconyc,Conti,T1055,Process Injection,HIGH_CANDIDATE,1,malfind.uniqueInjections,0.48701760172843933,0.3169725895993794
1178,Reconyc,Conti,T1620,Reflective Code Loading,MEDIUM_CANDIDATE,4,ldrmodules.not_in_load_avg; ldrmodules.not_in_init_avg; ldrmodules.not_in_mem_avg; ldrmodules.not_in_mem,0.6553825587034225,0.42655194817029607
1179,Reconyc,Reconyc,T1055,Process Injection,HIGH_CANDIDATE,2,malfind.ninjections; malfind.uniqueInjections,0.24797743558883667,0.10544279951519646
1179,Reconyc,Reconyc,T1620,Reflective Code Loading,MEDIUM_CANDIDATE,4,ldrmodules.not_in_load_avg; ldrmodules.not_in_init_avg; ldrmodules.not_in_mem_avg; ldrmodules.not_in_load,0.9745598956942558,0.4143938477838917
1180,Reconyc,Scar,T1620,Reflective Code Loading,MEDIUM_CANDIDATE,2,ldrmodules.not_in_mem; ldrmodules.not_in_load,0.4618770629167557,0.1905424236871355
1181,Reconyc,Reconyc,T1055,Process Injection,HIGH_CANDIDATE,2,malfind.uniqueInjections; malfind.ninjections,0.32812175154685974,0.11360285035773933
1181,Reconyc,Reconyc,T1620,Reflective Code Loading,MEDIUM_CANDIDATE,4,ldrmodules.not_in_load_avg; ldrmodules.not_in_mem_avg; ldrmodules.not_in_load; ldrmodules.not_in_init_avg,0.82624152302742,0.28606269367189396
1182,Reconyc,Reconyc,T1055,Process Injection,HIGH_CANDIDATE,2,malfind.uniqueInjections; malfind.ninjections,0.36829259991645813,0.06985410505309618
1182,Reconyc,Reconyc,T1620,Reflective Code Loading,MEDIUM_CANDIDATE,4,ldrmodules.not_in_load; ldrmodules.not_in_load_avg; ldrmodules.not_in_mem_avg; ldrmodules.not_in_init_avg,0.9986958056688309,0.18942276261076593
1183,Reconyc,Refroso,T1620,Reflective Code Loading,MEDIUM_CANDIDATE,4,ldrmodules.not_in_load_avg; ldrmodules.not_in_mem_avg; ldrmodules.not_in_init_avg; ldrmodules.not_in_load,0.8009475022554398,0.20808628185324238
1184,Reconyc,Reconyc,T1055,Process Injection,HIGH_CANDIDATE,2,malfind.uniqueInjections; malfind.ninjections,0.3133344426751137,0.09574444839093509
1184,Reconyc,Reconyc,T1620,Reflective Code Loading,MEDIUM_CANDIDATE,1,ldrmodules.not_in_load,0.5512652397155762,0.16844808327819524
1186,Reconyc,Reconyc,T1055,Process Injection,HIGH_CANDIDATE,2,malfind.uniqueInjections; malfind.ninjections,0.40528644621372223,0.11622647382718088
1186,Reconyc,Reconyc,T1620,Reflective Code Loading,MEDIUM_CANDIDATE,4,ldrmodules.not_in_load_avg; ldrmodules.not_in_load; ldrmodules.not_in_init_avg; ldrmodules.not_in_mem_avg,1.6096413135528564,0.4616066876861323
1187,Reconyc,Reconyc,T1055,Process Injection,HIGH_CANDIDATE,2,malfind.uniqueInjections; malfind.ninjections,0.3699529320001602,0.08364582353451407
1187,Reconyc,Reconyc,T1620,Reflective Code Loading,MEDIUM_CANDIDATE,4,ldrmodules.not_in_load_avg; ldrmodules.not_in_init_avg; ldrmodules.not_in_load; ldrmodules.not_in_mem_avg,1.6378987282514572,0.370326536540781
1188,Reconyc,Conti,T1014,Rootkit,MEDIUM_CANDIDATE,2,psxview.not_in_deskthrd_false_avg; psxview.not_in_pspcid_list_false_avg,0.286521315574646,0.1281322160551037
1188,Reconyc,Conti,T1055,Process Injection,HIGH_CANDIDATE,1,malfind.uniqueInjections,0.3004997968673706,0.13438338721676546
1188,Reconyc,Conti,T1620,Reflective Code Loading,MEDIUM_CANDIDATE,1,ldrmodules.not_in_init_avg,0.10368160903453827,0.046366373486419324
1189,Reconyc,Reconyc,T1055,Process Injection,HIGH_CANDIDATE,1,malfind.uniqueInjections,0.25754228234291077,0.09849131873643324
1189,Reconyc,Reconyc,T1620,Reflective Code Loading,MEDIUM_CANDIDATE,4,ldrmodules.not_in_load_avg; ldrmodules.not_in_load; ldrmodules.not_in_init_avg; ldrmodules.not_in_mem_avg,1.1205978244543076,0.4285477184547477
1190,Reconyc,Scar,T1014,Rootkit,MEDIUM_CANDIDATE,1,psxview.not_in_pslist_false_avg,0.05792120844125748,0.02458146530437414
1190,Reconyc,Scar,T1620,Reflective Code Loading,MEDIUM_CANDIDATE,3,ldrmodules.not_in_mem; ldrmodules.not_in_init; ldrmodules.not_in_init_avg,0.392470084130764,0.1665623010239758
1191,Reconyc,Scar,T1055,Process Injection,HIGH_CANDIDATE,1,malfind.ninjections,0.05193398520350456,0.023822161885247058
1191,Reconyc,Scar,T1620,Reflective Code Loading,MEDIUM_CANDIDATE,5,ldrmodules.not_in_load_avg; ldrmodules.not_in_mem_avg; ldrmodules.not_in_init_avg; ldrmodules.not_in_load; ldrmodules.not_in_mem,0.9531175419688225,0.43719580331605024
1192,Reconyc,Reconyc,T1055,Process Injection,HIGH_CANDIDATE,2,malfind.uniqueInjections; malfind.ninjections,0.2083231844007969,0.07001132532722358
1192,Reconyc,Reconyc,T1620,Reflective Code Loading,MEDIUM_CANDIDATE,3,ldrmodules.not_in_init_avg; ldrmodules.not_in_load_avg; ldrmodules.not_in_mem_avg,0.6569648236036301,0.22078664996482197
1193,Reconyc,Reconyc,T1055,Process Injection,HIGH_CANDIDATE,2,malfind.uniqueInjections; malfind.ninjections,0.3703271746635437,0.08377568929036686
1193,Reconyc,Reconyc,T1620,Reflective Code Loading,MEDIUM_CANDIDATE,4,ldrmodules.not_in_load_avg; ldrmodules.not_in_init_avg; ldrmodules.not_in_load; ldrmodules.not_in_mem_avg,1.6310397535562515,0.36897502792850406
1194,Reconyc,Reconyc,T1055,Process Injection,HIGH_CANDIDATE,2,malfind.uniqueInjections; malfind.ninjections,0.4421425312757492,0.09790192049015414
1194,Reconyc,Reconyc,T1620,Reflective Code Loading,MEDIUM_CANDIDATE,5,ldrmodules.not_in_load; ldrmodules.not_in_load_avg; ldrmodules.not_in_init_avg; ldrmodules.not_in_init; ldrmodules.not_in_mem_avg,0.9841805547475815,0.21792331568021295
1195,Reconyc,Zeus,T1014,Rootkit,MEDIUM_CANDIDATE,1,psxview.not_in_ethread_pool_false_avg,0.04661304131150246,0.017552749629120346
1195,Reconyc,Zeus,T1620,Reflective Code Loading,MEDIUM_CANDIDATE,1,ldrmodules.not_in_load,0.07894778251647949,0.029728818830451528
1196,Reconyc,Reconyc,T1014,Rootkit,MEDIUM_CANDIDATE,1,psxview.not_in_csrss_handles_false_avg,0.05399918183684349,0.014215228097061109
1196,Reconyc,Reconyc,T1055,Process Injection,HIGH_CANDIDATE,2,malfind.uniqueInjections; malfind.ninjections,0.46268130838871,0.1218003701401386
1196,Reconyc,Reconyc,T1620,Reflective Code Loading,MEDIUM_CANDIDATE,4,ldrmodules.not_in_load_avg; ldrmodules.not_in_load; ldrmodules.not_in_init_avg; ldrmodules.not_in_mem_avg,1.3617748767137527,0.35848581091140524
1197,Reconyc,Reconyc,T1055,Process Injection,HIGH_CANDIDATE,2,malfind.uniqueInjections; malfind.ninjections,0.4492475092411041,0.11597633351881756
1197,Reconyc,Reconyc,T1620,Reflective Code Loading,MEDIUM_CANDIDATE,5,ldrmodules.not_in_load_avg; ldrmodules.not_in_load; ldrmodules.not_in_init_avg; ldrmodules.not_in_mem_avg; ldrmodules.not_in_init,1.2295923382043839,0.3174277167360793
1198,Reconyc,Reconyc,T1055,Process Injection,HIGH_CANDIDATE,1,malfind.uniqueInjections,0.20204827189445496,0.05163349485412065
1198,Reconyc,Reconyc,T1620,Reflective Code Loading,MEDIUM_CANDIDATE,3,ldrmodules.not_in_load_avg; ldrmodules.not_in_load; ldrmodules.not_in_mem_avg,0.5479888990521431,0.14003872309338267
1199,Reconyc,Reconyc,T1055,Process Injection,HIGH_CANDIDATE,2,malfind.uniqueInjections; malfind.ninjections,0.37689293920993805,0.17887523763178909
1199,Reconyc,Reconyc,T1620,Reflective Code Loading,MEDIUM_CANDIDATE,4,ldrmodules.not_in_load; ldrmodules.not_in_init_avg; ldrmodules.not_in_load_avg; ldrmodules.not_in_mem_avg,0.7791785448789597,0.36980195931763005
1200,Reconyc,Pysa,T1620,Reflective Code Loading,MEDIUM_CANDIDATE,4,ldrmodules.not_in_load_avg; ldrmodules.not_in_mem; ldrmodules.not_in_load; ldrmodules.not_in_mem_avg,0.7334965839982033,0.3019147944736819
1201,Reconyc,180solutions,T1055,Process Injection,HIGH_CANDIDATE,1,malfind.uniqueInjections,0.04578360915184021,0.029184218606285547
1201,Reconyc,180solutions,T1620,Reflective Code Loading,MEDIUM_CANDIDATE,3,ldrmodules.not_in_load_avg; ldrmodules.not_in_load; ldrmodules.not_in_init_avg,0.314631924033165,0.20055838806956625
1202,Reconyc,Reconyc,T1055,Process Injection,HIGH_CANDIDATE,2,malfind.uniqueInjections; malfind.ninjections,0.39397503435611725,0.10900330515312431
1202,Reconyc,Reconyc,T1620,Reflective Code Loading,MEDIUM_CANDIDATE,4,ldrmodules.not_in_load_avg; ldrmodules.not_in_load; ldrmodules.not_in_init_avg; ldrmodules.not_in_mem_avg,1.6079167276620865,0.44487143205053215
1203,Reconyc,Reconyc,T1055,Process Injection,HIGH_CANDIDATE,2,malfind.ninjections; malfind.uniqueInjections,0.350648432970047,0.10999838645846462
1203,Reconyc,Reconyc,T1620,Reflective Code Loading,MEDIUM_CANDIDATE,4,ldrmodules.not_in_load_avg; ldrmodules.not_in_init_avg; ldrmodules.not_in_load; ldrmodules.not_in_mem_avg,1.3724372386932373,0.4305334562400926
1204,Reconyc,Reconyc,T1055,Process Injection,HIGH_CANDIDATE,2,malfind.uniqueInjections; malfind.ninjections,0.3190794363617897,0.12592673984487132
1204,Reconyc,Reconyc,T1620,Reflective Code Loading,MEDIUM_CANDIDATE,4,ldrmodules.not_in_load_avg; ldrmodules.not_in_mem_avg; ldrmodules.not_in_init_avg; ldrmodules.not_in_load,1.0438029617071152,0.4119435132108017
1205,Reconyc,Reconyc,T1055,Process Injection,HIGH_CANDIDATE,2,malfind.uniqueInjections; malfind.ninjections,0.31257781758904457,0.09236205888945276
1205,Reconyc,Reconyc,T1620,Reflective Code Loading,MEDIUM_CANDIDATE,1,ldrmodules.not_in_load,0.5653688907623291,0.1670580311348524
1206,Reconyc,Reconyc,T1055,Process Injection,HIGH_CANDIDATE,2,malfind.uniqueInjections; malfind.ninjections,0.1646309643983841,0.056130592872727605
1206,Reconyc,Reconyc,T1620,Reflective Code Loading,MEDIUM_CANDIDATE,3,ldrmodules.not_in_init_avg; ldrmodules.not_in_load_avg; ldrmodules.not_in_mem_avg,0.6838142424821854,0.23314507684264602
1207,Reconyc,Reconyc,T1055,Process Injection,HIGH_CANDIDATE,2,malfind.uniqueInjections; malfind.ninjections,0.4637551009654999,0.11471611976428724
1207,Reconyc,Reconyc,T1620,Reflective Code Loading,MEDIUM_CANDIDATE,4,ldrmodules.not_in_load_avg; ldrmodules.not_in_load; ldrmodules.not_in_init_avg; ldrmodules.not_in_mem_avg,1.3408918231725693,0.3316877952561026
1208,Reconyc,Reconyc,T1055,Process Injection,HIGH_CANDIDATE,2,malfind.uniqueInjections; malfind.ninjections,0.3187772333621979,0.11891206620199635
1208,Reconyc,Reconyc,T1620,Reflective Code Loading,MEDIUM_CANDIDATE,5,ldrmodules.not_in_load_avg; ldrmodules.not_in_mem_avg; ldrmodules.not_in_init_avg; ldrmodules.not_in_load; ldrmodules.not_in_mem,1.1369650587439537,0.4241170641602984
1209,Reconyc,Reconyc,T1055,Process Injection,HIGH_CANDIDATE,2,malfind.uniqueInjections; malfind.ninjections,0.2260771319270134,0.06693234817266977
1209,Reconyc,Reconyc,T1620,Reflective Code Loading,MEDIUM_CANDIDATE,3,ldrmodules.not_in_load; ldrmodules.not_in_load_avg; ldrmodules.not_in_init,0.5822396762669086,0.1723777562094185
1210,Reconyc,Reconyc,T1055,Process Injection,HIGH_CANDIDATE,1,malfind.ninjections,0.09094545245170593,0.048586003768002
1210,Reconyc,Reconyc,T1620,Reflective Code Loading,MEDIUM_CANDIDATE,3,ldrmodules.not_in_load; ldrmodules.not_in_load_avg; ldrmodules.not_in_mem_avg,0.5189926475286484,0.2772626673310838
1211,Reconyc,Reconyc,T1055,Process Injection,HIGH_CANDIDATE,2,malfind.uniqueInjections; malfind.ninjections,0.36830349266529083,0.06964972977995632
1211,Reconyc,Reconyc,T1620,Reflective Code Loading,MEDIUM_CANDIDATE,4,ldrmodules.not_in_load; ldrmodules.not_in_load_avg; ldrmodules.not_in_mem_avg; ldrmodules.not_in_init_avg,1.0208372473716736,0.1930501335032604
1212,Reconyc,Reconyc,T1055,Process Injection,HIGH_CANDIDATE,2,malfind.uniqueInjections; malfind.ninjections,0.21928203105926514,0.09982478137745857
1212,Reconyc,Reconyc,T1620,Reflective Code Loading,MEDIUM_CANDIDATE,2,ldrmodules.not_in_load; ldrmodules.not_in_init,0.36434755101799965,0.16586363438030322
1213,Reconyc,Reconyc,T1055,Process Injection,HIGH_CANDIDATE,2,malfind.uniqueInjections; malfind.ninjections,0.31988298892974854,0.09843369416796251
1213,Reconyc,Reconyc,T1620,Reflective Code Loading,MEDIUM_CANDIDATE,1,ldrmodules.not_in_load,0.4814453721046448,0.14814931758292788
1214,Reconyc,Reconyc,T1055,Process Injection,HIGH_CANDIDATE,2,malfind.uniqueInjections; malfind.ninjections,0.16464542225003242,0.0554394042466129
1214,Reconyc,Reconyc,T1620,Reflective Code Loading,MEDIUM_CANDIDATE,3,ldrmodules.not_in_init_avg; ldrmodules.not_in_load_avg; ldrmodules.not_in_mem_avg,0.6853148192167282,0.23075919621411248
1215,Reconyc,Refroso,T1620,Reflective Code Loading,MEDIUM_CANDIDATE,3,ldrmodules.not_in_mem_avg; ldrmodules.not_in_load_avg; ldrmodules.not_in_init_avg,0.5023587942123413,0.2165363843682155
1216,Reconyc,Reconyc,T1055,Process Injection,HIGH_CANDIDATE,2,malfind.uniqueInjections; malfind.ninjections,0.2065124809741974,0.060044236555099106
1216,Reconyc,Reconyc,T1620,Reflective Code Loading,MEDIUM_CANDIDATE,4,ldrmodules.not_in_load_avg; ldrmodules.not_in_init_avg; ldrmodules.not_in_mem_avg; ldrmodules.not_in_init,1.277344100177288,0.3713923291778582
1217,Reconyc,Reconyc,T1055,Process Injection,HIGH_CANDIDATE,2,malfind.uniqueInjections; malfind.ninjections,0.43870051205158234,0.07911244865686999
1217,Reconyc,Reconyc,T1620,Reflective Code Loading,MEDIUM_CANDIDATE,3,ldrmodules.not_in_load; ldrmodules.not_in_init_avg; ldrmodules.not_in_init,1.2308842539787292,0.2219698055287253
1218,Reconyc,Zeus,T1014,Rootkit,MEDIUM_CANDIDATE,1,psxview.not_in_ethread_pool_false_avg,0.0597611740231514,0.033010425189664606
1218,Reconyc,Zeus,T1620,Reflective Code Loading,MEDIUM_CANDIDATE,2,ldrmodules.not_in_mem_avg; ldrmodules.not_in_load,0.12680024281144142,0.0700409588295044
1219,Reconyc,Refroso,T1620,Reflective Code Loading,MEDIUM_CANDIDATE,2,ldrmodules.not_in_init; ldrmodules.not_in_load_avg,0.2998792678117752,0.0712474185086991
1220,Reconyc,Shade,T1014,Rootkit,MEDIUM_CANDIDATE,1,psxview.not_in_session_false_avg,0.059825293719768524,0.029475070859146035
1220,Reconyc,Shade,T1055,Process Injection,HIGH_CANDIDATE,1,malfind.uniqueInjections,0.09484025090932846,0.046726441978636415
1220,Reconyc,Shade,T1620,Reflective Code Loading,MEDIUM_CANDIDATE,4,ldrmodules.not_in_load_avg; ldrmodules.not_in_init_avg; ldrmodules.not_in_load; ldrmodules.not_in_init,0.5149145051836967,0.25369104910347445
1221,Reconyc,Reconyc,T1055,Process Injection,HIGH_CANDIDATE,1,malfind.uniqueInjections,0.2506963908672333,0.09108041545937433
1221,Reconyc,Reconyc,T1620,Reflective Code Loading,MEDIUM_CANDIDATE,4,ldrmodules.not_in_load_avg; ldrmodules.not_in_load; ldrmodules.not_in_mem_avg; ldrmodules.not_in_init_avg,0.9648624509572983,0.35054382949167173
1222,Reconyc,Scar,T1014,Rootkit,MEDIUM_CANDIDATE,1,psxview.not_in_session_false_avg,0.058072276413440704,0.036203829472371524
1222,Reconyc,Scar,T1620,Reflective Code Loading,MEDIUM_CANDIDATE,5,ldrmodules.not_in_mem; ldrmodules.not_in_init_avg; ldrmodules.not_in_load; ldrmodules.not_in_mem_avg; ldrmodules.not_in_load_avg,0.6761938780546188,0.4215575721031142
1223,Reconyc,Reconyc,T1055,Process Injection,HIGH_CANDIDATE,1,malfind.uniqueInjections,0.27761730551719666,0.10036503800407079
1223,Reconyc,Reconyc,T1620,Reflective Code Loading,MEDIUM_CANDIDATE,5,ldrmodules.not_in_load_avg; ldrmodules.not_in_load; ldrmodules.not_in_init_avg; ldrmodules.not_in_mem_avg; ldrmodules.not_in_init,1.1520383432507515,0.41648834494341785
1224,Reconyc,Reconyc,T1055,Process Injection,HIGH_CANDIDATE,2,malfind.uniqueInjections; malfind.ninjections,0.4004362225532532,0.16148536935863517
1224,Reconyc,Reconyc,T1620,Reflective Code Loading,MEDIUM_CANDIDATE,4,ldrmodules.not_in_load_avg; ldrmodules.not_in_init_avg; ldrmodules.not_in_load; ldrmodules.not_in_mem_avg,1.3704699873924255,0.5526744076693968
1225,Reconyc,Gator,T1620,Reflective Code Loading,MEDIUM_CANDIDATE,3,ldrmodules.not_in_mem_avg; ldrmodules.not_in_mem; ldrmodules.not_in_init,0.2914515323936939,0.15025556193622266
1226,Reconyc,Zeus,T1014,Rootkit,MEDIUM_CANDIDATE,1,psxview.not_in_session_false_avg,0.0734572783112526,0.03731322562988065
1226,Reconyc,Zeus,T1620,Reflective Code Loading,MEDIUM_CANDIDATE,1,ldrmodules.not_in_load,0.06528647243976593,0.033162797924556425
1227,Reconyc,Reconyc,T1055,Process Injection,HIGH_CANDIDATE,2,malfind.uniqueInjections; malfind.ninjections,0.2081369049847126,0.060440710726741204
1227,Reconyc,Reconyc,T1620,Reflective Code Loading,MEDIUM_CANDIDATE,4,ldrmodules.not_in_load_avg; ldrmodules.not_in_init_avg; ldrmodules.not_in_mem_avg; ldrmodules.not_in_init,1.2337703853845596,0.3582736034809649
1228,Reconyc,Reconyc,T1014,Rootkit,MEDIUM_CANDIDATE,2,psxview.not_in_ethread_pool_false_avg; psxview.not_in_pslist_false_avg,0.3578565865755081,0.14179396965476018
1228,Reconyc,Reconyc,T1055,Process Injection,HIGH_CANDIDATE,1,malfind.uniqueInjections,0.24811650812625885,0.09831151903830192
1228,Reconyc,Reconyc,T1620,Reflective Code Loading,MEDIUM_CANDIDATE,4,ldrmodules.not_in_load; ldrmodules.not_in_load_avg; ldrmodules.not_in_init_avg; ldrmodules.not_in_init,0.6151941195130348,0.24375914706159074
1229,Reconyc,Maze,T1620,Reflective Code Loading,MEDIUM_CANDIDATE,2,ldrmodules.not_in_mem; ldrmodules.not_in_init_avg,0.6294310390949249,0.3447777141528558
1230,Reconyc,Reconyc,T1014,Rootkit,MEDIUM_CANDIDATE,2,psxview.not_in_csrss_handles_false_avg; psxview.not_in_session_false_avg,0.354391410946846,0.09743665545329527
1230,Reconyc,Reconyc,T1055,Process Injection,HIGH_CANDIDATE,2,malfind.uniqueInjections; malfind.ninjections,0.6976923942565918,0.19182409994061736
1230,Reconyc,Reconyc,T1620,Reflective Code Loading,MEDIUM_CANDIDATE,1,ldrmodules.not_in_load_avg,0.3129696249961853,0.08604811678879581
1231,Reconyc,Zeus,T1014,Rootkit,MEDIUM_CANDIDATE,1,psxview.not_in_ethread_pool_false_avg,0.05091347172856331,0.025181063976439187
1231,Reconyc,Zeus,T1620,Reflective Code Loading,MEDIUM_CANDIDATE,1,ldrmodules.not_in_load,0.06613678485155106,0.03271029364137011
1232,Reconyc,Reconyc,T1055,Process Injection,HIGH_CANDIDATE,2,malfind.uniqueInjections; malfind.ninjections,0.24050266668200493,0.09376826248346262
1232,Reconyc,Reconyc,T1620,Reflective Code Loading,MEDIUM_CANDIDATE,1,ldrmodules.not_in_load,0.4676600396633148,0.1823334017753631
1233,Reconyc,Scar,T1620,Reflective Code Loading,MEDIUM_CANDIDATE,4,ldrmodules.not_in_mem; ldrmodules.not_in_init_avg; ldrmodules.not_in_load; ldrmodules.not_in_load_avg,0.5793885625898838,0.2860748278197718
1234,Reconyc,Refroso,T1620,Reflective Code Loading,MEDIUM_CANDIDATE,5,ldrmodules.not_in_load_avg; ldrmodules.not_in_init_avg; ldrmodules.not_in_mem_avg; ldrmodules.not_in_init; ldrmodules.not_in_load,0.6809707432985306,0.20523000268681024
1235,Reconyc,Reconyc,T1014,Rootkit,MEDIUM_CANDIDATE,1,psxview.not_in_session_false_avg,0.3084195554256439,0.07151635164574188
1235,Reconyc,Reconyc,T1620,Reflective Code Loading,MEDIUM_CANDIDATE,1,ldrmodules.not_in_load,0.6215091943740845,0.14411560263932305
1236,Reconyc,Reconyc,T1055,Process Injection,HIGH_CANDIDATE,1,malfind.uniqueInjections,0.09252270311117172,0.03304906535188191
1236,Reconyc,Reconyc,T1620,Reflective Code Loading,MEDIUM_CANDIDATE,3,ldrmodules.not_in_load_avg; ldrmodules.not_in_init_avg; ldrmodules.not_in_mem_avg,0.5623648166656494,0.20087644386319276
1237,Reconyc,Reconyc,T1055,Process Injection,HIGH_CANDIDATE,2,malfind.uniqueInjections; malfind.ninjections,0.3153213858604431,0.12804044635735848
1237,Reconyc,Reconyc,T1620,Reflective Code Loading,MEDIUM_CANDIDATE,4,ldrmodules.not_in_init_avg; ldrmodules.not_in_load_avg; ldrmodules.not_in_mem_avg; ldrmodules.not_in_load,0.7129756212234497,0.28951324228851705
1238,Reconyc,Reconyc,T1055,Process Injection,HIGH_CANDIDATE,2,malfind.uniqueInjections; malfind.ninjections,0.3695451468229294,0.08303231408693301
1238,Reconyc,Reconyc,T1620,Reflective Code Loading,MEDIUM_CANDIDATE,4,ldrmodules.not_in_load_avg; ldrmodules.not_in_init_avg; ldrmodules.not_in_load; ldrmodules.not_in_mem_avg,1.6522035002708435,0.37123009502206433
1239,Reconyc,Reconyc,T1055,Process Injection,HIGH_CANDIDATE,2,malfind.uniqueInjections; malfind.ninjections,0.14381925389170647,0.05731680298374694
1239,Reconyc,Reconyc,T1620,Reflective Code Loading,MEDIUM_CANDIDATE,3,ldrmodules.not_in_init_avg; ldrmodules.not_in_load_avg; ldrmodules.not_in_mem_avg,0.6081602275371552,0.2423722763194501
1240,Reconyc,Scar,T1055,Process Injection,HIGH_CANDIDATE,1,malfind.uniqueInjections,0.027354542165994644,0.01342763629898998
1240,Reconyc,Scar,T1620,Reflective Code Loading,MEDIUM_CANDIDATE,4,ldrmodules.not_in_load_avg; ldrmodules.not_in_mem_avg; ldrmodules.not_in_init_avg; ldrmodules.not_in_mem,0.8422509506344795,0.41343917836276206
1241,Reconyc,Refroso,T1620,Reflective Code Loading,MEDIUM_CANDIDATE,3,ldrmodules.not_in_load_avg; ldrmodules.not_in_mem_avg; ldrmodules.not_in_init_avg,0.44847874343395233,0.17008587065223105
1242,Reconyc,Reconyc,T1055,Process Injection,HIGH_CANDIDATE,2,malfind.uniqueInjections; malfind.ninjections,0.4439102113246918,0.10381625731958746
1242,Reconyc,Reconyc,T1620,Reflective Code Loading,MEDIUM_CANDIDATE,4,ldrmodules.not_in_load_avg; ldrmodules.not_in_load; ldrmodules.not_in_init_avg; ldrmodules.not_in_mem_avg,1.468327209353447,0.3433942980061162
1243,Reconyc,Reconyc,T1055,Process Injection,HIGH_CANDIDATE,2,malfind.uniqueInjections; malfind.ninjections,0.42879195511341095,0.10579356722336376
1243,Reconyc,Reconyc,T1620,Reflective Code Loading,MEDIUM_CANDIDATE,4,ldrmodules.not_in_load_avg; ldrmodules.not_in_load; ldrmodules.not_in_init_avg; ldrmodules.not_in_mem_avg,1.700869157910347,0.41964643564252946
1244,Reconyc,Conti,T1014,Rootkit,MEDIUM_CANDIDATE,2,psxview.not_in_csrss_handles_false_avg; psxview.not_in_deskthrd_false_avg,0.3553747609257698,0.20651573484034907
1244,Reconyc,Conti,T1055,Process Injection,HIGH_CANDIDATE,1,malfind.uniqueInjections,0.563035786151886,0.3271919165437241
1244,Reconyc,Conti,T1620,Reflective Code Loading,MEDIUM_CANDIDATE,3,ldrmodules.not_in_mem_avg; ldrmodules.not_in_mem; ldrmodules.not_in_load_avg,0.20303579419851303,0.11798836284425415
1245,Reconyc,Reconyc,T1055,Process Injection,HIGH_CANDIDATE,2,malfind.uniqueInjections; malfind.ninjections,0.4604804813861847,0.11231392507483906
1245,Reconyc,Reconyc,T1620,Reflective Code Loading,MEDIUM_CANDIDATE,4,ldrmodules.not_in_load; ldrmodules.not_in_init_avg; ldrmodules.not_in_load_avg; ldrmodules.not_in_mem_avg,0.9232911244034767,0.2251961904147435
1246,Reconyc,Reconyc,T1055,Process Injection,HIGH_CANDIDATE,2,malfind.uniqueInjections; malfind.ninjections,0.1693805605173111,0.08475960486809836
1246,Reconyc,Reconyc,T1620,Reflective Code Loading,MEDIUM_CANDIDATE,2,ldrmodules.not_in_mem_avg; ldrmodules.not_in_load_avg,0.17303546518087387,0.08658855309077525
1247,Reconyc,Reconyc,T1055,Process Injection,HIGH_CANDIDATE,2,malfind.uniqueInjections; malfind.ninjections,0.27978620678186417,0.09776278859754674
1247,Reconyc,Reconyc,T1620,Reflective Code Loading,MEDIUM_CANDIDATE,4,ldrmodules.not_in_load_avg; ldrmodules.not_in_load; ldrmodules.not_in_mem_avg; ldrmodules.not_in_init_avg,0.8547981306910515,0.2986832335501118
1248,Reconyc,Ako,T1014,Rootkit,MEDIUM_CANDIDATE,1,psxview.not_in_deskthrd_false_avg,0.047919951379299164,0.04676506928044028
1248,Reconyc,Ako,T1620,Reflective Code Loading,MEDIUM_CANDIDATE,1,ldrmodules.not_in_mem,0.09900666028261185,0.09662057648375422
1249,Reconyc,Reconyc,T1055,Process Injection,HIGH_CANDIDATE,2,malfind.uniqueInjections; malfind.ninjections,0.41620247066020966,0.11978299766121911
1249,Reconyc,Reconyc,T1620,Reflective Code Loading,MEDIUM_CANDIDATE,5,ldrmodules.not_in_load_avg; ldrmodules.not_in_load; ldrmodules.not_in_init_avg; ldrmodules.not_in_mem_avg; ldrmodules.not_in_mem,1.6338903903961182,0.4702333662293114
1250,Refroso,Refroso,T1620,Reflective Code Loading,MEDIUM_CANDIDATE,4,ldrmodules.not_in_load_avg; ldrmodules.not_in_init_avg; ldrmodules.not_in_mem_avg; ldrmodules.not_in_load,0.7960410118103027,0.20748702457413082
1251,Refroso,Refroso,T1620,Reflective Code Loading,MEDIUM_CANDIDATE,4,ldrmodules.not_in_mem_avg; ldrmodules.not_in_load_avg; ldrmodules.not_in_init_avg; ldrmodules.not_in_load,1.1660469472408295,0.2885975262782088
1252,Refroso,Conti,T1055,Process Injection,HIGH_CANDIDATE,1,malfind.uniqueInjections,0.43179935216903687,0.29292034420700225
1252,Refroso,Conti,T1620,Reflective Code Loading,MEDIUM_CANDIDATE,1,ldrmodules.not_in_mem,0.049186788499355316,0.03336691207454137
1253,Refroso,Refroso,T1055,Process Injection,HIGH_CANDIDATE,2,malfind.uniqueInjections; malfind.ninjections,1.6203641667962074,0.27426221810797724
1253,Refroso,Refroso,T1620,Reflective Code Loading,MEDIUM_CANDIDATE,4,ldrmodules.not_in_load_avg; ldrmodules.not_in_init; ldrmodules.not_in_init_avg; ldrmodules.not_in_mem_avg,0.4584606885910034,0.07759888051393406
1254,Refroso,Refroso,T1620,Reflective Code Loading,MEDIUM_CANDIDATE,3,ldrmodules.not_in_load_avg; ldrmodules.not_in_mem_avg; ldrmodules.not_in_init_avg,0.6044894456863403,0.14200421503274585
1255,Refroso,Refroso,T1620,Reflective Code Loading,MEDIUM_CANDIDATE,3,ldrmodules.not_in_load_avg; ldrmodules.not_in_mem_avg; ldrmodules.not_in_init_avg,0.5477595776319504,0.13331781517039223
1256,Refroso,Conti,T1014,Rootkit,MEDIUM_CANDIDATE,3,psxview.not_in_deskthrd_false_avg; psxview.not_in_csrss_handles_false_avg; psxview.not_in_ethread_pool_false_avg,0.22360974177718163,0.12806780904888143
1256,Refroso,Conti,T1055,Process Injection,HIGH_CANDIDATE,1,malfind.uniqueInjections,0.5254067182540894,0.3009157236692027
1256,Refroso,Conti,T1620,Reflective Code Loading,MEDIUM_CANDIDATE,1,ldrmodules.not_in_mem_avg,0.10055617988109589,0.0575914517021785
1257,Refroso,Refroso,T1620,Reflective Code Loading,MEDIUM_CANDIDATE,3,ldrmodules.not_in_mem_avg; ldrmodules.not_in_load_avg; ldrmodules.not_in_init_avg,0.4088243693113327,0.10502680122002905
1258,Refroso,Refroso,T1055,Process Injection,HIGH_CANDIDATE,1,malfind.ninjections,0.26373377442359924,0.09976053805757754
1258,Refroso,Refroso,T1620,Reflective Code Loading,MEDIUM_CANDIDATE,4,ldrmodules.not_in_load_avg; ldrmodules.not_in_init_avg; ldrmodules.not_in_init; ldrmodules.not_in_load,1.1672929674386978,0.44154289588816026
1259,Refroso,Refroso,T1055,Process Injection,HIGH_CANDIDATE,2,malfind.uniqueInjections; malfind.ninjections,2.848902016878128,0.5777552237302034
1260,Refroso,180solutions,T1620,Reflective Code Loading,MEDIUM_CANDIDATE,2,ldrmodules.not_in_load; ldrmodules.not_in_load_avg,0.17227516323328018,0.12267390301669903
1261,Refroso,Refroso,T1620,Reflective Code Loading,MEDIUM_CANDIDATE,3,ldrmodules.not_in_load_avg; ldrmodules.not_in_mem_avg; ldrmodules.not_in_init_avg,0.5867021828889847,0.14051572294776307
1262,Refroso,Refroso,T1620,Reflective Code Loading,MEDIUM_CANDIDATE,2,ldrmodules.not_in_init; ldrmodules.not_in_load_avg,0.31497228145599365,0.07266608035422108
1263,Refroso,Refroso,T1055,Process Injection,HIGH_CANDIDATE,2,malfind.uniqueInjections; malfind.ninjections,2.30971223115921,0.47162997565492226
1263,Refroso,Refroso,T1620,Reflective Code Loading,MEDIUM_CANDIDATE,2,ldrmodules.not_in_load_avg; ldrmodules.not_in_init_avg,0.09826616197824478,0.02006538604951762
1264,Refroso,Refroso,T1055,Process Injection,HIGH_CANDIDATE,2,malfind.uniqueInjections; malfind.ninjections,1.9975393563508987,0.34414457989767033
1264,Refroso,Refroso,T1620,Reflective Code Loading,MEDIUM_CANDIDATE,4,ldrmodules.not_in_load_avg; ldrmodules.not_in_init_avg; ldrmodules.not_in_mem_avg; ldrmodules.not_in_load,0.47748640924692154,0.08226339030301577
1265,Refroso,Refroso,T1055,Process Injection,HIGH_CANDIDATE,2,malfind.uniqueInjections; malfind.ninjections,2.319380149245262,0.3905585294025338
1265,Refroso,Refroso,T1620,Reflective Code Loading,MEDIUM_CANDIDATE,4,ldrmodules.not_in_load_avg; ldrmodules.not_in_load; ldrmodules.not_in_init_avg; ldrmodules.not_in_init,0.5267813950777054,0.0887042889649255
1266,Refroso,Scar,T1014,Rootkit,MEDIUM_CANDIDATE,2,psxview.not_in_ethread_pool_false_avg; psxview.not_in_pslist_false_avg,0.10367609560489655,0.051931256448188294
1266,Refroso,Scar,T1620,Reflective Code Loading,MEDIUM_CANDIDATE,5,ldrmodules.not_in_mem_avg; ldrmodules.not_in_load_avg; ldrmodules.not_in_mem; ldrmodules.not_in_load; ldrmodules.not_in_init_avg,0.5651502460241318,0.2830832139925779
1267,Refroso,Refroso,T1620,Reflective Code Loading,MEDIUM_CANDIDATE,3,ldrmodules.not_in_load_avg; ldrmodules.not_in_mem_avg; ldrmodules.not_in_init_avg,0.6150857955217361,0.20492088802396355
1268,Refroso,Conti,T1014,Rootkit,MEDIUM_CANDIDATE,1,psxview.not_in_deskthrd_false_avg,0.06762713193893433,0.047225445380646464
1268,Refroso,Conti,T1055,Process Injection,HIGH_CANDIDATE,1,malfind.uniqueInjections,0.3923429250717163,0.2739812978493345
1268,Refroso,Conti,T1620,Reflective Code Loading,MEDIUM_CANDIDATE,2,ldrmodules.not_in_mem_avg; ldrmodules.not_in_load_avg,0.17849843949079514,0.12464920606591688
1269,Refroso,Refroso,T1620,Reflective Code Loading,MEDIUM_CANDIDATE,3,ldrmodules.not_in_load_avg; ldrmodules.not_in_mem_avg; ldrmodules.not_in_init_avg,0.5939883142709732,0.19683645536004107
1270,Refroso,Refroso,T1055,Process Injection,HIGH_CANDIDATE,2,malfind.uniqueInjections; malfind.ninjections,2.2121568769216537,0.4038497318976543
1270,Refroso,Refroso,T1620,Reflective Code Loading,MEDIUM_CANDIDATE,4,ldrmodules.not_in_load_avg; ldrmodules.not_in_mem_avg; ldrmodules.not_in_init_avg; ldrmodules.not_in_load,0.5322109833359718,0.0971600455535104
1271,Refroso,Reconyc,T1014,Rootkit,MEDIUM_CANDIDATE,1,psxview.not_in_pslist_false_avg,0.04408989101648331,0.022021886945487776
1271,Refroso,Reconyc,T1055,Process Injection,HIGH_CANDIDATE,2,malfind.uniqueInjections; malfind.ninjections,0.3034822791814804,0.15158242145790154
1271,Refroso,Reconyc,T1620,Reflective Code Loading,MEDIUM_CANDIDATE,3,ldrmodules.not_in_load_avg; ldrmodules.not_in_mem_avg; ldrmodules.not_in_load,0.762227363884449,0.38071504481480944
1272,Refroso,Refroso,T1620,Reflective Code Loading,MEDIUM_CANDIDATE,3,ldrmodules.not_in_load_avg; ldrmodules.not_in_mem_avg; ldrmodules.not_in_init_avg,0.5687382519245148,0.19085974402289865
1273,Refroso,Refroso,T1620,Reflective Code Loading,MEDIUM_CANDIDATE,3,ldrmodules.not_in_load_avg; ldrmodules.not_in_mem_avg; ldrmodules.not_in_init_avg,0.5670546591281891,0.1976259351436011
1274,Refroso,180solutions,T1620,Reflective Code Loading,MEDIUM_CANDIDATE,3,ldrmodules.not_in_load; ldrmodules.not_in_init_avg; ldrmodules.not_in_load_avg,0.4375295042991638,0.28448845646335336
1275,Refroso,Refroso,T1620,Reflective Code Loading,MEDIUM_CANDIDATE,3,ldrmodules.not_in_load_avg; ldrmodules.not_in_mem_avg; ldrmodules.not_in_init_avg,0.5677422434091568,0.19177680864490185
1276,Refroso,Refroso,T1055,Process Injection,HIGH_CANDIDATE,2,malfind.uniqueInjections; malfind.ninjections,2.00519710034132,0.32178090543254867
1276,Refroso,Refroso,T1620,Reflective Code Loading,MEDIUM_CANDIDATE,2,ldrmodules.not_in_init; ldrmodules.not_in_load,0.18325498700141907,0.029407560799040243
1277,Refroso,Conti,T1014,Rootkit,MEDIUM_CANDIDATE,1,psxview.not_in_deskthrd_false_avg,0.05347677320241928,0.03267946725545638
1277,Refroso,Conti,T1055,Process Injection,HIGH_CANDIDATE,1,malfind.uniqueInjections,0.4107893109321594,0.25103189724416053
1277,Refroso,Conti,T1620,Reflective Code Loading,MEDIUM_CANDIDATE,3,ldrmodules.not_in_mem_avg; ldrmodules.not_in_load_avg; ldrmodules.not_in_init_avg,0.3611619099974632,0.2207047677877886
1278,Refroso,Refroso,T1620,Reflective Code Loading,MEDIUM_CANDIDATE,1,ldrmodules.not_in_init,0.1322173923254013,0.037740982609631546
1279,Refroso,Refroso,T1055,Process Injection,HIGH_CANDIDATE,1,malfind.uniqueInjections,0.607358455657959,0.16506701018287817
1279,Refroso,Refroso,T1620,Reflective Code Loading,MEDIUM_CANDIDATE,4,ldrmodules.not_in_init_avg; ldrmodules.not_in_load_avg; ldrmodules.not_in_init; ldrmodules.not_in_load,0.6182351410388947,0.16802306013954815
1280,Refroso,Refroso,T1620,Reflective Code Loading,MEDIUM_CANDIDATE,3,ldrmodules.not_in_init; ldrmodules.not_in_load_avg; ldrmodules.not_in_mem_avg,0.40911974012851715,0.09277781325045338
1281,Refroso,Reconyc,T1055,Process Injection,HIGH_CANDIDATE,2,malfind.uniqueInjections; malfind.ninjections,0.3171190768480301,0.12598065850826778
1281,Refroso,Reconyc,T1620,Reflective Code Loading,MEDIUM_CANDIDATE,4,ldrmodules.not_in_load_avg; ldrmodules.not_in_init_avg; ldrmodules.not_in_mem_avg; ldrmodules.not_in_load,0.9373745545744896,0.37238713239184923
1282,Refroso,Refroso,T1620,Reflective Code Loading,MEDIUM_CANDIDATE,4,ldrmodules.not_in_mem_avg; ldrmodules.not_in_init; ldrmodules.not_in_init_avg; ldrmodules.not_in_load_avg,0.3981633260846138,0.1034814205278765
1283,Refroso,Refroso,T1055,Process Injection,HIGH_CANDIDATE,2,malfind.uniqueInjections; malfind.ninjections,2.525642916560173,0.464660492415704
1283,Refroso,Refroso,T1620,Reflective Code Loading,MEDIUM_CANDIDATE,4,ldrmodules.not_in_load_avg; ldrmodules.not_in_init_avg; ldrmodules.not_in_load; ldrmodules.not_in_mem_avg,0.6177092269062996,0.11364436027834131
1284,Refroso,Refroso,T1055,Process Injection,HIGH_CANDIDATE,2,malfind.uniqueInjections; malfind.ninjections,1.6428668051958084,0.26764324030731157
1284,Refroso,Refroso,T1620,Reflective Code Loading,MEDIUM_CANDIDATE,5,ldrmodules.not_in_load_avg; ldrmodules.not_in_init; ldrmodules.not_in_init_avg; ldrmodules.not_in_mem_avg; ldrmodules.not_in_load,0.5086653307080269,0.08286784839289534
1285,Refroso,Reconyc,T1055,Process Injection,HIGH_CANDIDATE,2,malfind.uniqueInjections; malfind.ninjections,0.32029399275779724,0.1645189604305025
1285,Refroso,Reconyc,T1620,Reflective Code Loading,MEDIUM_CANDIDATE,4,ldrmodules.not_in_mem_avg; ldrmodules.not_in_init_avg; ldrmodules.not_in_load; ldrmodules.not_in_load_avg,0.41595395281910896,0.2136546842965795
1286,Refroso,Refroso,T1055,Process Injection,HIGH_CANDIDATE,2,malfind.uniqueInjections; malfind.ninjections,2.482725664973259,0.41333586596482197
1286,Refroso,Refroso,T1620,Reflective Code Loading,MEDIUM_CANDIDATE,2,ldrmodules.not_in_init; ldrmodules.not_in_load,0.20738907158374786,0.03452710974236139
1287,Refroso,Refroso,T1055,Process Injection,HIGH_CANDIDATE,2,malfind.uniqueInjections; malfind.ninjections,2.224522516131401,0.44375153377747256
1287,Refroso,Refroso,T1620,Reflective Code Loading,MEDIUM_CANDIDATE,3,ldrmodules.not_in_load_avg; ldrmodules.not_in_init_avg; ldrmodules.not_in_mem_avg,0.505400761961937,0.10081820330725985
1288,Refroso,Maze,T1620,Reflective Code Loading,MEDIUM_CANDIDATE,3,ldrmodules.not_in_mem; ldrmodules.not_in_load_avg; ldrmodules.not_in_init_avg,0.557635210454464,0.2855314270630454
1289,Refroso,Refroso,T1620,Reflective Code Loading,MEDIUM_CANDIDATE,3,ldrmodules.not_in_mem_avg; ldrmodules.not_in_load_avg; ldrmodules.not_in_init_avg,0.5742809772491455,0.1921845163133491
1290,Refroso,Refroso,T1055,Process Injection,HIGH_CANDIDATE,2,malfind.uniqueInjections; malfind.ninjections,1.6600196063518524,0.29542171368661085
1290,Refroso,Refroso,T1620,Reflective Code Loading,MEDIUM_CANDIDATE,5,ldrmodules.not_in_load_avg; ldrmodules.not_in_mem_avg; ldrmodules.not_in_load; ldrmodules.not_in_init; ldrmodules.not_in_init_avg,0.635829471051693,0.11315398398416807
1291,Refroso,Refroso,T1055,Process Injection,HIGH_CANDIDATE,2,malfind.uniqueInjections; malfind.ninjections,2.329957753419876,0.42916347576467506
1291,Refroso,Refroso,T1620,Reflective Code Loading,MEDIUM_CANDIDATE,4,ldrmodules.not_in_load_avg; ldrmodules.not_in_init_avg; ldrmodules.not_in_mem_avg; ldrmodules.not_in_load,0.7274707853794098,0.13399551571801566
1292,Refroso,Gator,T1014,Rootkit,MEDIUM_CANDIDATE,1,psxview.not_in_session_false_avg,0.06229008734226227,0.03089016054992568
1292,Refroso,Gator,T1620,Reflective Code Loading,MEDIUM_CANDIDATE,1,ldrmodules.not_in_init_avg,0.08497922122478485,0.04214188643881134
1293,Refroso,Refroso,T1055,Process Injection,HIGH_CANDIDATE,2,malfind.uniqueInjections; malfind.ninjections,2.258929595351219,0.38493614843137086
1293,Refroso,Refroso,T1620,Reflective Code Loading,MEDIUM_CANDIDATE,4,ldrmodules.not_in_load_avg; ldrmodules.not_in_load; ldrmodules.not_in_init_avg; ldrmodules.not_in_init,0.561844676733017,0.09574195066697057
1294,Refroso,Refroso,T1055,Process Injection,HIGH_CANDIDATE,2,malfind.uniqueInjections; malfind.ninjections,2.237222135066986,0.390249043939146
1294,Refroso,Refroso,T1620,Reflective Code Loading,MEDIUM_CANDIDATE,4,ldrmodules.not_in_load_avg; ldrmodules.not_in_init_avg; ldrmodules.not_in_mem_avg; ldrmodules.not_in_load,0.5161994360387325,0.09004306422616817
1295,Refroso,Refroso,T1055,Process Injection,HIGH_CANDIDATE,2,malfind.uniqueInjections; malfind.ninjections,2.5155763179063797,0.4258605552562746
1295,Refroso,Refroso,T1620,Reflective Code Loading,MEDIUM_CANDIDATE,2,ldrmodules.not_in_init; ldrmodules.not_in_load,0.21542993932962418,0.036470017994959365
1296,Refroso,Refroso,T1055,Process Injection,HIGH_CANDIDATE,1,malfind.uniqueInjections,1.450797438621521,0.3302622714891574
1296,Refroso,Refroso,T1620,Reflective Code Loading,MEDIUM_CANDIDATE,2,ldrmodules.not_in_load; ldrmodules.not_in_init,0.23618410527706146,0.05376539620345006
1297,Refroso,Refroso,T1055,Process Injection,HIGH_CANDIDATE,2,malfind.uniqueInjections; malfind.ninjections,2.109880670905113,0.3204661642972106
1297,Refroso,Refroso,T1620,Reflective Code Loading,MEDIUM_CANDIDATE,1,ldrmodules.not_in_init,0.10833878815174103,0.01645539312358482
1298,Refroso,Refroso,T1620,Reflective Code Loading,MEDIUM_CANDIDATE,3,ldrmodules.not_in_mem_avg; ldrmodules.not_in_load_avg; ldrmodules.not_in_init_avg,0.3841921240091324,0.10024043865222924
1299,Refroso,Transponder,T1620,Reflective Code Loading,MEDIUM_CANDIDATE,3,ldrmodules.not_in_load; ldrmodules.not_in_init_avg; ldrmodules.not_in_mem,0.7089813351631165,0.3064688672542076
1300,Refroso,Refroso,T1055,Process Injection,HIGH_CANDIDATE,2,malfind.uniqueInjections; malfind.ninjections,2.013730376958847,0.3426743016966469
1300,Refroso,Refroso,T1620,Reflective Code Loading,MEDIUM_CANDIDATE,4,ldrmodules.not_in_load_avg; ldrmodules.not_in_init_avg; ldrmodules.not_in_mem_avg; ldrmodules.not_in_load,0.4139324948191643,0.07043844113129093
1301,Refroso,CWS,T1620,Reflective Code Loading,MEDIUM_CANDIDATE,1,ldrmodules.not_in_init_avg,0.1262170523405075,0.07600498314015447
1302,Refroso,Refroso,T1620,Reflective Code Loading,MEDIUM_CANDIDATE,3,ldrmodules.not_in_load_avg; ldrmodules.not_in_mem_avg; ldrmodules.not_in_init_avg,0.6059873104095459,0.20188910168355972
1303,Refroso,Refroso,T1055,Process Injection,HIGH_CANDIDATE,2,malfind.uniqueInjections; malfind.ninjections,2.3750512152910233,0.4711276620806394
1303,Refroso,Refroso,T1620,Reflective Code Loading,MEDIUM_CANDIDATE,2,ldrmodules.not_in_init_avg; ldrmodules.not_in_init,0.23873638361692429,0.04735700583755463
1304,Refroso,Gator,T1014,Rootkit,MEDIUM_CANDIDATE,2,psxview.not_in_pslist_false_avg; psxview.not_in_session_false_avg,0.23984625935554504,0.16747134314271162
1304,Refroso,Gator,T1620,Reflective Code Loading,MEDIUM_CANDIDATE,1,ldrmodules.not_in_mem_avg,0.09822367131710052,0.0685841430593183
1305,Refroso,Refroso,T1055,Process Injection,HIGH_CANDIDATE,2,malfind.uniqueInjections; malfind.ninjections,1.9670960754156113,0.3159899189538113
1306,Refroso,Refroso,T1055,Process Injection,HIGH_CANDIDATE,1,malfind.ninjections,0.11138226836919785,0.027641919571893835
1306,Refroso,Refroso,T1620,Reflective Code Loading,MEDIUM_CANDIDATE,3,ldrmodules.not_in_load_avg; ldrmodules.not_in_init_avg; ldrmodules.not_in_mem_avg,0.6751390770077705,0.16755036811274301
1307,Refroso,Refroso,T1620,Reflective Code Loading,MEDIUM_CANDIDATE,4,ldrmodules.not_in_load_avg; ldrmodules.not_in_mem_avg; ldrmodules.not_in_load; ldrmodules.not_in_init_avg,0.9227056801319122,0.2987658952679143
1308,Refroso,Refroso,T1055,Process Injection,HIGH_CANDIDATE,2,malfind.uniqueInjections; malfind.ninjections,1.830699197947979,0.2968522985454838
1308,Refroso,Refroso,T1620,Reflective Code Loading,MEDIUM_CANDIDATE,3,ldrmodules.not_in_init; ldrmodules.not_in_init_avg; ldrmodules.not_in_load_avg,0.23209641873836517,0.03763499512311285
1309,Refroso,CWS,T1014,Rootkit,MEDIUM_CANDIDATE,4,psxview.not_in_deskthrd; psxview.not_in_csrss_handles_false_avg; psxview.not_in_pslist_false_avg; psxview.not_in_csrss_handles,0.24753127619624138,0.16954477923145436
1309,Refroso,CWS,T1620,Reflective Code Loading,MEDIUM_CANDIDATE,2,ldrmodules.not_in_mem_avg; ldrmodules.not_in_load_avg,0.2406415492296219,0.16482570996687212
1310,Refroso,Refroso,T1014,Rootkit,MEDIUM_CANDIDATE,1,psxview.not_in_deskthrd_false_avg,0.06168162077665329,0.01659099714532828
1310,Refroso,Refroso,T1620,Reflective Code Loading,MEDIUM_CANDIDATE,4,ldrmodules.not_in_load_avg; ldrmodules.not_in_init_avg; ldrmodules.not_in_mem_avg; ldrmodules.not_in_load,0.730678603053093,0.19653644740144055
1311,Refroso,Refroso,T1014,Rootkit,MEDIUM_CANDIDATE,1,psxview.not_in_deskthrd_false_avg,0.04863376542925835,0.014634027701248055
1311,Refroso,Refroso,T1620,Reflective Code Loading,MEDIUM_CANDIDATE,2,ldrmodules.not_in_init; ldrmodules.not_in_load,0.20940804854035378,0.06301143158782076
1312,Refroso,Refroso,T1620,Reflective Code Loading,MEDIUM_CANDIDATE,4,ldrmodules.not_in_load_avg; ldrmodules.not_in_mem_avg; ldrmodules.not_in_init_avg; ldrmodules.not_in_load,0.7520299106836319,0.21570902168004005
1313,Refroso,Pysa,T1014,Rootkit,MEDIUM_CANDIDATE,1,psxview.not_in_pspcid_list_false_avg,0.058837540447711945,0.03369505421275455
1313,Refroso,Pysa,T1620,Reflective Code Loading,MEDIUM_CANDIDATE,4,ldrmodules.not_in_mem; ldrmodules.not_in_init; ldrmodules.not_in_init_avg; ldrmodules.not_in_load_avg,0.4196002520620823,0.24029646945357908
1314,Refroso,Refroso,T1620,Reflective Code Loading,MEDIUM_CANDIDATE,3,ldrmodules.not_in_load_avg; ldrmodules.not_in_mem_avg; ldrmodules.not_in_init_avg,0.5282640904188156,0.1874198907933161
1315,Refroso,Reconyc,T1055,Process Injection,HIGH_CANDIDATE,2,malfind.uniqueInjections; malfind.ninjections,0.3134131208062172,0.13356043184673946
1315,Refroso,Reconyc,T1620,Reflective Code Loading,MEDIUM_CANDIDATE,4,ldrmodules.not_in_load_avg; ldrmodules.not_in_mem_avg; ldrmodules.not_in_init_avg; ldrmodules.not_in_load,1.0186823010444641,0.43410961127645914
1316,Refroso,Refroso,T1055,Process Injection,HIGH_CANDIDATE,1,malfind.ninjections,0.1042865514755249,0.026721377024397853
1316,Refroso,Refroso,T1620,Reflective Code Loading,MEDIUM_CANDIDATE,1,ldrmodules.not_in_load_avg,0.05578826367855072,0.014294644958520248
1317,Refroso,Emotet,T1620,Reflective Code Loading,MEDIUM_CANDIDATE,1,ldrmodules.not_in_load,0.06062621250748634,0.027885126395735458
1318,Refroso,Refroso,T1055,Process Injection,HIGH_CANDIDATE,2,malfind.uniqueInjections; malfind.ninjections,2.3848177641630173,0.42521383193991985
1318,Refroso,Refroso,T1620,Reflective Code Loading,MEDIUM_CANDIDATE,4,ldrmodules.not_in_load_avg; ldrmodules.not_in_init_avg; ldrmodules.not_in_mem_avg; ldrmodules.not_in_load,0.6443080753087997,0.11488035260758889
1319,Refroso,Refroso,T1620,Reflective Code Loading,MEDIUM_CANDIDATE,3,ldrmodules.not_in_init; ldrmodules.not_in_load; ldrmodules.not_in_mem_avg,0.3146634139120579,0.07374356075043657
1320,Refroso,Refroso,T1055,Process Injection,HIGH_CANDIDATE,2,malfind.uniqueInjections; malfind.ninjections,2.295711860060692,0.376725310848354
1320,Refroso,Refroso,T1620,Reflective Code Loading,MEDIUM_CANDIDATE,4,ldrmodules.not_in_load_avg; ldrmodules.not_in_init_avg; ldrmodules.not_in_load; ldrmodules.not_in_mem_avg,0.4699925631284714,0.07712557378011155
1321,Refroso,Refroso,T1620,Reflective Code Loading,MEDIUM_CANDIDATE,4,ldrmodules.not_in_load_avg; ldrmodules.not_in_mem_avg; ldrmodules.not_in_init_avg; ldrmodules.not_in_load,0.78894904255867,0.20885005496031603
1322,Refroso,Refroso,T1055,Process Injection,HIGH_CANDIDATE,2,malfind.uniqueInjections; malfind.ninjections,2.1098615378141403,0.32041113188724774
1322,Refroso,Refroso,T1620,Reflective Code Loading,MEDIUM_CANDIDATE,1,ldrmodules.not_in_init,0.10831496864557266,0.016449099185918668
1323,Refroso,Scar,T1014,Rootkit,MEDIUM_CANDIDATE,1,psxview.not_in_ethread_pool_false_avg,0.06678222864866257,0.028820447085974654
1323,Refroso,Scar,T1055,Process Injection,HIGH_CANDIDATE,1,malfind.ninjections,0.06249690055847168,0.026971076767425682
1323,Refroso,Scar,T1620,Reflective Code Loading,MEDIUM_CANDIDATE,4,ldrmodules.not_in_mem; ldrmodules.not_in_load_avg; ldrmodules.not_in_mem_avg; ldrmodules.not_in_load,0.6490930467844009,0.28012170583795787
1324,Refroso,Reconyc,T1055,Process Injection,HIGH_CANDIDATE,2,malfind.uniqueInjections; malfind.ninjections,0.3624545782804489,0.18512534286818944
1324,Refroso,Reconyc,T1620,Reflective Code Loading,MEDIUM_CANDIDATE,4,ldrmodules.not_in_load; ldrmodules.not_in_init_avg; ldrmodules.not_in_mem_avg; ldrmodules.not_in_load_avg,0.673915334045887,0.34420535635459193
1325,Refroso,Refroso,T1055,Process Injection,HIGH_CANDIDATE,1,malfind.uniqueInjections,1.556256890296936,0.248829997356099
1325,Refroso,Refroso,T1620,Reflective Code Loading,MEDIUM_CANDIDATE,4,ldrmodules.not_in_load_avg; ldrmodules.not_in_init_avg; ldrmodules.not_in_load; ldrmodules.not_in_init,0.46944715827703476,0.07505993122421759
1326,Refroso,Refroso,T1055,Process Injection,HIGH_CANDIDATE,2,malfind.uniqueInjections; malfind.ninjections,1.9821994230151176,0.3271953948961522
1326,Refroso,Refroso,T1620,Reflective Code Loading,MEDIUM_CANDIDATE,4,ldrmodules.not_in_load_avg; ldrmodules.not_in_init_avg; ldrmodules.not_in_mem_avg; ldrmodules.not_in_load,0.46724268049001694,0.07712627275550457
1327,Refroso,Zeus,T1014,Rootkit,MEDIUM_CANDIDATE,1,psxview.not_in_session_false_avg,0.06206898391246796,0.03401407480097692
1327,Refroso,Zeus,T1620,Reflective Code Loading,MEDIUM_CANDIDATE,1,ldrmodules.not_in_init_avg,0.038364723324775696,0.021024036267904455
1328,Refroso,Refroso,T1055,Process Injection,HIGH_CANDIDATE,2,malfind.uniqueInjections; malfind.ninjections,1.9969949573278427,0.32936003896992755
1328,Refroso,Refroso,T1620,Reflective Code Loading,MEDIUM_CANDIDATE,4,ldrmodules.not_in_load_avg; ldrmodules.not_in_init_avg; ldrmodules.not_in_mem_avg; ldrmodules.not_in_load,0.4608711004257202,0.07601046914982726
1329,Refroso,Scar,T1620,Reflective Code Loading,MEDIUM_CANDIDATE,5,ldrmodules.not_in_load_avg; ldrmodules.not_in_init_avg; ldrmodules.not_in_mem_avg; ldrmodules.not_in_load; ldrmodules.not_in_mem,1.1708226799964905,0.49486682435459917
1330,Refroso,Shade,T1620,Reflective Code Loading,MEDIUM_CANDIDATE,2,ldrmodules.not_in_init; ldrmodules.not_in_load_avg,0.17647651582956314,0.11373806616000534
1331,Refroso,Refroso,T1620,Reflective Code Loading,MEDIUM_CANDIDATE,4,ldrmodules.not_in_load_avg; ldrmodules.not_in_init_avg; ldrmodules.not_in_mem_avg; ldrmodules.not_in_load,0.7395686656236649,0.2184120587684842
1332,Refroso,Reconyc,T1055,Process Injection,HIGH_CANDIDATE,2,malfind.uniqueInjections; malfind.ninjections,0.36158402264118195,0.18632253308603247
1332,Refroso,Reconyc,T1620,Reflective Code Loading,MEDIUM_CANDIDATE,4,ldrmodules.not_in_load; ldrmodules.not_in_load_avg; ldrmodules.not_in_init_avg; ldrmodules.not_in_mem_avg,0.6981367766857147,0.35974657210361227
1333,Refroso,Refroso,T1055,Process Injection,HIGH_CANDIDATE,2,malfind.uniqueInjections; malfind.ninjections,2.023391932249069,0.5438266345803526
1334,Refroso,180solutions,T1014,Rootkit,MEDIUM_CANDIDATE,1,psxview.not_in_deskthrd_false_avg,0.2036300003528595,0.1349597793576787
1334,Refroso,180solutions,T1055,Process Injection,HIGH_CANDIDATE,1,malfind.uniqueInjections,0.04463248699903488,0.029581056755567714
1334,Refroso,180solutions,T1620,Reflective Code Loading,MEDIUM_CANDIDATE,2,ldrmodules.not_in_load; ldrmodules.not_in_load_avg,0.24973445013165474,0.16551640833558562
1335,Refroso,Refroso,T1055,Process Injection,HIGH_CANDIDATE,2,malfind.uniqueInjections; malfind.ninjections,1.8322950154542923,0.36967787217154396
1335,Refroso,Refroso,T1620,Reflective Code Loading,MEDIUM_CANDIDATE,3,ldrmodules.not_in_load_avg; ldrmodules.not_in_init_avg; ldrmodules.not_in_mem_avg,0.47655507177114487,0.09614819852644464
1336,Refroso,Refroso,T1620,Reflective Code Loading,MEDIUM_CANDIDATE,3,ldrmodules.not_in_load_avg; ldrmodules.not_in_init_avg; ldrmodules.not_in_mem_avg,0.8564169332385063,0.3100967670076929
1337,Refroso,Refroso,T1620,Reflective Code Loading,MEDIUM_CANDIDATE,4,ldrmodules.not_in_load_avg; ldrmodules.not_in_init_avg; ldrmodules.not_in_mem_avg; ldrmodules.not_in_load,0.8894828259944916,0.33051047342565776
1338,Refroso,Refroso,T1055,Process Injection,HIGH_CANDIDATE,1,malfind.uniqueInjections,1.3675786256790161,0.2289800574563334
1338,Refroso,Refroso,T1620,Reflective Code Loading,MEDIUM_CANDIDATE,4,ldrmodules.not_in_load_avg; ldrmodules.not_in_mem_avg; ldrmodules.not_in_init; ldrmodules.not_in_init_avg,0.5151589065790176,0.08625545457690706
1339,Refroso,Refroso,T1620,Reflective Code Loading,MEDIUM_CANDIDATE,3,ldrmodules.not_in_load_avg; ldrmodules.not_in_mem_avg; ldrmodules.not_in_init_avg,0.5694196075201035,0.1365534815693561
1340,Refroso,Refroso,T1620,Reflective Code Loading,MEDIUM_CANDIDATE,3,ldrmodules.not_in_load_avg; ldrmodules.not_in_mem_avg; ldrmodules.not_in_init_avg,0.5929002910852432,0.20548371423714798
1341,Refroso,Refroso,T1055,Process Injection,HIGH_CANDIDATE,1,malfind.uniqueInjections,1.2097214460372925,0.26838579054186473
1341,Refroso,Refroso,T1620,Reflective Code Loading,MEDIUM_CANDIDATE,3,ldrmodules.not_in_init_avg; ldrmodules.not_in_mem_avg; ldrmodules.not_in_load,0.24931439757347107,0.055312272015521545
1342,Refroso,Refroso,T1620,Reflective Code Loading,MEDIUM_CANDIDATE,2,ldrmodules.not_in_init_avg; ldrmodules.not_in_mem_avg,0.20211083814501762,0.07725919015632489
1343,Refroso,Refroso,T1055,Process Injection,HIGH_CANDIDATE,2,malfind.uniqueInjections; malfind.ninjections,1.619792565703392,0.2800478068751626
1343,Refroso,Refroso,T1620,Reflective Code Loading,MEDIUM_CANDIDATE,5,ldrmodules.not_in_load_avg; ldrmodules.not_in_load; ldrmodules.not_in_mem_avg; ldrmodules.not_in_init_avg; ldrmodules.not_in_init,0.6385361850261688,0.1103972582744625
1344,Refroso,Refroso,T1014,Rootkit,MEDIUM_CANDIDATE,1,psxview.not_in_deskthrd_false_avg,0.07975313812494278,0.021185727795073155
1344,Refroso,Refroso,T1620,Reflective Code Loading,MEDIUM_CANDIDATE,4,ldrmodules.not_in_init_avg; ldrmodules.not_in_load_avg; ldrmodules.not_in_mem_avg; ldrmodules.not_in_load,0.5537252575159073,0.14709230075198643
1345,Refroso,Scar,T1620,Reflective Code Loading,MEDIUM_CANDIDATE,3,ldrmodules.not_in_load_avg; ldrmodules.not_in_mem_avg; ldrmodules.not_in_init_avg,0.994385689496994,0.44512719152059377
1346,Refroso,Refroso,T1014,Rootkit,MEDIUM_CANDIDATE,1,psxview.not_in_deskthrd_false_avg,0.054890505969524384,0.01539912262855255
1346,Refroso,Refroso,T1620,Reflective Code Loading,MEDIUM_CANDIDATE,4,ldrmodules.not_in_load_avg; ldrmodules.not_in_init_avg; ldrmodules.not_in_mem_avg; ldrmodules.not_in_load,0.7187898606061935,0.20165114188928066
1347,Refroso,Refroso,T1055,Process Injection,HIGH_CANDIDATE,2,malfind.uniqueInjections; malfind.ninjections,2.292013704776764,0.43163894781478546
1347,Refroso,Refroso,T1620,Reflective Code Loading,MEDIUM_CANDIDATE,3,ldrmodules.not_in_load_avg; ldrmodules.not_in_init_avg; ldrmodules.not_in_mem_avg,0.39723432064056396,0.07480836778587852
1348,Refroso,Refroso,T1055,Process Injection,HIGH_CANDIDATE,2,malfind.uniqueInjections; malfind.ninjections,1.99323308467865,0.3309057205164442
1348,Refroso,Refroso,T1620,Reflective Code Loading,MEDIUM_CANDIDATE,4,ldrmodules.not_in_load_avg; ldrmodules.not_in_init_avg; ldrmodules.not_in_mem_avg; ldrmodules.not_in_load,0.44071556627750397,0.07316520236537304
1349,Refroso,Refroso,T1055,Process Injection,HIGH_CANDIDATE,2,malfind.uniqueInjections; malfind.ninjections,2.016438528895378,0.3449715804780962
1349,Refroso,Refroso,T1620,Reflective Code Loading,MEDIUM_CANDIDATE,4,ldrmodules.not_in_load_avg; ldrmodules.not_in_init_avg; ldrmodules.not_in_mem_avg; ldrmodules.not_in_load,0.4109160006046295,0.07029936203905585
1350,Refroso,Refroso,T1055,Process Injection,HIGH_CANDIDATE,2,malfind.uniqueInjections; malfind.ninjections,1.8619500771164894,0.3207719624038295
1350,Refroso,Refroso,T1620,Reflective Code Loading,MEDIUM_CANDIDATE,2,ldrmodules.not_in_init; ldrmodules.not_in_init_avg,0.16637331992387772,0.02866236693427927
1351,Refroso,Refroso,T1620,Reflective Code Loading,MEDIUM_CANDIDATE,4,ldrmodules.not_in_mem_avg; ldrmodules.not_in_load_avg; ldrmodules.not_in_init_avg; ldrmodules.not_in_load,1.15920739620924,0.274712070907667
1352,Refroso,Refroso,T1620,Reflective Code Loading,MEDIUM_CANDIDATE,3,ldrmodules.not_in_load_avg; ldrmodules.not_in_mem_avg; ldrmodules.not_in_init_avg,0.5577096790075302,0.13688609209424332
1353,Refroso,180solutions,T1055,Process Injection,HIGH_CANDIDATE,1,malfind.uniqueInjections,0.05193052068352699,0.04348425267220849
1354,Refroso,Pysa,T1014,Rootkit,MEDIUM_CANDIDATE,1,psxview.not_in_pspcid_list_false_avg,0.07554440945386887,0.03278653882896621
1354,Refroso,Pysa,T1620,Reflective Code Loading,MEDIUM_CANDIDATE,2,ldrmodules.not_in_init_avg; ldrmodules.not_in_load_avg,0.2908770516514778,0.1262416612608516
1355,Refroso,Refroso,T1055,Process Injection,HIGH_CANDIDATE,2,malfind.uniqueInjections; malfind.ninjections,2.0599435418844223,0.318831603042187
1355,Refroso,Refroso,T1620,Reflective Code Loading,MEDIUM_CANDIDATE,1,ldrmodules.not_in_init,0.11235257238149643,0.01738957890347642
1356,Refroso,Refroso,T1055,Process Injection,HIGH_CANDIDATE,2,malfind.uniqueInjections; malfind.ninjections,2.0671734660863876,0.314918337457098
1356,Refroso,Refroso,T1620,Reflective Code Loading,MEDIUM_CANDIDATE,1,ldrmodules.not_in_init,0.1081807017326355,0.016480516654019426
1358,Refroso,Refroso,T1055,Process Injection,HIGH_CANDIDATE,2,malfind.uniqueInjections; malfind.ninjections,2.2302781492471695,0.36616463353041995
1358,Refroso,Refroso,T1620,Reflective Code Loading,MEDIUM_CANDIDATE,4,ldrmodules.not_in_load_avg; ldrmodules.not_in_mem_avg; ldrmodules.not_in_init_avg; ldrmodules.not_in_load,0.47435399144887924,0.07787892084276594
1359,Refroso,Refroso,T1620,Reflective Code Loading,MEDIUM_CANDIDATE,4,ldrmodules.not_in_load_avg; ldrmodules.not_in_mem_avg; ldrmodules.not_in_init_avg; ldrmodules.not_in_load,0.7982124984264374,0.21032488922196713
1360,Refroso,Refroso,T1055,Process Injection,HIGH_CANDIDATE,2,malfind.uniqueInjections; malfind.ninjections,2.054977834224701,0.3359053863017508
1360,Refroso,Refroso,T1620,Reflective Code Loading,MEDIUM_CANDIDATE,4,ldrmodules.not_in_init_avg; ldrmodules.not_in_load_avg; ldrmodules.not_in_mem_avg; ldrmodules.not_in_load,0.3759406618773937,0.061451024508059844
1361,Refroso,Refroso,T1620,Reflective Code Loading,MEDIUM_CANDIDATE,4,ldrmodules.not_in_mem_avg; ldrmodules.not_in_init; ldrmodules.not_in_init_avg; ldrmodules.not_in_load_avg,0.4353126436471939,0.1070982043827366
1362,Refroso,Refroso,T1620,Reflective Code Loading,MEDIUM_CANDIDATE,1,ldrmodules.not_in_init,0.23216287791728973,0.055726899507037284
1363,Refroso,Refroso,T1055,Process Injection,HIGH_CANDIDATE,2,malfind.uniqueInjections; malfind.ninjections,1.6567427515983582,0.28260762606075335
1363,Refroso,Refroso,T1620,Reflective Code Loading,MEDIUM_CANDIDATE,5,ldrmodules.not_in_load_avg; ldrmodules.not_in_load; ldrmodules.not_in_mem_avg; ldrmodules.not_in_init_avg; ldrmodules.not_in_init,0.6457041054964066,0.11014438072294054
1364,Refroso,Refroso,T1620,Reflective Code Loading,MEDIUM_CANDIDATE,4,ldrmodules.not_in_init_avg; ldrmodules.not_in_load_avg; ldrmodules.not_in_mem_avg; ldrmodules.not_in_load,0.5170373842120171,0.16008462408834684
1365,Refroso,Refroso,T1620,Reflective Code Loading,MEDIUM_CANDIDATE,4,ldrmodules.not_in_mem_avg; ldrmodules.not_in_load_avg; ldrmodules.not_in_init_avg; ldrmodules.not_in_load,1.1256433129310608,0.27150079889255646
1366,Refroso,180solutions,T1014,Rootkit,MEDIUM_CANDIDATE,1,psxview.not_in_deskthrd_false_avg,0.17759570479393005,0.12358596928250558
1366,Refroso,180solutions,T1055,Process Injection,HIGH_CANDIDATE,1,malfind.uniqueInjections,0.04608090966939926,0.03206695732602502
1367,Refroso,Refroso,T1620,Reflective Code Loading,MEDIUM_CANDIDATE,3,ldrmodules.not_in_mem_avg; ldrmodules.not_in_load_avg; ldrmodules.not_in_init_avg,0.3687126934528351,0.09431378566394641
1368,Refroso,Refroso,T1014,Rootkit,MEDIUM_CANDIDATE,1,psxview.not_in_deskthrd_false_avg,0.07447374612092972,0.022119228428272818
1368,Refroso,Refroso,T1620,Reflective Code Loading,MEDIUM_CANDIDATE,4,ldrmodules.not_in_init_avg; ldrmodules.not_in_mem_avg; ldrmodules.not_in_load_avg; ldrmodules.not_in_load,0.501805767416954,0.14903985597954209
1369,Refroso,Refroso,T1055,Process Injection,HIGH_CANDIDATE,2,malfind.uniqueInjections; malfind.ninjections,2.433231383562088,0.3902818773111722
1369,Refroso,Refroso,T1620,Reflective Code Loading,MEDIUM_CANDIDATE,2,ldrmodules.not_in_init; ldrmodules.not_in_load,0.19109956175088882,0.030651707115619677
1370,Refroso,Refroso,T1620,Reflective Code Loading,MEDIUM_CANDIDATE,3,ldrmodules.not_in_init_avg; ldrmodules.not_in_load_avg; ldrmodules.not_in_mem_avg,0.6492107287049294,0.17383159787025365
1371,Refroso,Refroso,T1620,Reflective Code Loading,MEDIUM_CANDIDATE,3,ldrmodules.not_in_mem_avg; ldrmodules.not_in_load_avg; ldrmodules.not_in_init_avg,0.5597619563341141,0.19101132913872704
1372,Refroso,Refroso,T1620,Reflective Code Loading,MEDIUM_CANDIDATE,4,ldrmodules.not_in_load_avg; ldrmodules.not_in_init_avg; ldrmodules.not_in_mem_avg; ldrmodules.not_in_load,0.7909247577190399,0.2063809049570481
1373,Refroso,Refroso,T1055,Process Injection,HIGH_CANDIDATE,2,malfind.uniqueInjections; malfind.ninjections,2.5157172828912735,0.4156780837984466
1373,Refroso,Refroso,T1620,Reflective Code Loading,MEDIUM_CANDIDATE,2,ldrmodules.not_in_init; ldrmodules.not_in_load,0.21592562645673752,0.03567791629803537
1374,Refroso,Refroso,T1055,Process Injection,HIGH_CANDIDATE,2,malfind.uniqueInjections; malfind.ninjections,1.6623194962739944,0.2846394547110521
1374,Refroso,Refroso,T1620,Reflective Code Loading,MEDIUM_CANDIDATE,4,ldrmodules.not_in_load_avg; ldrmodules.not_in_load; ldrmodules.not_in_init_avg; ldrmodules.not_in_mem_avg,0.5861637964844704,0.10036899872538053
1375,Scar,Refroso,T1620,Reflective Code Loading,MEDIUM_CANDIDATE,4,ldrmodules.not_in_load_avg; ldrmodules.not_in_mem_avg; ldrmodules.not_in_init_avg; ldrmodules.not_in_load,0.8863107711076736,0.30385132904859924
1376,Scar,Scar,T1055,Process Injection,HIGH_CANDIDATE,2,malfind.uniqueInjections; malfind.ninjections,0.5000348016619682,0.25317597883665927
1376,Scar,Scar,T1620,Reflective Code Loading,MEDIUM_CANDIDATE,2,ldrmodules.not_in_init_avg; ldrmodules.not_in_mem,0.2701331749558449,0.136772942120005
1377,Scar,Scar,T1620,Reflective Code Loading,MEDIUM_CANDIDATE,5,ldrmodules.not_in_load_avg; ldrmodules.not_in_mem_avg; ldrmodules.not_in_mem; ldrmodules.not_in_init_avg; ldrmodules.not_in_load,0.8317621722817421,0.34378028057820237
1378,Scar,Scar,T1014,Rootkit,MEDIUM_CANDIDATE,1,psxview.not_in_deskthrd_false_avg,0.0688004121184349,0.01766321673712346
1378,Scar,Scar,T1620,Reflective Code Loading,MEDIUM_CANDIDATE,5,ldrmodules.not_in_load; ldrmodules.not_in_mem; ldrmodules.not_in_init_avg; ldrmodules.not_in_init; ldrmodules.not_in_load_avg,0.9662601575255394,0.24806919117636397
1379,Scar,Scar,T1620,Reflective Code Loading,MEDIUM_CANDIDATE,5,ldrmodules.not_in_load_avg; ldrmodules.not_in_mem; ldrmodules.not_in_mem_avg; ldrmodules.not_in_load; ldrmodules.not_in_init_avg,1.006672739982605,0.32403276832381456
1380,Scar,Scar,T1620,Reflective Code Loading,MEDIUM_CANDIDATE,2,ldrmodules.not_in_mem; ldrmodules.not_in_load,0.3459576740860939,0.1497894235424797
1381,Scar,Scar,T1620,Reflective Code Loading,MEDIUM_CANDIDATE,5,ldrmodules.not_in_mem; ldrmodules.not_in_load; ldrmodules.not_in_load_avg; ldrmodules.not_in_init_avg; ldrmodules.not_in_mem_avg,0.7061568275094032,0.1613302100727647
1382,Scar,Refroso,T1620,Reflective Code Loading,MEDIUM_CANDIDATE,3,ldrmodules.not_in_init_avg; ldrmodules.not_in_load_avg; ldrmodules.not_in_mem_avg,0.5574193969368935,0.2098246228007049
1383,Scar,Scar,T1620,Reflective Code Loading,MEDIUM_CANDIDATE,6,ldrmodules.not_in_mem; ldrmodules.not_in_init_avg; ldrmodules.not_in_load; ldrmodules.not_in_load_avg; ldrmodules.not_in_mem_avg; ldrmodules.not_in_init,0.8926444873213768,0.35272388710261565
1384,Scar,Scar,T1620,Reflective Code Loading,MEDIUM_CANDIDATE,5,ldrmodules.not_in_init_avg; ldrmodules.not_in_mem; ldrmodules.not_in_load_avg; ldrmodules.not_in_load; ldrmodules.not_in_mem_avg,0.9162879139184952,0.3381041617257835
1385,Scar,Shade,T1055,Process Injection,HIGH_CANDIDATE,1,malfind.uniqueInjections,0.06377575546503067,0.02592829438474957
1385,Scar,Shade,T1620,Reflective Code Loading,MEDIUM_CANDIDATE,3,ldrmodules.not_in_init_avg; ldrmodules.not_in_load_avg; ldrmodules.not_in_load,0.40191929042339325,0.16340193236474407
1386,Scar,Scar,T1620,Reflective Code Loading,MEDIUM_CANDIDATE,3,ldrmodules.not_in_load_avg; ldrmodules.not_in_mem_avg; ldrmodules.not_in_init_avg,1.0087193846702576,0.42566179931638704
1387,Scar,Zeus,T1014,Rootkit,MEDIUM_CANDIDATE,1,psxview.not_in_ethread_pool_false_avg,0.03476338088512421,0.01582686769762097
1387,Scar,Zeus,T1620,Reflective Code Loading,MEDIUM_CANDIDATE,1,ldrmodules.not_in_load,0.07057912647724152,0.03213284981286041
1388,Scar,Scar,T1620,Reflective Code Loading,MEDIUM_CANDIDATE,5,ldrmodules.not_in_load_avg; ldrmodules.not_in_mem_avg; ldrmodules.not_in_mem; ldrmodules.not_in_load; ldrmodules.not_in_init_avg,0.9183861762285233,0.3707451706359139
1389,Scar,Scar,T1055,Process Injection,HIGH_CANDIDATE,1,malfind.uniqueInjections,0.035282429307699203,0.017723731363223874
1389,Scar,Scar,T1620,Reflective Code Loading,MEDIUM_CANDIDATE,6,ldrmodules.not_in_load_avg; ldrmodules.not_in_mem; ldrmodules.not_in_mem_avg; ldrmodules.not_in_load; ldrmodules.not_in_init_avg; ldrmodules.not_in_init,0.7485932223498821,0.3760473820424878
1390,Scar,Scar,T1620,Reflective Code Loading,MEDIUM_CANDIDATE,5,ldrmodules.not_in_init_avg; ldrmodules.not_in_mem; ldrmodules.not_in_load_avg; ldrmodules.not_in_mem_avg; ldrmodules.not_in_load,0.7767310217022896,0.2950687665683741
1391,Scar,Refroso,T1620,Reflective Code Loading,MEDIUM_CANDIDATE,3,ldrmodules.not_in_load_avg; ldrmodules.not_in_init_avg; ldrmodules.not_in_mem_avg,0.8957370966672897,0.3071747795673475
1392,Scar,Scar,T1055,Process Injection,HIGH_CANDIDATE,1,malfind.uniqueInjections,0.07044759392738342,0.023912717517354323
1393,Scar,Conti,T1014,Rootkit,MEDIUM_CANDIDATE,2,psxview.not_in_deskthrd_false_avg; psxview.not_in_csrss_handles_false_avg,0.12318897619843483,0.08125605339161125
1393,Scar,Conti,T1055,Process Injection,HIGH_CANDIDATE,2,malfind.uniqueInjections; malfind.ninjections,0.5164789818227291,0.34067207162296315
1393,Scar,Conti,T1620,Reflective Code Loading,MEDIUM_CANDIDATE,1,ldrmodules.not_in_mem,0.03399132937192917,0.022420847705140783
1394,Scar,CWS,T1620,Reflective Code Loading,MEDIUM_CANDIDATE,2,ldrmodules.not_in_mem_avg; ldrmodules.not_in_load_avg,0.12086978554725647,0.11435236567949619
1396,Scar,Scar,T1014,Rootkit,MEDIUM_CANDIDATE,2,psxview.not_in_deskthrd_false_avg; psxview.not_in_csrss_handles_false_avg,0.12713759765028954,0.03994748730747652
1396,Scar,Scar,T1620,Reflective Code Loading,MEDIUM_CANDIDATE,4,ldrmodules.not_in_load_avg; ldrmodules.not_in_init_avg; ldrmodules.not_in_mem_avg; ldrmodules.not_in_load,1.4679188653826714,0.4612299691596859
1397,Scar,Scar,T1620,Reflective Code Loading,MEDIUM_CANDIDATE,3,ldrmodules.not_in_mem; ldrmodules.not_in_init_avg; ldrmodules.not_in_load,0.4769725352525711,0.2981891398402101
1398,Scar,Refroso,T1620,Reflective Code Loading,MEDIUM_CANDIDATE,4,ldrmodules.not_in_load_avg; ldrmodules.not_in_mem_avg; ldrmodules.not_in_init_avg; ldrmodules.not_in_load,0.7732332348823547,0.2109556016797924
1399,Scar,Scar,T1055,Process Injection,HIGH_CANDIDATE,1,malfind.uniqueInjections,0.04023471847176552,0.015529418393713516
1399,Scar,Scar,T1620,Reflective Code Loading,MEDIUM_CANDIDATE,5,ldrmodules.not_in_load_avg; ldrmodules.not_in_mem_avg; ldrmodules.not_in_mem; ldrmodules.not_in_load; ldrmodules.not_in_init_avg,0.7627301253378391,0.29439140343862086
1400,Scar,Scar,T1055,Process Injection,HIGH_CANDIDATE,1,malfind.ninjections,0.9683151245117188,0.3511711407262085
1400,Scar,Scar,T1620,Reflective Code Loading,MEDIUM_CANDIDATE,5,ldrmodules.not_in_mem; ldrmodules.not_in_mem_avg; ldrmodules.not_in_init_avg; ldrmodules.not_in_load; ldrmodules.not_in_load_avg,0.6038829758763313,0.2190054333919084
1401,Scar,Scar,T1055,Process Injection,HIGH_CANDIDATE,1,malfind.uniqueInjections,0.1752728968858719,0.06068255311922763
1401,Scar,Scar,T1620,Reflective Code Loading,MEDIUM_CANDIDATE,4,ldrmodules.not_in_load_avg; ldrmodules.not_in_mem_avg; ldrmodules.not_in_init_avg; ldrmodules.not_in_mem,0.7154030501842499,0.24768509202384578
1402,Scar,Scar,T1055,Process Injection,HIGH_CANDIDATE,1,malfind.ninjections,0.048389170318841934,0.022131093345255468
1402,Scar,Scar,T1620,Reflective Code Loading,MEDIUM_CANDIDATE,4,ldrmodules.not_in_mem; ldrmodules.not_in_load; ldrmodules.not_in_load_avg; ldrmodules.not_in_init,0.6959184482693672,0.3182827074292208
1403,Scar,Scar,T1620,Reflective Code Loading,MEDIUM_CANDIDATE,2,ldrmodules.not_in_init_avg; ldrmodules.not_in_mem_avg,0.2753470316529274,0.13601056497215083
1404,Scar,Zeus,T1620,Reflective Code Loading,MEDIUM_CANDIDATE,4,ldrmodules.not_in_load_avg; ldrmodules.not_in_load; ldrmodules.not_in_mem_avg; ldrmodules.not_in_init,0.4065145142376423,0.18917561940140712
1405,Scar,Scar,T1055,Process Injection,HIGH_CANDIDATE,1,malfind.ninjections,0.06469636410474777,0.02213506454230114
1405,Scar,Scar,T1620,Reflective Code Loading,MEDIUM_CANDIDATE,6,ldrmodules.not_in_load_avg; ldrmodules.not_in_mem_avg; ldrmodules.not_in_mem; ldrmodules.not_in_init_avg; ldrmodules.not_in_load; ldrmodules.not_in_init,0.9977307841181755,0.34136130535156045
1406,Scar,Scar,T1620,Reflective Code Loading,MEDIUM_CANDIDATE,2,ldrmodules.not_in_mem; ldrmodules.not_in_load,0.4429997503757477,0.17797542068684805
1407,Scar,Scar,T1620,Reflective Code Loading,MEDIUM_CANDIDATE,5,ldrmodules.not_in_mem; ldrmodules.not_in_load_avg; ldrmodules.not_in_load; ldrmodules.not_in_mem_avg; ldrmodules.not_in_init_avg,0.8751576095819473,0.21783451895621173
1408,Scar,Scar,T1620,Reflective Code Loading,MEDIUM_CANDIDATE,5,ldrmodules.not_in_mem_avg; ldrmodules.not_in_load_avg; ldrmodules.not_in_mem; ldrmodules.not_in_init_avg; ldrmodules.not_in_init,0.5850779935717583,0.22871141349445018
1409,Scar,Scar,T1620,Reflective Code Loading,MEDIUM_CANDIDATE,6,ldrmodules.not_in_load_avg; ldrmodules.not_in_mem; ldrmodules.not_in_mem_avg; ldrmodules.not_in_load; ldrmodules.not_in_init_avg; ldrmodules.not_in_init,0.8049546629190445,0.39472345031580436
1410,Scar,Scar,T1620,Reflective Code Loading,MEDIUM_CANDIDATE,5,ldrmodules.not_in_load_avg; ldrmodules.not_in_mem_avg; ldrmodules.not_in_load; ldrmodules.not_in_mem; ldrmodules.not_in_init_avg,0.8071964681148529,0.41035269272185637
1411,Scar,Transponder,T1620,Reflective Code Loading,MEDIUM_CANDIDATE,3,ldrmodules.not_in_load; ldrmodules.not_in_init_avg; ldrmodules.not_in_mem,0.7170363888144493,0.313583162201752
1412,Scar,Scar,T1620,Reflective Code Loading,MEDIUM_CANDIDATE,4,ldrmodules.not_in_load_avg; ldrmodules.not_in_mem_avg; ldrmodules.not_in_init_avg; ldrmodules.not_in_mem,1.0824140459299088,0.3856151278332608
1413,Scar,Conti,T1014,Rootkit,MEDIUM_CANDIDATE,1,psxview.not_in_deskthrd_false_avg,0.08001826703548431,0.05236971450155842
1413,Scar,Conti,T1055,Process Injection,HIGH_CANDIDATE,1,malfind.uniqueInjections,0.351029634475708,0.2297390635931556
1413,Scar,Conti,T1620,Reflective Code Loading,MEDIUM_CANDIDATE,2,ldrmodules.not_in_init_avg; ldrmodules.not_in_mem,0.11361442133784294,0.0743574564803319
1414,Scar,Transponder,T1620,Reflective Code Loading,MEDIUM_CANDIDATE,3,ldrmodules.not_in_load; ldrmodules.not_in_init_avg; ldrmodules.not_in_mem,0.7396536469459534,0.2860166728358192
1415,Scar,Emotet,T1014,Rootkit,MEDIUM_CANDIDATE,1,psxview.not_in_pspcid_list_false_avg,0.0417608916759491,0.03412852193793309
1415,Scar,Emotet,T1620,Reflective Code Loading,MEDIUM_CANDIDATE,2,ldrmodules.not_in_load_avg; ldrmodules.not_in_load,0.16608522832393646,0.13573089871748456
1416,Scar,CWS,T1014,Rootkit,MEDIUM_CANDIDATE,2,psxview.not_in_pslist_false_avg; psxview.not_in_ethread_pool_false_avg,0.09408946707844734,0.08220433847429527
1416,Scar,CWS,T1620,Reflective Code Loading,MEDIUM_CANDIDATE,1,ldrmodules.not_in_mem_avg,0.11895633488893509,0.10393009037577607
1417,Scar,Reconyc,T1014,Rootkit,MEDIUM_CANDIDATE,1,psxview.not_in_pslist_false_avg,0.028973054140806198,0.016226099769401633
1417,Scar,Reconyc,T1055,Process Injection,HIGH_CANDIDATE,2,malfind.uniqueInjections; malfind.ninjections,0.29027896374464035,0.16256813671725642
1417,Scar,Reconyc,T1620,Reflective Code Loading,MEDIUM_CANDIDATE,3,ldrmodules.not_in_mem_avg; ldrmodules.not_in_load_avg; ldrmodules.not_in_load,0.3943219557404518,0.2208364835828146
1418,Scar,Refroso,T1014,Rootkit,MEDIUM_CANDIDATE,1,psxview.not_in_deskthrd_false_avg,0.058844082057476044,0.016608556346197723
1418,Scar,Refroso,T1620,Reflective Code Loading,MEDIUM_CANDIDATE,4,ldrmodules.not_in_load_avg; ldrmodules.not_in_init_avg; ldrmodules.not_in_mem_avg; ldrmodules.not_in_load,0.7049525156617165,0.19897062148620837
1419,Scar,Scar,T1055,Process Injection,HIGH_CANDIDATE,1,malfind.ninjections,0.05503568425774574,0.02585840267893891
1419,Scar,Scar,T1620,Reflective Code Loading,MEDIUM_CANDIDATE,3,ldrmodules.not_in_mem; ldrmodules.not_in_load; ldrmodules.not_in_mem_avg,0.3585427850484848,0.16846058767965813
1420,Scar,Reconyc,T1055,Process Injection,HIGH_CANDIDATE,2,malfind.uniqueInjections; malfind.ninjections,0.2724839597940445,0.1018688316100198
1420,Scar,Reconyc,T1620,Reflective Code Loading,MEDIUM_CANDIDATE,1,ldrmodules.not_in_load,0.40392598509788513,0.15100877200239204
1421,Scar,Scar,T1620,Reflective Code Loading,MEDIUM_CANDIDATE,5,ldrmodules.not_in_load_avg; ldrmodules.not_in_mem; ldrmodules.not_in_load; ldrmodules.not_in_mem_avg; ldrmodules.not_in_init_avg,0.853418342769146,0.2134540271017187
1422,Scar,CWS,T1014,Rootkit,MEDIUM_CANDIDATE,2,psxview.not_in_csrss_handles_false_avg; psxview.not_in_deskthrd,0.1399664357304573,0.07081861225033134
1422,Scar,CWS,T1620,Reflective Code Loading,MEDIUM_CANDIDATE,2,ldrmodules.not_in_init_avg; ldrmodules.not_in_load_avg,0.34821905195713043,0.17618788311663633
1423,Scar,Scar,T1620,Reflective Code Loading,MEDIUM_CANDIDATE,3,ldrmodules.not_in_load; ldrmodules.not_in_mem; ldrmodules.not_in_load_avg,0.432975709438324,0.12941337414445048
1424,Scar,Scar,T1620,Reflective Code Loading,MEDIUM_CANDIDATE,5,ldrmodules.not_in_load_avg; ldrmodules.not_in_mem_avg; ldrmodules.not_in_mem; ldrmodules.not_in_load; ldrmodules.not_in_init_avg,0.9668573141098022,0.32590191652709716
1425,Scar,180solutions,T1620,Reflective Code Loading,MEDIUM_CANDIDATE,1,ldrmodules.not_in_load_avg,0.0544462576508522,0.032485751478699774
1426,Scar,180solutions,T1620,Reflective Code Loading,MEDIUM_CANDIDATE,2,ldrmodules.not_in_load_avg; ldrmodules.not_in_load,0.11968774348497391,0.0941239056101499
1427,Scar,Reconyc,T1055,Process Injection,HIGH_CANDIDATE,2,malfind.uniqueInjections; malfind.ninjections,0.3975001722574234,0.14825825752865304
1427,Scar,Reconyc,T1620,Reflective Code Loading,MEDIUM_CANDIDATE,4,ldrmodules.not_in_load_avg; ldrmodules.not_in_load; ldrmodules.not_in_init_avg; ldrmodules.not_in_mem_avg,1.2359139770269394,0.4609669768159448
1428,Scar,Scar,T1620,Reflective Code Loading,MEDIUM_CANDIDATE,6,ldrmodules.not_in_mem; ldrmodules.not_in_load; ldrmodules.not_in_load_avg; ldrmodules.not_in_mem_avg; ldrmodules.not_in_init_avg; ldrmodules.not_in_init,1.0651706904172897,0.329668351629187
1429,Scar,Scar,T1055,Process Injection,HIGH_CANDIDATE,1,malfind.ninjections,0.0493784137070179,0.015363062366086762
1429,Scar,Scar,T1620,Reflective Code Loading,MEDIUM_CANDIDATE,5,ldrmodules.not_in_load_avg; ldrmodules.not_in_mem; ldrmodules.not_in_mem_avg; ldrmodules.not_in_load; ldrmodules.not_in_init_avg,0.9244295135140419,0.2876169403382232
1430,Scar,Pysa,T1620,Reflective Code Loading,MEDIUM_CANDIDATE,2,ldrmodules.not_in_mem; ldrmodules.not_in_load,0.32353153824806213,0.19820709213621956
1431,Scar,Emotet,T1014,Rootkit,MEDIUM_CANDIDATE,1,psxview.not_in_pspcid_list_false_avg,0.10075194388628006,0.04369262714160868
1431,Scar,Emotet,T1620,Reflective Code Loading,MEDIUM_CANDIDATE,1,ldrmodules.not_in_load,0.09565389156341553,0.04148177848996629
1432,Scar,Scar,T1620,Reflective Code Loading,MEDIUM_CANDIDATE,5,ldrmodules.not_in_load_avg; ldrmodules.not_in_mem_avg; ldrmodules.not_in_mem; ldrmodules.not_in_init_avg; ldrmodules.not_in_load,0.9556412100791931,0.32542625964348004
1433,Scar,Refroso,T1620,Reflective Code Loading,MEDIUM_CANDIDATE,4,ldrmodules.not_in_mem_avg; ldrmodules.not_in_load; ldrmodules.not_in_init_avg; ldrmodules.not_in_load_avg,0.5454384312033653,0.2521049743145149
1434,Scar,Scar,T1620,Reflective Code Loading,MEDIUM_CANDIDATE,3,ldrmodules.not_in_load_avg; ldrmodules.not_in_mem_avg; ldrmodules.not_in_init_avg,1.027767300605774,0.43715451773078395
1435,Scar,Pysa,T1620,Reflective Code Loading,MEDIUM_CANDIDATE,3,ldrmodules.not_in_init_avg; ldrmodules.not_in_load_avg; ldrmodules.not_in_load,0.37539197504520416,0.29304138114655714
1436,Scar,Scar,T1620,Reflective Code Loading,MEDIUM_CANDIDATE,2,ldrmodules.not_in_mem; ldrmodules.not_in_load,0.4065389782190323,0.20498499722572053
1437,Scar,Reconyc,T1055,Process Injection,HIGH_CANDIDATE,2,malfind.uniqueInjections; malfind.ninjections,0.20632468909025192,0.05932105508570435
1437,Scar,Reconyc,T1620,Reflective Code Loading,MEDIUM_CANDIDATE,4,ldrmodules.not_in_load_avg; ldrmodules.not_in_init_avg; ldrmodules.not_in_mem_avg; ldrmodules.not_in_init,1.2710476368665695,0.3654428716969213
1438,Scar,Shade,T1055,Process Injection,HIGH_CANDIDATE,2,malfind.uniqueInjections; malfind.ninjections,0.1023218221962452,0.054927927266500864
1438,Scar,Shade,T1620,Reflective Code Loading,MEDIUM_CANDIDATE,2,ldrmodules.not_in_init_avg; ldrmodules.not_in_load_avg,0.29619769752025604,0.15900347781819188
1439,Scar,Scar,T1014,Rootkit,MEDIUM_CANDIDATE,2,psxview.not_in_deskthrd_false_avg; psxview.not_in_csrss_handles_false_avg,0.13655288144946098,0.050262699746703006
1439,Scar,Scar,T1620,Reflective Code Loading,MEDIUM_CANDIDATE,3,ldrmodules.not_in_load_avg; ldrmodules.not_in_mem_avg; ldrmodules.not_in_init_avg,1.0003492385149002,0.3682108563628255
1440,Scar,Scar,T1620,Reflective Code Loading,MEDIUM_CANDIDATE,2,ldrmodules.not_in_init_avg; ldrmodules.not_in_mem_avg,0.2720436081290245,0.1295473759054627
1441,Scar,Emotet,T1014,Rootkit,MEDIUM_CANDIDATE,2,psxview.not_in_pspcid_list_false_avg; psxview.not_in_deskthrd_false_avg,0.15080536156892776,0.0728861236691859
1442,Scar,Refroso,T1620,Reflective Code Loading,MEDIUM_CANDIDATE,4,ldrmodules.not_in_load_avg; ldrmodules.not_in_init_avg; ldrmodules.not_in_mem_avg; ldrmodules.not_in_load,0.9453584998846054,0.34313837329644165
1443,Scar,Refroso,T1620,Reflective Code Loading,MEDIUM_CANDIDATE,3,ldrmodules.not_in_init_avg; ldrmodules.not_in_load; ldrmodules.not_in_init,0.3708868697285652,0.16422454447861037
1444,Scar,Transponder,T1014,Rootkit,MEDIUM_CANDIDATE,2,psxview.not_in_ethread_pool_false_avg; psxview.not_in_pslist_false_avg,0.16675197333097458,0.08888571939222853
1444,Scar,Transponder,T1620,Reflective Code Loading,MEDIUM_CANDIDATE,2,ldrmodules.not_in_init_avg; ldrmodules.not_in_load_avg,0.1843375414609909,0.09825955673240229
1445,Scar,Conti,T1014,Rootkit,MEDIUM_CANDIDATE,2,psxview.not_in_csrss_handles_false_avg; psxview.not_in_deskthrd_false_avg,0.1712040826678276,0.1471909758146411
1445,Scar,Conti,T1055,Process Injection,HIGH_CANDIDATE,1,malfind.uniqueInjections,0.49450814723968506,0.42514837033251135
1445,Scar,Conti,T1620,Reflective Code Loading,MEDIUM_CANDIDATE,2,ldrmodules.not_in_mem; ldrmodules.not_in_init_avg,0.09245991334319115,0.07949147389858881
1446,Scar,Scar,T1620,Reflective Code Loading,MEDIUM_CANDIDATE,5,ldrmodules.not_in_mem; ldrmodules.not_in_init_avg; ldrmodules.not_in_mem_avg; ldrmodules.not_in_load_avg; ldrmodules.not_in_load,0.9126996472477913,0.37203467340049456
1447,Scar,Reconyc,T1055,Process Injection,HIGH_CANDIDATE,2,malfind.uniqueInjections; malfind.ninjections,0.23953596502542496,0.09087304512765995
1447,Scar,Reconyc,T1620,Reflective Code Loading,MEDIUM_CANDIDATE,1,ldrmodules.not_in_load,0.46752509474754333,0.1773655535560077
1448,Scar,Emotet,T1620,Reflective Code Loading,MEDIUM_CANDIDATE,2,ldrmodules.not_in_init_avg; ldrmodules.not_in_load,0.2661488503217697,0.08058014065704333
1449,Scar,Scar,T1620,Reflective Code Loading,MEDIUM_CANDIDATE,2,ldrmodules.not_in_mem; ldrmodules.not_in_load,0.30707433074712753,0.1621609081107392
1450,Scar,Scar,T1055,Process Injection,HIGH_CANDIDATE,1,malfind.ninjections,1.18948233127594,0.3018745025995806
1450,Scar,Scar,T1620,Reflective Code Loading,MEDIUM_CANDIDATE,4,ldrmodules.not_in_mem; ldrmodules.not_in_load; ldrmodules.not_in_init_avg; ldrmodules.not_in_mem_avg,0.6144003346562386,0.1559264820877289
1451,Scar,Transponder,T1620,Reflective Code Loading,MEDIUM_CANDIDATE,2,ldrmodules.not_in_init_avg; ldrmodules.not_in_mem_avg,0.21242133155465126,0.1583471699920653
1452,Scar,Scar,T1620,Reflective Code Loading,MEDIUM_CANDIDATE,5,ldrmodules.not_in_load_avg; ldrmodules.not_in_init_avg; ldrmodules.not_in_mem; ldrmodules.not_in_mem_avg; ldrmodules.not_in_load,1.063597522675991,0.31739231940215634
1453,Scar,Maze,T1620,Reflective Code Loading,MEDIUM_CANDIDATE,1,ldrmodules.not_in_mem,0.40259450674057007,0.2131187934670924
1454,Scar,Scar,T1055,Process Injection,HIGH_CANDIDATE,1,malfind.uniqueInjections,0.12446995824575424,0.035465283268401294
1454,Scar,Scar,T1620,Reflective Code Loading,MEDIUM_CANDIDATE,4,ldrmodules.not_in_load; ldrmodules.not_in_mem; ldrmodules.not_in_load_avg; ldrmodules.not_in_mem_avg,0.562700517475605,0.16033052094503333
1455,Scar,Scar,T1014,Rootkit,MEDIUM_CANDIDATE,1,psxview.not_in_deskthrd_false_avg,0.05683010816574097,0.03029061025464589
1455,Scar,Scar,T1620,Reflective Code Loading,MEDIUM_CANDIDATE,1,ldrmodules.not_in_mem,0.19323618710041046,0.10299544061189891
1456,Scar,Scar,T1620,Reflective Code Loading,MEDIUM_CANDIDATE,3,ldrmodules.not_in_mem; ldrmodules.not_in_load; ldrmodules.not_in_load_avg,0.4943092465400696,0.17086657500454455
1457,Scar,Scar,T1055,Process Injection,HIGH_CANDIDATE,1,malfind.ninjections,0.0677160993218422,0.019981478149904176
1457,Scar,Scar,T1620,Reflective Code Loading,MEDIUM_CANDIDATE,5,ldrmodules.not_in_mem; ldrmodules.not_in_load; ldrmodules.not_in_init_avg; ldrmodules.not_in_load_avg; ldrmodules.not_in_init,0.6712403893470764,0.19806774618433384
1458,Scar,Shade,T1055,Process Injection,HIGH_CANDIDATE,1,malfind.uniqueInjections,0.09393536299467087,0.04974161636637565
1458,Scar,Shade,T1620,Reflective Code Loading,MEDIUM_CANDIDATE,4,ldrmodules.not_in_load_avg; ldrmodules.not_in_init_avg; ldrmodules.not_in_load; ldrmodules.not_in_init,0.46914179995656013,0.24842477519562095
1459,Scar,Reconyc,T1055,Process Injection,HIGH_CANDIDATE,2,malfind.uniqueInjections; malfind.ninjections,0.21883262693881989,0.08340539221101677
1459,Scar,Reconyc,T1620,Reflective Code Loading,MEDIUM_CANDIDATE,2,ldrmodules.not_in_load; ldrmodules.not_in_load_avg,0.38608666881918907,0.1471522345217388
1460,Scar,Scar,T1055,Process Injection,HIGH_CANDIDATE,1,malfind.ninjections,0.05797632783651352,0.024384174981603095
1460,Scar,Scar,T1620,Reflective Code Loading,MEDIUM_CANDIDATE,4,ldrmodules.not_in_load_avg; ldrmodules.not_in_mem_avg; ldrmodules.not_in_init_avg; ldrmodules.not_in_mem,0.8971148580312729,0.37731616494436604
1461,Scar,Conti,T1014,Rootkit,MEDIUM_CANDIDATE,1,psxview.not_in_deskthrd_false_avg,0.056340888142585754,0.03527659842676723
1461,Scar,Conti,T1055,Process Injection,HIGH_CANDIDATE,1,malfind.uniqueInjections,0.4421961009502411,0.27687128821302887
1461,Scar,Conti,T1620,Reflective Code Loading,MEDIUM_CANDIDATE,3,ldrmodules.not_in_mem_avg; ldrmodules.not_in_load_avg; ldrmodules.not_in_init_avg,0.2915725111961365,0.1825616657607439
1463,Scar,Scar,T1620,Reflective Code Loading,MEDIUM_CANDIDATE,3,ldrmodules.not_in_load_avg; ldrmodules.not_in_mem_avg; ldrmodules.not_in_init_avg,0.984711542725563,0.4419752743174876
1464,Scar,Shade,T1055,Process Injection,HIGH_CANDIDATE,1,malfind.uniqueInjections,0.08662253618240356,0.04267374017221849
1464,Scar,Shade,T1620,Reflective Code Loading,MEDIUM_CANDIDATE,4,ldrmodules.not_in_load_avg; ldrmodules.not_in_init_avg; ldrmodules.not_in_load; ldrmodules.not_in_init,0.5417242273688316,0.266875110595404
1465,Scar,Scar,T1620,Reflective Code Loading,MEDIUM_CANDIDATE,5,ldrmodules.not_in_mem; ldrmodules.not_in_load; ldrmodules.not_in_load_avg; ldrmodules.not_in_init_avg; ldrmodules.not_in_mem_avg,0.7443093359470367,0.16521101307229813
1466,Scar,Scar,T1620,Reflective Code Loading,MEDIUM_CANDIDATE,5,ldrmodules.not_in_init_avg; ldrmodules.not_in_load; ldrmodules.not_in_load_avg; ldrmodules.not_in_mem; ldrmodules.not_in_mem_avg,0.895050972700119,0.3343117473749603
1467,Scar,Reconyc,T1055,Process Injection,HIGH_CANDIDATE,2,malfind.uniqueInjections; malfind.ninjections,0.39409755170345306,0.105863300081473
1467,Scar,Reconyc,T1620,Reflective Code Loading,MEDIUM_CANDIDATE,4,ldrmodules.not_in_load_avg; ldrmodules.not_in_load; ldrmodules.not_in_init_avg; ldrmodules.not_in_mem_avg,1.6997694075107574,0.4565955765998285
1468,Scar,Scar,T1620,Reflective Code Loading,MEDIUM_CANDIDATE,4,ldrmodules.not_in_load_avg; ldrmodules.not_in_mem_avg; ldrmodules.not_in_init_avg; ldrmodules.not_in_mem,1.115962564945221,0.36389716386627696
1469,Scar,Scar,T1620,Reflective Code Loading,MEDIUM_CANDIDATE,5,ldrmodules.not_in_load_avg; ldrmodules.not_in_mem; ldrmodules.not_in_mem_avg; ldrmodules.not_in_load; ldrmodules.not_in_init_avg,0.9120704680681229,0.2920468288363918
1470,Scar,Scar,T1014,Rootkit,MEDIUM_CANDIDATE,5,psxview.not_in_pslist_false_avg; psxview.not_in_pslist; psxview.not_in_ethread_pool_false_avg; psxview.not_in_ethread_pool; psxview.not_in_deskthrd_false_avg,1.3986677080392838,0.3532268278736445
1470,Scar,Scar,T1620,Reflective Code Loading,MEDIUM_CANDIDATE,3,ldrmodules.not_in_load_avg; ldrmodules.not_in_mem_avg; ldrmodules.not_in_mem,0.7372722178697586,0.1861945659434549
1471,Scar,Scar,T1014,Rootkit,MEDIUM_CANDIDATE,1,psxview.not_in_ethread_pool_false_avg,0.07324840128421783,0.029532361012327216
1471,Scar,Scar,T1620,Reflective Code Loading,MEDIUM_CANDIDATE,2,ldrmodules.not_in_init_avg; ldrmodules.not_in_mem_avg,0.18120484799146652,0.0730583452231726
1472,Scar,Scar,T1014,Rootkit,MEDIUM_CANDIDATE,3,psxview.not_in_ethread_pool_false_avg; psxview.not_in_pslist_false_avg; psxview.not_in_session_false_avg,0.18193134665489197,0.06963823439259834
1472,Scar,Scar,T1620,Reflective Code Loading,MEDIUM_CANDIDATE,5,ldrmodules.not_in_load_avg; ldrmodules.not_in_mem; ldrmodules.not_in_mem_avg; ldrmodules.not_in_load; ldrmodules.not_in_init,0.8140088990330696,0.31157985443846864
1473,Scar,CWS,T1620,Reflective Code Loading,MEDIUM_CANDIDATE,2,ldrmodules.not_in_load_avg; ldrmodules.not_in_mem_avg,0.2093021124601364,0.14500477399375453
1474,Scar,Refroso,T1620,Reflective Code Loading,MEDIUM_CANDIDATE,3,ldrmodules.not_in_load_avg; ldrmodules.not_in_init_avg; ldrmodules.not_in_mem_avg,0.8504546880722046,0.3521721899840038
1475,Scar,Scar,T1620,Reflective Code Loading,MEDIUM_CANDIDATE,2,ldrmodules.not_in_init_avg; ldrmodules.not_in_mem_avg,0.2400309219956398,0.08004206210157845
1476,Scar,Reconyc,T1014,Rootkit,MEDIUM_CANDIDATE,1,psxview.not_in_ethread_pool_false_avg,0.1485731303691864,0.040322368686715196
1476,Scar,Reconyc,T1055,Process Injection,HIGH_CANDIDATE,1,malfind.uniqueInjections,0.14667272567749023,0.039806603699855704
1476,Scar,Reconyc,T1620,Reflective Code Loading,MEDIUM_CANDIDATE,4,ldrmodules.not_in_load_avg; ldrmodules.not_in_init_avg; ldrmodules.not_in_mem_avg; ldrmodules.not_in_init,1.3256533965468407,0.3597789511032881
1477,Scar,Refroso,T1620,Reflective Code Loading,MEDIUM_CANDIDATE,3,ldrmodules.not_in_load_avg; ldrmodules.not_in_mem_avg; ldrmodules.not_in_init_avg,0.5455979108810425,0.1304937255793861
1478,Scar,Scar,T1620,Reflective Code Loading,MEDIUM_CANDIDATE,3,ldrmodules.not_in_mem; ldrmodules.not_in_load; ldrmodules.not_in_load_avg,0.30430732667446136,0.09832049320572067
1479,Scar,Scar,T1620,Reflective Code Loading,MEDIUM_CANDIDATE,5,ldrmodules.not_in_load; ldrmodules.not_in_mem; ldrmodules.not_in_load_avg; ldrmodules.not_in_init; ldrmodules.not_in_init_avg,0.5231475383043289,0.19009759857882488
1480,Scar,Conti,T1055,Process Injection,HIGH_CANDIDATE,1,malfind.uniqueInjections,0.45795801281929016,0.3687466693626223
1480,Scar,Conti,T1620,Reflective Code Loading,MEDIUM_CANDIDATE,1,ldrmodules.not_in_mem_avg,0.06026989966630936,0.048529175476051116
1481,Scar,Reconyc,T1055,Process Injection,HIGH_CANDIDATE,2,malfind.uniqueInjections; malfind.ninjections,0.39185044169425964,0.16143280489835998
1481,Scar,Reconyc,T1620,Reflective Code Loading,MEDIUM_CANDIDATE,3,ldrmodules.not_in_load_avg; ldrmodules.not_in_init_avg; ldrmodules.not_in_mem_avg,0.895253524184227,0.3688225713854508
1482,Scar,Scar,T1620,Reflective Code Loading,MEDIUM_CANDIDATE,5,ldrmodules.not_in_load_avg; ldrmodules.not_in_mem_avg; ldrmodules.not_in_mem; ldrmodules.not_in_init_avg; ldrmodules.not_in_load,0.6914560794830322,0.3202957275627002
1483,Scar,Scar,T1620,Reflective Code Loading,MEDIUM_CANDIDATE,3,ldrmodules.not_in_mem; ldrmodules.not_in_load; ldrmodules.not_in_init_avg,0.5930607616901398,0.16822383242229674
1484,Scar,Pysa,T1620,Reflective Code Loading,MEDIUM_CANDIDATE,2,ldrmodules.not_in_init_avg; ldrmodules.not_in_load_avg,0.34265661239624023,0.24298778264015075
1485,Scar,Reconyc,T1055,Process Injection,HIGH_CANDIDATE,2,malfind.uniqueInjections; malfind.ninjections,0.20683111995458603,0.05913721865525161
1485,Scar,Reconyc,T1620,Reflective Code Loading,MEDIUM_CANDIDATE,4,ldrmodules.not_in_load_avg; ldrmodules.not_in_init_avg; ldrmodules.not_in_mem_avg; ldrmodules.not_in_init,1.2690163031220436,0.36283753920244327
1486,Scar,TIBS,T1055,Process Injection,HIGH_CANDIDATE,1,malfind.ninjections,0.08651968836784363,0.024471002992148685
1486,Scar,TIBS,T1620,Reflective Code Loading,MEDIUM_CANDIDATE,2,ldrmodules.not_in_init_avg; ldrmodules.not_in_init,0.3011118695139885,0.08516569579539675
1487,Scar,Shade,T1055,Process Injection,HIGH_CANDIDATE,1,malfind.ninjections,0.055626481771469116,0.02914285075358577
1487,Scar,Shade,T1620,Reflective Code Loading,MEDIUM_CANDIDATE,1,ldrmodules.not_in_init,0.0433347187936306,0.022703165866929345
1488,Scar,Scar,T1055,Process Injection,HIGH_CANDIDATE,1,malfind.ninjections,0.0483550950884819,0.019407297341350698
1488,Scar,Scar,T1620,Reflective Code Loading,MEDIUM_CANDIDATE,5,ldrmodules.not_in_load_avg; ldrmodules.not_in_init_avg; ldrmodules.not_in_mem_avg; ldrmodules.not_in_load; ldrmodules.not_in_mem,1.2108074426651,0.4859570645021714
1489,Scar,Refroso,T1014,Rootkit,MEDIUM_CANDIDATE,1,psxview.not_in_deskthrd_false_avg,0.08445167541503906,0.030672323583635877
1489,Scar,Refroso,T1620,Reflective Code Loading,MEDIUM_CANDIDATE,3,ldrmodules.not_in_mem_avg; ldrmodules.not_in_load_avg; ldrmodules.not_in_load,0.2940073236823082,0.10678163249721193
1490,Scar,Scar,T1620,Reflective Code Loading,MEDIUM_CANDIDATE,5,ldrmodules.not_in_mem; ldrmodules.not_in_init_avg; ldrmodules.not_in_load; ldrmodules.not_in_mem_avg; ldrmodules.not_in_load_avg,0.6469918675720692,0.22644666787492598
1491,Scar,Shade,T1055,Process Injection,HIGH_CANDIDATE,1,malfind.uniqueInjections,0.0866045132279396,0.044268803741048086
1491,Scar,Shade,T1620,Reflective Code Loading,MEDIUM_CANDIDATE,3,ldrmodules.not_in_init_avg; ldrmodules.not_in_load_avg; ldrmodules.not_in_load,0.28779187053442,0.14710782798842897
1492,Scar,Shade,T1055,Process Injection,HIGH_CANDIDATE,1,malfind.uniqueInjections,0.08744226396083832,0.04007976193302327
1492,Scar,Shade,T1620,Reflective Code Loading,MEDIUM_CANDIDATE,4,ldrmodules.not_in_load_avg; ldrmodules.not_in_init_avg; ldrmodules.not_in_load; ldrmodules.not_in_init,0.576728418469429,0.2643474295520988
1493,Scar,Scar,T1620,Reflective Code Loading,MEDIUM_CANDIDATE,5,ldrmodules.not_in_load_avg; ldrmodules.not_in_mem; ldrmodules.not_in_init_avg; ldrmodules.not_in_load; ldrmodules.not_in_mem_avg,1.0213732719421387,0.3284542850261644
1494,Scar,Maze,T1620,Reflective Code Loading,MEDIUM_CANDIDATE,5,ldrmodules.not_in_mem; ldrmodules.not_in_mem_avg; ldrmodules.not_in_load; ldrmodules.not_in_load_avg; ldrmodules.not_in_init_avg,1.5737923458218575,0.47316489895670966
1495,Scar,Conti,T1014,Rootkit,MEDIUM_CANDIDATE,2,psxview.not_in_csrss_handles_false_avg; psxview.not_in_deskthrd_false_avg,0.15898945182561874,0.1160507842950809
1495,Scar,Conti,T1055,Process Injection,HIGH_CANDIDATE,1,malfind.uniqueInjections,0.5022820830345154,0.3666295405399333
1495,Scar,Conti,T1620,Reflective Code Loading,MEDIUM_CANDIDATE,2,ldrmodules.not_in_mem; ldrmodules.not_in_init_avg,0.08857114240527153,0.06465051878609468
1496,Scar,Transponder,T1620,Reflective Code Loading,MEDIUM_CANDIDATE,3,ldrmodules.not_in_load; ldrmodules.not_in_init_avg; ldrmodules.not_in_mem,0.7209407761693001,0.3052601575911375
1497,Scar,Scar,T1055,Process Injection,HIGH_CANDIDATE,1,malfind.uniqueInjections,0.025212474167346954,0.014332508501869162
1498,Scar,Gator,T1014,Rootkit,MEDIUM_CANDIDATE,2,psxview.not_in_session_false_avg; psxview.not_in_pslist_false_avg,0.17582006007432938,0.09406801023388682
1498,Scar,Gator,T1620,Reflective Code Loading,MEDIUM_CANDIDATE,3,ldrmodules.not_in_mem; ldrmodules.not_in_init_avg; ldrmodules.not_in_load_avg,0.33191489055752754,0.17758254267769746
1499,Scar,Scar,T1620,Reflective Code Loading,MEDIUM_CANDIDATE,2,ldrmodules.not_in_mem; ldrmodules.not_in_load,0.3325635567307472,0.19664025489088718
1500,Shade,Shade,T1620,Reflective Code Loading,MEDIUM_CANDIDATE,3,ldrmodules.not_in_init_avg; ldrmodules.not_in_load_avg; ldrmodules.not_in_mem_avg,0.27661115676164627,0.2033181088492856
1501,Shade,Maze,T1620,Reflective Code Loading,MEDIUM_CANDIDATE,3,ldrmodules.not_in_mem_avg; ldrmodules.not_in_mem; ldrmodules.not_in_load_avg,1.2343753427267075,0.4283221746750077
1502,Shade,Shade,T1014,Rootkit,MEDIUM_CANDIDATE,2,psxview.not_in_session_false_avg; psxview.not_in_deskthrd_false_avg,0.22678138315677643,0.05815042215845231
1502,Shade,Shade,T1055,Process Injection,HIGH_CANDIDATE,1,malfind.uniqueInjections,0.20323225855827332,0.05211204494334257
1503,Shade,Scar,T1014,Rootkit,MEDIUM_CANDIDATE,1,psxview.not_in_csrss_handles_false_avg,0.05715571716427803,0.02733957593910627
1503,Shade,Scar,T1620,Reflective Code Loading,MEDIUM_CANDIDATE,3,ldrmodules.not_in_load_avg; ldrmodules.not_in_mem_avg; ldrmodules.not_in_init,0.3874240852892399,0.18531847251536018
1504,Shade,Shade,T1055,Process Injection,HIGH_CANDIDATE,1,malfind.uniqueInjections,0.08066994696855545,0.038546786521594115
1504,Shade,Shade,T1620,Reflective Code Loading,MEDIUM_CANDIDATE,1,ldrmodules.not_in_init_avg,0.14994092285633087,0.07164676513853044
1505,Shade,Zeus,T1014,Rootkit,MEDIUM_CANDIDATE,1,psxview.not_in_ethread_pool_false_avg,0.04004224017262459,0.020685185501004844
1505,Shade,Zeus,T1620,Reflective Code Loading,MEDIUM_CANDIDATE,1,ldrmodules.not_in_load,0.0651741623878479,0.03366793748434985
1506,Shade,Emotet,T1014,Rootkit,MEDIUM_CANDIDATE,1,psxview.not_in_deskthrd_false_avg,0.07669183611869812,0.037384000063135914
1506,Shade,Emotet,T1620,Reflective Code Loading,MEDIUM_CANDIDATE,5,ldrmodules.not_in_load; ldrmodules.not_in_mem; ldrmodules.not_in_init_avg; ldrmodules.not_in_init; ldrmodules.not_in_mem_avg,0.6527101397514343,0.3181683623783773
1507,Shade,Shade,T1055,Process Injection,HIGH_CANDIDATE,1,malfind.uniqueInjections,0.061519257724285126,0.03004285671785643
1507,Shade,Shade,T1620,Reflective Code Loading,MEDIUM_CANDIDATE,3,ldrmodules.not_in_init_avg; ldrmodules.not_in_load_avg; ldrmodules.not_in_mem,0.34621479734778404,0.1690735866309909
1508,Shade,Shade,T1055,Process Injection,HIGH_CANDIDATE,1,malfind.uniqueInjections,0.10610557347536087,0.043261003148529424
1508,Shade,Shade,T1620,Reflective Code Loading,MEDIUM_CANDIDATE,4,ldrmodules.not_in_load_avg; ldrmodules.not_in_init_avg; ldrmodules.not_in_init; ldrmodules.not_in_load,0.5862599238753319,0.23902790006141186
1509,Shade,Shade,T1620,Reflective Code Loading,MEDIUM_CANDIDATE,4,ldrmodules.not_in_init; ldrmodules.not_in_init_avg; ldrmodules.not_in_load_avg; ldrmodules.not_in_load,0.2477121502161026,0.12072075025929334
1510,Shade,Ako,T1014,Rootkit,MEDIUM_CANDIDATE,1,psxview.not_in_csrss_handles_false_avg,0.10145170986652374,0.05512268831140638
1510,Shade,Ako,T1620,Reflective Code Loading,MEDIUM_CANDIDATE,1,ldrmodules.not_in_mem,0.17825005948543549,0.09685024021214148
1511,Shade,Transponder,T1014,Rootkit,MEDIUM_CANDIDATE,5,psxview.not_in_pslist_false_avg; psxview.not_in_deskthrd_false_avg; psxview.not_in_ethread_pool_false_avg; psxview.not_in_session_false_avg; psxview.not_in_pslist,0.7777898386120796,0.5985530159999423
1511,Shade,Transponder,T1620,Reflective Code Loading,MEDIUM_CANDIDATE,1,ldrmodules.not_in_load_avg,0.06447143107652664,0.04961439144737125
1512,Shade,Shade,T1055,Process Injection,HIGH_CANDIDATE,1,malfind.uniqueInjections,0.12708435952663422,0.04348489992770079
1512,Shade,Shade,T1620,Reflective Code Loading,MEDIUM_CANDIDATE,3,ldrmodules.not_in_load_avg; ldrmodules.not_in_mem_avg; ldrmodules.not_in_init_avg,0.3759562745690346,0.12864227382284116
1513,Shade,180solutions,T1055,Process Injection,HIGH_CANDIDATE,1,malfind.uniqueInjections,0.04343339055776596,0.0314794389583269
1513,Shade,180solutions,T1620,Reflective Code Loading,MEDIUM_CANDIDATE,4,ldrmodules.not_in_load_avg; ldrmodules.not_in_load; ldrmodules.not_in_init_avg; ldrmodules.not_in_init,0.3769450709223747,0.2732003925634453
1514,Shade,Shade,T1014,Rootkit,MEDIUM_CANDIDATE,1,psxview.not_in_session_false_avg,0.06812071800231934,0.01496145046486379
1514,Shade,Shade,T1055,Process Injection,HIGH_CANDIDATE,2,malfind.uniqueInjections; malfind.ninjections,0.2599903270602226,0.057102046392447266
1514,Shade,Shade,T1620,Reflective Code Loading,MEDIUM_CANDIDATE,1,ldrmodules.not_in_load,0.06830739229917526,0.01500245000696166
1515,Shade,Shade,T1055,Process Injection,HIGH_CANDIDATE,2,malfind.uniqueInjections; malfind.ninjections,0.11292904242873192,0.0437175717195376
1515,Shade,Shade,T1620,Reflective Code Loading,MEDIUM_CANDIDATE,1,ldrmodules.not_in_init,0.07901167869567871,0.030587337462276775
1516,Shade,Shade,T1014,Rootkit,MEDIUM_CANDIDATE,1,psxview.not_in_csrss_handles_false_avg,0.17940807342529297,0.06128216218389756
1516,Shade,Shade,T1620,Reflective Code Loading,MEDIUM_CANDIDATE,3,ldrmodules.not_in_init_avg; ldrmodules.not_in_load_avg; ldrmodules.not_in_init,0.3696916922926903,0.12627919029827908
1517,Shade,CWS,T1620,Reflective Code Loading,MEDIUM_CANDIDATE,1,ldrmodules.not_in_load_avg,0.09768263250589371,0.04678791345718739
1518,Shade,Shade,T1014,Rootkit,MEDIUM_CANDIDATE,1,psxview.not_in_session_false_avg,0.07168658822774887,0.021876292687058905
1518,Shade,Shade,T1055,Process Injection,HIGH_CANDIDATE,1,malfind.uniqueInjections,0.15958011150360107,0.048698387140357
1518,Shade,Shade,T1620,Reflective Code Loading,MEDIUM_CANDIDATE,1,ldrmodules.not_in_load,0.04604647681117058,0.014051808418176562
1519,Shade,Scar,T1014,Rootkit,MEDIUM_CANDIDATE,1,psxview.not_in_deskthrd_false_avg,0.08102329075336456,0.03394710077485618
1519,Shade,Scar,T1620,Reflective Code Loading,MEDIUM_CANDIDATE,3,ldrmodules.not_in_load_avg; ldrmodules.not_in_mem_avg; ldrmodules.not_in_init_avg,1.0675110220909119,0.447265272839897
1520,Shade,Ako,T1620,Reflective Code Loading,MEDIUM_CANDIDATE,5,ldrmodules.not_in_mem; ldrmodules.not_in_init_avg; ldrmodules.not_in_load_avg; ldrmodules.not_in_mem_avg; ldrmodules.not_in_load,0.4337104521691799,0.20436563671174207
1521,Shade,Shade,T1014,Rootkit,MEDIUM_CANDIDATE,2,psxview.not_in_session_false_avg; psxview.not_in_deskthrd_false_avg,0.28183506429195404,0.060833243179810766
1521,Shade,Shade,T1055,Process Injection,HIGH_CANDIDATE,1,malfind.uniqueInjections,0.15069961547851562,0.03252805458589716
1521,Shade,Shade,T1620,Reflective Code Loading,MEDIUM_CANDIDATE,1,ldrmodules.not_in_load_avg,0.07265660166740417,0.015682706936966554
1522,Shade,CWS,T1620,Reflective Code Loading,MEDIUM_CANDIDATE,4,ldrmodules.not_in_load; ldrmodules.not_in_load_avg; ldrmodules.not_in_init_avg; ldrmodules.not_in_mem,0.6932061389088631,0.33320261248920846
1523,Shade,Shade,T1055,Process Injection,HIGH_CANDIDATE,2,malfind.uniqueInjections; malfind.ninjections,0.6077288687229156,0.18581360673937358
1523,Shade,Shade,T1620,Reflective Code Loading,MEDIUM_CANDIDATE,2,ldrmodules.not_in_load_avg; ldrmodules.not_in_init,0.08565440773963928,0.026188906359957416
1524,Shade,Pysa,T1620,Reflective Code Loading,MEDIUM_CANDIDATE,4,ldrmodules.not_in_mem_avg; ldrmodules.not_in_init_avg; ldrmodules.not_in_load_avg; ldrmodules.not_in_mem,1.0629969388246536,0.4365668339484495
1525,Shade,Shade,T1620,Reflective Code Loading,MEDIUM_CANDIDATE,4,ldrmodules.not_in_load_avg; ldrmodules.not_in_init_avg; ldrmodules.not_in_load; ldrmodules.not_in_init,0.5153800621628761,0.3633650410748664
1526,Shade,Zeus,T1014,Rootkit,MEDIUM_CANDIDATE,1,psxview.not_in_pslist_false_avg,0.052403561770915985,0.021366886729804732
1526,Shade,Zeus,T1620,Reflective Code Loading,MEDIUM_CANDIDATE,3,ldrmodules.not_in_init; ldrmodules.not_in_load; ldrmodules.not_in_load_avg,0.2426566258072853,0.09894015716959251
1527,Shade,Gator,T1014,Rootkit,MEDIUM_CANDIDATE,2,psxview.not_in_deskthrd_false_avg; psxview.not_in_csrss_handles_false_avg,0.19705918431282043,0.11551149347141797
1527,Shade,Gator,T1620,Reflective Code Loading,MEDIUM_CANDIDATE,1,ldrmodules.not_in_mem_avg,0.04559788480401039,0.026728415583450908
1528,Shade,Ako,T1014,Rootkit,MEDIUM_CANDIDATE,1,psxview.not_in_csrss_handles_false_avg,0.10659325122833252,0.0554183731667184
1528,Shade,Ako,T1620,Reflective Code Loading,MEDIUM_CANDIDATE,2,ldrmodules.not_in_mem; ldrmodules.not_in_load,0.12476655840873718,0.06486676795148477
1529,Shade,Reconyc,T1014,Rootkit,MEDIUM_CANDIDATE,1,psxview.not_in_deskthrd_false_avg,0.14627978205680847,0.043827106107501825
1529,Shade,Reconyc,T1620,Reflective Code Loading,MEDIUM_CANDIDATE,2,ldrmodules.not_in_mem_avg; ldrmodules.not_in_init_avg,0.27011606097221375,0.08092988039161927
1530,Shade,Scar,T1055,Process Injection,HIGH_CANDIDATE,1,malfind.uniqueInjections,0.033820293843746185,0.017614854990012904
1530,Shade,Scar,T1620,Reflective Code Loading,MEDIUM_CANDIDATE,5,ldrmodules.not_in_load_avg; ldrmodules.not_in_mem_avg; ldrmodules.not_in_mem; ldrmodules.not_in_init_avg; ldrmodules.not_in_load,0.7015486024320126,0.36539235754071403
1531,Shade,Zeus,T1014,Rootkit,MEDIUM_CANDIDATE,1,psxview.not_in_deskthrd,0.09097827225923538,0.030581696498147324
1531,Shade,Zeus,T1620,Reflective Code Loading,MEDIUM_CANDIDATE,2,ldrmodules.not_in_load_avg; ldrmodules.not_in_init,0.17800993472337723,0.05983676829840791
1532,Shade,Shade,T1014,Rootkit,MEDIUM_CANDIDATE,2,psxview.not_in_deskthrd_false_avg; psxview.not_in_session_false_avg,0.20853016525506973,0.06386897469454837
1532,Shade,Shade,T1055,Process Injection,HIGH_CANDIDATE,1,malfind.uniqueInjections,0.1040879637002945,0.03188023906013547
1532,Shade,Shade,T1620,Reflective Code Loading,MEDIUM_CANDIDATE,3,ldrmodules.not_in_load_avg; ldrmodules.not_in_mem_avg; ldrmodules.not_in_init_avg,0.43637821078300476,0.13365466270868182
1533,Shade,Shade,T1014,Rootkit,MEDIUM_CANDIDATE,1,psxview.not_in_session_false_avg,0.05482231080532074,0.028799693969155757
1533,Shade,Shade,T1055,Process Injection,HIGH_CANDIDATE,1,malfind.uniqueInjections,0.09437502175569534,0.049577839842399565
1533,Shade,Shade,T1620,Reflective Code Loading,MEDIUM_CANDIDATE,1,ldrmodules.not_in_load_avg,0.06669337302446365,0.03503589514305706
1534,Shade,Shade,T1055,Process Injection,HIGH_CANDIDATE,1,malfind.uniqueInjections,0.05036396533250809,0.02484422930456788
1535,Shade,Shade,T1055,Process Injection,HIGH_CANDIDATE,1,malfind.uniqueInjections,0.08802960067987442,0.03941020370422992
1535,Shade,Shade,T1620,Reflective Code Loading,MEDIUM_CANDIDATE,4,ldrmodules.not_in_init_avg; ldrmodules.not_in_load_avg; ldrmodules.not_in_load; ldrmodules.not_in_init,0.35841580480337143,0.16046011533647375
1536,Shade,Pysa,T1620,Reflective Code Loading,MEDIUM_CANDIDATE,5,ldrmodules.not_in_load_avg; ldrmodules.not_in_mem_avg; ldrmodules.not_in_init_avg; ldrmodules.not_in_mem; ldrmodules.not_in_load,1.1535044237971306,0.3446687342624871
1537,Shade,Zeus,T1014,Rootkit,MEDIUM_CANDIDATE,1,psxview.not_in_ethread_pool_false_avg,0.042250361293554306,0.02202970025238183
1537,Shade,Zeus,T1620,Reflective Code Loading,MEDIUM_CANDIDATE,1,ldrmodules.not_in_load,0.0647607147693634,0.033766791355621446
1538,Shade,Shade,T1014,Rootkit,MEDIUM_CANDIDATE,2,psxview.not_in_session_false_avg; psxview.not_in_deskthrd_false_avg,0.2849937379360199,0.06355235798061469
1538,Shade,Shade,T1055,Process Injection,HIGH_CANDIDATE,1,malfind.uniqueInjections,0.13643209636211395,0.030423761205578843
1538,Shade,Shade,T1620,Reflective Code Loading,MEDIUM_CANDIDATE,1,ldrmodules.not_in_load_avg,0.09131123870611191,0.02036200715121308
1539,Shade,Shade,T1620,Reflective Code Loading,MEDIUM_CANDIDATE,4,ldrmodules.not_in_init; ldrmodules.not_in_init_avg; ldrmodules.not_in_mem; ldrmodules.not_in_load,0.3491721451282501,0.20784379799116182
1540,Shade,Conti,T1055,Process Injection,HIGH_CANDIDATE,1,malfind.uniqueInjections,0.49471187591552734,0.19754211070402425
1540,Shade,Conti,T1620,Reflective Code Loading,MEDIUM_CANDIDATE,4,ldrmodules.not_in_init_avg; ldrmodules.not_in_load_avg; ldrmodules.not_in_mem; ldrmodules.not_in_init,0.4001272916793823,0.15977378671646536
1541,Shade,Shade,T1014,Rootkit,MEDIUM_CANDIDATE,2,psxview.not_in_eprocess_pool_false_avg; psxview.not_in_session_false_avg,0.18929766863584518,0.06043423310670108
1541,Shade,Shade,T1055,Process Injection,HIGH_CANDIDATE,2,malfind.ninjections; malfind.uniqueInjections,0.5015342757105827,0.16011734084058557
1541,Shade,Shade,T1620,Reflective Code Loading,MEDIUM_CANDIDATE,2,ldrmodules.not_in_load_avg; ldrmodules.not_in_init_avg,0.3669833838939667,0.11716129167548704
1542,Shade,Shade,T1055,Process Injection,HIGH_CANDIDATE,2,malfind.ninjections; malfind.uniqueInjections,0.1081467941403389,0.04163062007908833
1542,Shade,Shade,T1620,Reflective Code Loading,MEDIUM_CANDIDATE,1,ldrmodules.not_in_init,0.0498737208545208,0.01919866364351717
1543,Shade,Zeus,T1014,Rootkit,MEDIUM_CANDIDATE,2,psxview.not_in_session_false_avg; psxview.not_in_ethread_pool_false_avg,0.11893527582287788,0.060705295421798054
1543,Shade,Zeus,T1620,Reflective Code Loading,MEDIUM_CANDIDATE,1,ldrmodules.not_in_init_avg,0.049745868891477585,0.025390597080452538
1544,Shade,Shade,T1014,Rootkit,MEDIUM_CANDIDATE,1,psxview.not_in_session_false_avg,0.06139776110649109,0.02675396652704674
1544,Shade,Shade,T1055,Process Injection,HIGH_CANDIDATE,1,malfind.uniqueInjections,0.08888987451791763,0.03873360664277268
1544,Shade,Shade,T1620,Reflective Code Loading,MEDIUM_CANDIDATE,4,ldrmodules.not_in_load_avg; ldrmodules.not_in_init_avg; ldrmodules.not_in_load; ldrmodules.not_in_init,0.6314838230609894,0.2751679663895607
1545,Shade,Ako,T1014,Rootkit,MEDIUM_CANDIDATE,2,psxview.not_in_deskthrd; psxview.not_in_pspcid_list_false_avg,0.06730351969599724,0.04937721399773406
1545,Shade,Ako,T1620,Reflective Code Loading,MEDIUM_CANDIDATE,2,ldrmodules.not_in_init_avg; ldrmodules.not_in_mem,0.14624906331300735,0.10729559655709953
1546,Shade,Conti,T1014,Rootkit,MEDIUM_CANDIDATE,2,psxview.not_in_deskthrd_false_avg; psxview.not_in_csrss_handles_false_avg,0.1762172132730484,0.09589158427950872
1546,Shade,Conti,T1055,Process Injection,HIGH_CANDIDATE,1,malfind.uniqueInjections,0.5465025901794434,0.29738865013124693
1546,Shade,Conti,T1620,Reflective Code Loading,MEDIUM_CANDIDATE,4,ldrmodules.not_in_load_avg; ldrmodules.not_in_init; ldrmodules.not_in_mem; ldrmodules.not_in_mem_avg,0.2567893862724304,0.1397362982790524
1547,Shade,TIBS,T1620,Reflective Code Loading,MEDIUM_CANDIDATE,1,ldrmodules.not_in_load,0.5516486763954163,0.1932412285501605
1548,Shade,Shade,T1055,Process Injection,HIGH_CANDIDATE,1,malfind.uniqueInjections,0.0467635840177536,0.01966113643540797
1548,Shade,Shade,T1620,Reflective Code Loading,MEDIUM_CANDIDATE,1,ldrmodules.not_in_init,0.06746044009923935,0.028362858507172347
1549,Shade,Shade,T1014,Rootkit,MEDIUM_CANDIDATE,2,psxview.not_in_session_false_avg; psxview.not_in_deskthrd_false_avg,0.2797483205795288,0.059878307755553445
1549,Shade,Shade,T1055,Process Injection,HIGH_CANDIDATE,1,malfind.uniqueInjections,0.13017871975898743,0.027863907918391283
1549,Shade,Shade,T1620,Reflective Code Loading,MEDIUM_CANDIDATE,1,ldrmodules.not_in_load_avg,0.07002425193786621,0.014988235493967751
1550,Shade,Shade,T1014,Rootkit,MEDIUM_CANDIDATE,1,psxview.not_in_session_false_avg,0.05751936137676239,0.028663295415894095
1550,Shade,Shade,T1055,Process Injection,HIGH_CANDIDATE,1,malfind.uniqueInjections,0.09400331974029541,0.04684413837875784
1550,Shade,Shade,T1620,Reflective Code Loading,MEDIUM_CANDIDATE,1,ldrmodules.not_in_load_avg,0.07550520449876785,0.03762607807499092
1551,Shade,Shade,T1055,Process Injection,HIGH_CANDIDATE,1,malfind.uniqueInjections,0.036609847098588943,0.019800225943915048
1551,Shade,Shade,T1620,Reflective Code Loading,MEDIUM_CANDIDATE,3,ldrmodules.not_in_init_avg; ldrmodules.not_in_mem_avg; ldrmodules.not_in_load_avg,0.3123546540737152,0.16893522413895476
1552,Shade,Shade,T1055,Process Injection,HIGH_CANDIDATE,2,malfind.uniqueInjections; malfind.ninjections,0.09120092540979385,0.048807248972258785
1553,Shade,Shade,T1014,Rootkit,MEDIUM_CANDIDATE,1,psxview.not_in_session_false_avg,0.0644526332616806,0.020045131661370414
1553,Shade,Shade,T1055,Process Injection,HIGH_CANDIDATE,2,malfind.ninjections; malfind.uniqueInjections,0.1346345692873001,0.04187210872484774
1554,Shade,180solutions,T1014,Rootkit,MEDIUM_CANDIDATE,2,psxview.not_in_deskthrd_false_avg; psxview.not_in_deskthrd,0.292644876986742,0.18614186786270215
1554,Shade,180solutions,T1055,Process Injection,HIGH_CANDIDATE,1,malfind.uniqueInjections,0.045220501720905304,0.028763287239773526
1554,Shade,180solutions,T1620,Reflective Code Loading,MEDIUM_CANDIDATE,1,ldrmodules.not_in_load,0.205962136387825,0.13100580188170946
1555,Shade,Shade,T1055,Process Injection,HIGH_CANDIDATE,1,malfind.uniqueInjections,0.15377934277057648,0.052000954816083834
1555,Shade,Shade,T1620,Reflective Code Loading,MEDIUM_CANDIDATE,1,ldrmodules.not_in_load_avg,0.08967940509319305,0.030325364955823504
1556,Shade,Shade,T1014,Rootkit,MEDIUM_CANDIDATE,2,psxview.not_in_session_false_avg; psxview.not_in_csrss_handles_false_avg,0.16285934671759605,0.17988419355239696
1556,Shade,Shade,T1055,Process Injection,HIGH_CANDIDATE,1,malfind.uniqueInjections,0.04150431603193283,0.045843057637301704
1556,Shade,Shade,T1620,Reflective Code Loading,MEDIUM_CANDIDATE,1,ldrmodules.not_in_mem,0.03498801589012146,0.038645562255058094
1557,Shade,Shade,T1014,Rootkit,MEDIUM_CANDIDATE,1,psxview.not_in_session_false_avg,0.05566879361867905,0.030731200086892705
1557,Shade,Shade,T1620,Reflective Code Loading,MEDIUM_CANDIDATE,1,ldrmodules.not_in_init,0.0829714685678482,0.04580327031204626
1558,Shade,Shade,T1014,Rootkit,MEDIUM_CANDIDATE,1,psxview.not_in_session_false_avg,0.09230630844831467,0.03739443340375483
1558,Shade,Shade,T1055,Process Injection,HIGH_CANDIDATE,1,malfind.uniqueInjections,0.08318603038787842,0.0336996953486015
1558,Shade,Shade,T1620,Reflective Code Loading,MEDIUM_CANDIDATE,2,ldrmodules.not_in_load_avg; ldrmodules.not_in_init_avg,0.27064113318920135,0.10964008854310446
1559,Shade,Shade,T1014,Rootkit,MEDIUM_CANDIDATE,1,psxview.not_in_session_false_avg,0.12398776412010193,0.0610588140911893
1559,Shade,Shade,T1055,Process Injection,HIGH_CANDIDATE,1,malfind.uniqueInjections,0.0902954712510109,0.044466761954439785
1560,Shade,Shade,T1055,Process Injection,HIGH_CANDIDATE,1,malfind.uniqueInjections,0.039293982088565826,0.024542193218390827
1560,Shade,Shade,T1620,Reflective Code Loading,MEDIUM_CANDIDATE,4,ldrmodules.not_in_init; ldrmodules.not_in_init_avg; ldrmodules.not_in_load; ldrmodules.not_in_mem,0.34156351909041405,0.21333337667270316
1561,Shade,Shade,T1620,Reflective Code Loading,MEDIUM_CANDIDATE,4,ldrmodules.not_in_init_avg; ldrmodules.not_in_load_avg; ldrmodules.not_in_mem; ldrmodules.not_in_init,0.3522731587290764,0.2552336448744437
1562,Shade,Shade,T1014,Rootkit,MEDIUM_CANDIDATE,1,psxview.not_in_session_false_avg,0.07273148745298386,0.04808250990627335
1562,Shade,Shade,T1055,Process Injection,HIGH_CANDIDATE,1,malfind.uniqueInjections,0.0745147168636322,0.049261396091683535
1562,Shade,Shade,T1620,Reflective Code Loading,MEDIUM_CANDIDATE,2,ldrmodules.not_in_init; ldrmodules.not_in_load,0.14014261215925217,0.0926477482231366
1563,Shade,Refroso,T1014,Rootkit,MEDIUM_CANDIDATE,1,psxview.not_in_deskthrd_false_avg,0.06418424844741821,0.0172610894402354
1563,Shade,Refroso,T1055,Process Injection,HIGH_CANDIDATE,1,malfind.uniqueInjections,2.266554117202759,0.6095450875337673
1564,Shade,Conti,T1014,Rootkit,MEDIUM_CANDIDATE,2,psxview.not_in_deskthrd_false_avg; psxview.not_in_csrss_handles_false_avg,0.17041175067424774,0.10500409690963367
1564,Shade,Conti,T1055,Process Injection,HIGH_CANDIDATE,1,malfind.uniqueInjections,0.5257437825202942,0.3239521386933374
1564,Shade,Conti,T1620,Reflective Code Loading,MEDIUM_CANDIDATE,4,ldrmodules.not_in_load_avg; ldrmodules.not_in_init_avg; ldrmodules.not_in_mem_avg; ldrmodules.not_in_mem,0.6227996610105038,0.3837559070972945
1565,Shade,Shade,T1014,Rootkit,MEDIUM_CANDIDATE,2,psxview.not_in_session_false_avg; psxview.not_in_csrss_handles_false_avg,0.23091968894004822,0.06768611414194199
1565,Shade,Shade,T1055,Process Injection,HIGH_CANDIDATE,1,malfind.uniqueInjections,0.14387740194797516,0.04217268044746518
1565,Shade,Shade,T1620,Reflective Code Loading,MEDIUM_CANDIDATE,1,ldrmodules.not_in_mem_avg,0.16174475848674774,0.04740987758578332
1566,Shade,Shade,T1014,Rootkit,MEDIUM_CANDIDATE,1,psxview.not_in_session_false_avg,0.09433974325656891,0.04090748059037878
1566,Shade,Shade,T1055,Process Injection,HIGH_CANDIDATE,1,malfind.uniqueInjections,0.08514223247766495,0.03691926755650861
1566,Shade,Shade,T1620,Reflective Code Loading,MEDIUM_CANDIDATE,3,ldrmodules.not_in_load_avg; ldrmodules.not_in_init_avg; ldrmodules.not_in_load,0.4850451424717903,0.21032466345768505
1567,Shade,Shade,T1014,Rootkit,MEDIUM_CANDIDATE,2,psxview.not_in_session_false_avg; psxview.not_in_deskthrd_false_avg,0.28081801533699036,0.0647186210993707
1567,Shade,Shade,T1055,Process Injection,HIGH_CANDIDATE,1,malfind.uniqueInjections,0.11255212873220444,0.025939285143817586
1567,Shade,Shade,T1620,Reflective Code Loading,MEDIUM_CANDIDATE,1,ldrmodules.not_in_mem_avg,0.07715246081352234,0.017780913636478775
1568,Shade,Scar,T1620,Reflective Code Loading,MEDIUM_CANDIDATE,6,ldrmodules.not_in_mem; ldrmodules.not_in_init_avg; ldrmodules.not_in_mem_avg; ldrmodules.not_in_load; ldrmodules.not_in_load_avg; ldrmodules.not_in_init,0.7348148077726364,0.418918434407664
1569,Shade,Shade,T1055,Process Injection,HIGH_CANDIDATE,1,malfind.uniqueInjections,0.11278213560581207,0.03487369046543413
1569,Shade,Shade,T1620,Reflective Code Loading,MEDIUM_CANDIDATE,3,ldrmodules.not_in_load; ldrmodules.not_in_init_avg; ldrmodules.not_in_load_avg,0.87374547123909,0.270173365186717
1570,Shade,Shade,T1014,Rootkit,MEDIUM_CANDIDATE,1,psxview.not_in_eprocess_pool_false_avg,0.12747323513031006,0.03737683338541913
1570,Shade,Shade,T1055,Process Injection,HIGH_CANDIDATE,2,malfind.ninjections; malfind.uniqueInjections,0.5236936807632446,0.15355389255536706
1570,Shade,Shade,T1620,Reflective Code Loading,MEDIUM_CANDIDATE,3,ldrmodules.not_in_init_avg; ldrmodules.not_in_load_avg; ldrmodules.not_in_init,0.679272323846817,0.1991716021468733
1571,Shade,Shade,T1014,Rootkit,MEDIUM_CANDIDATE,1,psxview.not_in_session_false_avg,0.05554375797510147,0.03671092049621022
1571,Shade,Shade,T1055,Process Injection,HIGH_CANDIDATE,1,malfind.uniqueInjections,0.06597393751144409,0.04360461126685478
1571,Shade,Shade,T1620,Reflective Code Loading,MEDIUM_CANDIDATE,1,ldrmodules.not_in_load,0.059057727456092834,0.03903343267301702
1572,Shade,Gator,T1014,Rootkit,MEDIUM_CANDIDATE,2,psxview.not_in_pslist_false_avg; psxview.not_in_session_false_avg,0.23084302991628647,0.11107325366326823
1572,Shade,Gator,T1620,Reflective Code Loading,MEDIUM_CANDIDATE,1,ldrmodules.not_in_mem_avg,0.036365214735269547,0.017497616117214374
1573,Shade,Maze,T1620,Reflective Code Loading,MEDIUM_CANDIDATE,5,ldrmodules.not_in_mem; ldrmodules.not_in_mem_avg; ldrmodules.not_in_load_avg; ldrmodules.not_in_load; ldrmodules.not_in_init_avg,1.490991160273552,0.571560301593817
1574,Shade,Shade,T1055,Process Injection,HIGH_CANDIDATE,1,malfind.uniqueInjections,0.0623534619808197,0.030164978800732444
1574,Shade,Shade,T1620,Reflective Code Loading,MEDIUM_CANDIDATE,4,ldrmodules.not_in_init_avg; ldrmodules.not_in_load_avg; ldrmodules.not_in_mem; ldrmodules.not_in_mem_avg,0.5074260979890823,0.24547951312611033
1575,Shade,Ako,T1014,Rootkit,MEDIUM_CANDIDATE,1,psxview.not_in_ethread_pool_false_avg,0.02855341136455536,0.02426401468295615
1575,Shade,Ako,T1620,Reflective Code Loading,MEDIUM_CANDIDATE,1,ldrmodules.not_in_mem,0.04039587080478668,0.03432745705316557
1576,Shade,Zeus,T1620,Reflective Code Loading,MEDIUM_CANDIDATE,1,ldrmodules.not_in_load,0.07245822250843048,0.02753464412403435
1577,Shade,Shade,T1014,Rootkit,MEDIUM_CANDIDATE,1,psxview.not_in_session_false_avg,0.09378499537706375,0.04055743982455753
1577,Shade,Shade,T1055,Process Injection,HIGH_CANDIDATE,1,malfind.uniqueInjections,0.085173599421978,0.03683343075626638
1577,Shade,Shade,T1620,Reflective Code Loading,MEDIUM_CANDIDATE,3,ldrmodules.not_in_load_avg; ldrmodules.not_in_init_avg; ldrmodules.not_in_load,0.4880542680621147,0.21105968527763666
1578,Shade,Shade,T1014,Rootkit,MEDIUM_CANDIDATE,1,psxview.not_in_session_false_avg,0.07664468884468079,0.03379483141225328
1578,Shade,Shade,T1055,Process Injection,HIGH_CANDIDATE,1,malfind.uniqueInjections,0.05752528831362724,0.025364541885477508
1578,Shade,Shade,T1620,Reflective Code Loading,MEDIUM_CANDIDATE,3,ldrmodules.not_in_mem_avg; ldrmodules.not_in_load_avg; ldrmodules.not_in_init_avg,0.3810071796178818,0.16799694272538013
1579,Shade,Shade,T1055,Process Injection,HIGH_CANDIDATE,2,malfind.uniqueInjections; malfind.ninjections,0.11776286736130714,0.04871987154969418
1579,Shade,Shade,T1620,Reflective Code Loading,MEDIUM_CANDIDATE,2,ldrmodules.not_in_mem_avg; ldrmodules.not_in_load_avg,0.07821277529001236,0.032357537236109304
1580,Shade,Shade,T1014,Rootkit,MEDIUM_CANDIDATE,2,psxview.not_in_deskthrd_false_avg; psxview.not_in_session_false_avg,0.269603431224823,0.055795276220359145
1580,Shade,Shade,T1055,Process Injection,HIGH_CANDIDATE,1,malfind.uniqueInjections,0.14613044261932373,0.030242153718545883
1580,Shade,Shade,T1620,Reflective Code Loading,MEDIUM_CANDIDATE,2,ldrmodules.not_in_load_avg; ldrmodules.not_in_mem_avg,0.17533741146326065,0.03628662758448844
1581,Shade,Transponder,T1620,Reflective Code Loading,MEDIUM_CANDIDATE,3,ldrmodules.not_in_load; ldrmodules.not_in_init_avg; ldrmodules.not_in_mem,0.7444030344486237,0.2775307797950862
1582,Shade,180solutions,T1055,Process Injection,HIGH_CANDIDATE,2,malfind.uniqueInjections; malfind.ninjections,0.8137924075126648,0.43541847499100644
1583,Shade,Shade,T1014,Rootkit,MEDIUM_CANDIDATE,2,psxview.not_in_session_false_avg; psxview.not_in_csrss_handles_false_avg,0.190826416015625,0.1484591023276592
1583,Shade,Shade,T1055,Process Injection,HIGH_CANDIDATE,1,malfind.uniqueInjections,0.05266862362623215,0.040975126754691706
1583,Shade,Shade,T1620,Reflective Code Loading,MEDIUM_CANDIDATE,3,ldrmodules.not_in_load_avg; ldrmodules.not_in_mem_avg; ldrmodules.not_in_mem,0.1731153205037117,0.13468022728594176
1584,Shade,Shade,T1055,Process Injection,HIGH_CANDIDATE,1,malfind.uniqueInjections,0.09469502419233322,0.03905197557829028
1584,Shade,Shade,T1620,Reflective Code Loading,MEDIUM_CANDIDATE,2,ldrmodules.not_in_init_avg; ldrmodules.not_in_load_avg,0.22018737345933914,0.09080468593066976
1585,Shade,Ako,T1620,Reflective Code Loading,MEDIUM_CANDIDATE,1,ldrmodules.not_in_init_avg,0.05916283652186394,0.03808435660132632
1586,Shade,Shade,T1014,Rootkit,MEDIUM_CANDIDATE,2,psxview.not_in_session_false_avg; psxview.not_in_deskthrd_false_avg,0.23363656550645828,0.04309462485130816
1586,Shade,Shade,T1055,Process Injection,HIGH_CANDIDATE,1,malfind.uniqueInjections,0.21743179857730865,0.04010563059820062
1587,Shade,Scar,T1620,Reflective Code Loading,MEDIUM_CANDIDATE,2,ldrmodules.not_in_mem; ldrmodules.not_in_mem_avg,0.16633009538054466,0.11952952336509984
1588,Shade,Shade,T1014,Rootkit,MEDIUM_CANDIDATE,2,psxview.not_in_session_false_avg; psxview.not_in_deskthrd_false_avg,0.28346292674541473,0.05915369525775775
1588,Shade,Shade,T1055,Process Injection,HIGH_CANDIDATE,1,malfind.uniqueInjections,0.15656046569347382,0.032671397926269365
1588,Shade,Shade,T1620,Reflective Code Loading,MEDIUM_CANDIDATE,1,ldrmodules.not_in_load_avg,0.06458001583814621,0.013476706179859072
1589,Shade,Shade,T1055,Process Injection,HIGH_CANDIDATE,1,malfind.uniqueInjections,0.06428316235542297,0.027526891276643883
1589,Shade,Shade,T1620,Reflective Code Loading,MEDIUM_CANDIDATE,2,ldrmodules.not_in_init_avg; ldrmodules.not_in_init,0.26841750741004944,0.11493988896146563
1590,Shade,Maze,T1014,Rootkit,MEDIUM_CANDIDATE,2,psxview.not_in_session_false_avg; psxview.not_in_csrss_handles_false_avg,0.26237276941537857,0.09682658177980512
1590,Shade,Maze,T1620,Reflective Code Loading,MEDIUM_CANDIDATE,5,ldrmodules.not_in_mem; ldrmodules.not_in_mem_avg; ldrmodules.not_in_load_avg; ldrmodules.not_in_init_avg; ldrmodules.not_in_load,1.6346301063895226,0.6032472273274696
1591,Shade,Shade,T1055,Process Injection,HIGH_CANDIDATE,2,malfind.uniqueInjections; malfind.ninjections,0.772792637348175,0.35430473857766953
1592,Shade,Shade,T1014,Rootkit,MEDIUM_CANDIDATE,2,psxview.not_in_session_false_avg; psxview.not_in_deskthrd_false_avg,0.10916125774383545,0.024920004645332963
1592,Shade,Shade,T1055,Process Injection,HIGH_CANDIDATE,1,malfind.uniqueInjections,0.21422119438648224,0.0489037344344943
1592,Shade,Shade,T1620,Reflective Code Loading,MEDIUM_CANDIDATE,1,ldrmodules.not_in_load,0.06279338151216507,0.014334860108074254
1593,Shade,Shade,T1014,Rootkit,MEDIUM_CANDIDATE,1,psxview.not_in_session_false_avg,0.0848151296377182,0.022441344881447806
1593,Shade,Shade,T1055,Process Injection,HIGH_CANDIDATE,1,malfind.uniqueInjections,0.061260685324668884,0.016209043986809717
1593,Shade,Shade,T1620,Reflective Code Loading,MEDIUM_CANDIDATE,2,ldrmodules.not_in_load_avg; ldrmodules.not_in_mem_avg,0.20640922337770462,0.05461408345794621
1594,Shade,Zeus,T1014,Rootkit,MEDIUM_CANDIDATE,2,psxview.not_in_session_false_avg; psxview.not_in_pslist_false_avg,0.13890469074249268,0.05446658465265627
1594,Shade,Zeus,T1620,Reflective Code Loading,MEDIUM_CANDIDATE,3,ldrmodules.not_in_init_avg; ldrmodules.not_in_load; ldrmodules.not_in_mem_avg,0.38303712755441666,0.15019452562425786
1595,Shade,TIBS,T1014,Rootkit,MEDIUM_CANDIDATE,2,psxview.not_in_session_false_avg; psxview.not_in_deskthrd_false_avg,0.2197008952498436,0.08181766545918663
1595,Shade,TIBS,T1620,Reflective Code Loading,MEDIUM_CANDIDATE,1,ldrmodules.not_in_init_avg,0.17546097934246063,0.06534250892631682
1596,Shade,Shade,T1055,Process Injection,HIGH_CANDIDATE,2,malfind.uniqueInjections; malfind.ninjections,0.7286564782261848,0.2085109310683069
1596,Shade,Shade,T1620,Reflective Code Loading,MEDIUM_CANDIDATE,1,ldrmodules.not_in_init_avg,0.08425052464008331,0.024108967477324782
1597,Shade,CWS,T1014,Rootkit,MEDIUM_CANDIDATE,1,psxview.not_in_session_false_avg,0.05114689841866493,0.02753624878928091
1597,Shade,CWS,T1620,Reflective Code Loading,MEDIUM_CANDIDATE,1,ldrmodules.not_in_init_avg,0.12902656197547913,0.06946476953303996
1598,Shade,Transponder,T1014,Rootkit,MEDIUM_CANDIDATE,3,psxview.not_in_pslist_false_avg; psxview.not_in_ethread_pool_false_avg; psxview.not_in_session_false_avg,0.34741566330194473,0.20138802014274043
1598,Shade,Transponder,T1620,Reflective Code Loading,MEDIUM_CANDIDATE,2,ldrmodules.not_in_init_avg; ldrmodules.not_in_load_avg,0.1957601010799408,0.11347714954684755
1599,Shade,Maze,T1014,Rootkit,MEDIUM_CANDIDATE,2,psxview.not_in_csrss_handles_false_avg; psxview.not_in_session_false_avg,0.2510604038834572,0.09458876448604939
1599,Shade,Maze,T1620,Reflective Code Loading,MEDIUM_CANDIDATE,4,ldrmodules.not_in_mem_avg; ldrmodules.not_in_mem; ldrmodules.not_in_load_avg; ldrmodules.not_in_init_avg,1.478163331747055,0.556908381791021
1600,Shade,Shade,T1055,Process Injection,HIGH_CANDIDATE,1,malfind.uniqueInjections,0.09065982699394226,0.026092685270647134
1600,Shade,Shade,T1620,Reflective Code Loading,MEDIUM_CANDIDATE,3,ldrmodules.not_in_load; ldrmodules.not_in_init_avg; ldrmodules.not_in_load_avg,0.945946678519249,0.2722516662983045
1601,Shade,Pysa,T1014,Rootkit,MEDIUM_CANDIDATE,1,psxview.not_in_deskthrd_false_avg,0.07480766624212265,0.03531026801823173
1601,Shade,Pysa,T1620,Reflective Code Loading,MEDIUM_CANDIDATE,3,ldrmodules.not_in_init_avg; ldrmodules.not_in_load_avg; ldrmodules.not_in_mem_avg,0.5479760393500328,0.25865237867992236
1602,Shade,Shade,T1055,Process Injection,HIGH_CANDIDATE,1,malfind.uniqueInjections,0.06357768923044205,0.031604699619125584
1602,Shade,Shade,T1620,Reflective Code Loading,MEDIUM_CANDIDATE,3,ldrmodules.not_in_init_avg; ldrmodules.not_in_init; ldrmodules.not_in_mem,0.32802676782011986,0.16306329452161905
1603,Shade,Shade,T1014,Rootkit,MEDIUM_CANDIDATE,1,psxview.not_in_session_false_avg,0.1684054136276245,0.052278814207043285
1603,Shade,Shade,T1055,Process Injection,HIGH_CANDIDATE,1,malfind.uniqueInjections,0.062363214790821075,0.019359680007748084
1603,Shade,Shade,T1620,Reflective Code Loading,MEDIUM_CANDIDATE,3,ldrmodules.not_in_load_avg; ldrmodules.not_in_init_avg; ldrmodules.not_in_mem_avg,0.41189024969935417,0.12786485525541916
1604,Shade,Shade,T1055,Process Injection,HIGH_CANDIDATE,1,malfind.uniqueInjections,0.09357044845819473,0.04106432151447081
1604,Shade,Shade,T1620,Reflective Code Loading,MEDIUM_CANDIDATE,4,ldrmodules.not_in_load_avg; ldrmodules.not_in_init_avg; ldrmodules.not_in_load; ldrmodules.not_in_init,0.5735863894224167,0.2517240891721275
1605,Shade,Shade,T1014,Rootkit,MEDIUM_CANDIDATE,2,psxview.not_in_session_false_avg; psxview.not_in_deskthrd_false_avg,0.22896352410316467,0.048313290664922744
1605,Shade,Shade,T1055,Process Injection,HIGH_CANDIDATE,1,malfind.uniqueInjections,0.13899511098861694,0.029329174699331204
1605,Shade,Shade,T1620,Reflective Code Loading,MEDIUM_CANDIDATE,1,ldrmodules.not_in_mem_avg,0.07836580276489258,0.01653586448758687
1606,Shade,Shade,T1014,Rootkit,MEDIUM_CANDIDATE,1,psxview.not_in_session_false_avg,0.043312717229127884,0.019664382603420096
1606,Shade,Shade,T1055,Process Injection,HIGH_CANDIDATE,2,malfind.uniqueInjections; malfind.ninjections,0.10312990844249725,0.04682195223958671
1606,Shade,Shade,T1620,Reflective Code Loading,MEDIUM_CANDIDATE,2,ldrmodules.not_in_load_avg; ldrmodules.not_in_init,0.11450840160250664,0.05198789557593205
1607,Shade,Maze,T1620,Reflective Code Loading,MEDIUM_CANDIDATE,5,ldrmodules.not_in_mem; ldrmodules.not_in_mem_avg; ldrmodules.not_in_load_avg; ldrmodules.not_in_load; ldrmodules.not_in_init_avg,1.6790230795741081,0.5486019448078182
1608,Shade,Zeus,T1620,Reflective Code Loading,MEDIUM_CANDIDATE,3,ldrmodules.not_in_init; ldrmodules.not_in_load_avg; ldrmodules.not_in_load,0.33181387186050415,0.13124461892631323
1609,Shade,Zeus,T1014,Rootkit,MEDIUM_CANDIDATE,2,psxview.not_in_csrss_handles_false_avg; psxview.not_in_ethread_pool_false_avg,0.11269494518637657,0.04728906236702973
1609,Shade,Zeus,T1620,Reflective Code Loading,MEDIUM_CANDIDATE,3,ldrmodules.not_in_mem_avg; ldrmodules.not_in_load; ldrmodules.not_in_init_avg,0.21307403594255447,0.08941014486335867
1610,Shade,Shade,T1014,Rootkit,MEDIUM_CANDIDATE,3,psxview.not_in_session_false_avg; psxview.not_in_deskthrd_false_avg; psxview.not_in_csrss_handles_false_avg,0.2808549255132675,0.05709748909618299
1610,Shade,Shade,T1055,Process Injection,HIGH_CANDIDATE,1,malfind.uniqueInjections,0.13937874138355255,0.028335540677605665
1610,Shade,Shade,T1620,Reflective Code Loading,MEDIUM_CANDIDATE,1,ldrmodules.not_in_mem_avg,0.06388116627931595,0.012986968942840883
1611,Shade,Pysa,T1620,Reflective Code Loading,MEDIUM_CANDIDATE,5,ldrmodules.not_in_load_avg; ldrmodules.not_in_mem_avg; ldrmodules.not_in_init_avg; ldrmodules.not_in_mem; ldrmodules.not_in_load,0.9180063232779503,0.4386764101115309
1612,Shade,Shade,T1620,Reflective Code Loading,MEDIUM_CANDIDATE,1,ldrmodules.not_in_init,0.08206424117088318,0.03488531665888527
1613,Shade,Conti,T1055,Process Injection,HIGH_CANDIDATE,1,malfind.uniqueInjections,0.481264591217041,0.3444532784384402
1613,Shade,Conti,T1620,Reflective Code Loading,MEDIUM_CANDIDATE,4,ldrmodules.not_in_mem_avg; ldrmodules.not_in_load_avg; ldrmodules.not_in_mem; ldrmodules.not_in_init,0.39188627153635025,0.28048294736239243
1614,Shade,Zeus,T1014,Rootkit,MEDIUM_CANDIDATE,1,psxview.not_in_ethread_pool_false_avg,0.0525696687400341,0.030912992261792855
1614,Shade,Zeus,T1620,Reflective Code Loading,MEDIUM_CANDIDATE,1,ldrmodules.not_in_load,0.08459220826625824,0.049743480265672185
1615,Shade,Shade,T1620,Reflective Code Loading,MEDIUM_CANDIDATE,2,ldrmodules.not_in_init; ldrmodules.not_in_load,0.1219655517488718,0.0902528963630608
1616,Shade,Shade,T1055,Process Injection,HIGH_CANDIDATE,2,malfind.ninjections; malfind.uniqueInjections,0.1492275670170784,0.05223455589034511
1616,Shade,Shade,T1620,Reflective Code Loading,MEDIUM_CANDIDATE,1,ldrmodules.not_in_init_avg,0.056252531707286835,0.019690235994408507
1617,Shade,Shade,T1014,Rootkit,MEDIUM_CANDIDATE,1,psxview.not_in_session_false_avg,0.05265544727444649,0.02716989695635656
1617,Shade,Shade,T1055,Process Injection,HIGH_CANDIDATE,1,malfind.uniqueInjections,0.09470148384571075,0.04886540122413335
1618,Shade,Shade,T1014,Rootkit,MEDIUM_CANDIDATE,2,psxview.not_in_session_false_avg; psxview.not_in_csrss_handles_false_avg,0.22984667122364044,0.09353005318675295
1618,Shade,Shade,T1055,Process Injection,HIGH_CANDIDATE,1,malfind.uniqueInjections,0.09395144134759903,0.03823106621223601
1618,Shade,Shade,T1620,Reflective Code Loading,MEDIUM_CANDIDATE,1,ldrmodules.not_in_load_avg,0.14153669774532318,0.05759463383795089
1619,Shade,Zeus,T1014,Rootkit,MEDIUM_CANDIDATE,1,psxview.not_in_ethread_pool_false_avg,0.04167313501238823,0.022163728505454186
1619,Shade,Zeus,T1620,Reflective Code Loading,MEDIUM_CANDIDATE,1,ldrmodules.not_in_load,0.06333144009113312,0.03368263135523744
1620,Shade,Shade,T1014,Rootkit,MEDIUM_CANDIDATE,3,psxview.not_in_session_false_avg; psxview.not_in_deskthrd_false_avg; psxview.not_in_csrss_handles_false_avg,0.3352964520454407,0.1657517695990438
1620,Shade,Shade,T1055,Process Injection,HIGH_CANDIDATE,1,malfind.uniqueInjections,0.07047738134860992,0.034840066466481974
1620,Shade,Shade,T1620,Reflective Code Loading,MEDIUM_CANDIDATE,3,ldrmodules.not_in_load_avg; ldrmodules.not_in_mem_avg; ldrmodules.not_in_init_avg,0.4293351247906685,0.2122392177160148
1621,Shade,Shade,T1014,Rootkit,MEDIUM_CANDIDATE,1,psxview.not_in_session_false_avg,0.04550403356552124,0.027141007256616133
1621,Shade,Shade,T1620,Reflective Code Loading,MEDIUM_CANDIDATE,1,ldrmodules.not_in_init,0.06789972633123398,0.04049898043488227
1622,Shade,Scar,T1620,Reflective Code Loading,MEDIUM_CANDIDATE,3,ldrmodules.not_in_load_avg; ldrmodules.not_in_mem_avg; ldrmodules.not_in_init_avg,0.9696228951215744,0.43827071475046736
1623,Shade,Conti,T1055,Process Injection,HIGH_CANDIDATE,1,malfind.uniqueInjections,0.47513076663017273,0.22993183122687538
1623,Shade,Conti,T1620,Reflective Code Loading,MEDIUM_CANDIDATE,2,ldrmodules.not_in_mem_avg; ldrmodules.not_in_init_avg,0.16085923463106155,0.07784521859276454
1624,Shade,Shade,T1620,Reflective Code Loading,MEDIUM_CANDIDATE,1,ldrmodules.not_in_init,0.056730031967163086,0.03156625371444993
1625,TIBS,Transponder,T1055,Process Injection,HIGH_CANDIDATE,2,malfind.uniqueInjections; malfind.ninjections,0.625270202755928,0.18053757214380725
1625,TIBS,Transponder,T1620,Reflective Code Loading,MEDIUM_CANDIDATE,3,ldrmodules.not_in_load; ldrmodules.not_in_init_avg; ldrmodules.not_in_mem,0.6613298840820789,0.19094927462092637
1626,TIBS,TIBS,T1620,Reflective Code Loading,MEDIUM_CANDIDATE,3,ldrmodules.not_in_load; ldrmodules.not_in_load_avg; ldrmodules.not_in_init_avg,1.1831361278891563,0.17066104042449023
1627,TIBS,TIBS,T1014,Rootkit,MEDIUM_CANDIDATE,1,psxview.not_in_session_false_avg,0.08477872610092163,0.01595999260685996
1627,TIBS,TIBS,T1055,Process Injection,HIGH_CANDIDATE,1,malfind.ninjections,0.08742202818393707,0.016457606615029933
1627,TIBS,TIBS,T1620,Reflective Code Loading,MEDIUM_CANDIDATE,2,ldrmodules.not_in_init_avg; ldrmodules.not_in_load,0.39410943537950516,0.0741929486822317
1628,TIBS,CWS,T1620,Reflective Code Loading,MEDIUM_CANDIDATE,3,ldrmodules.not_in_load; ldrmodules.not_in_init_avg; ldrmodules.not_in_mem,0.5084132626652718,0.20567211300837138
1629,TIBS,TIBS,T1620,Reflective Code Loading,MEDIUM_CANDIDATE,2,ldrmodules.not_in_load; ldrmodules.not_in_load_avg,1.0704973936080933,0.15561754953983267
1630,TIBS,TIBS,T1620,Reflective Code Loading,MEDIUM_CANDIDATE,4,ldrmodules.not_in_load; ldrmodules.not_in_init_avg; ldrmodules.not_in_load_avg; ldrmodules.not_in_mem_avg,1.19063526019454,0.3703507689494715
1631,TIBS,TIBS,T1620,Reflective Code Loading,MEDIUM_CANDIDATE,2,ldrmodules.not_in_load; ldrmodules.not_in_load_avg,1.05312579870224,0.15802879837306313
1632,TIBS,TIBS,T1055,Process Injection,HIGH_CANDIDATE,1,malfind.ninjections,0.07982224225997925,0.017918076387772958
1632,TIBS,TIBS,T1620,Reflective Code Loading,MEDIUM_CANDIDATE,2,ldrmodules.not_in_load_avg; ldrmodules.not_in_load,0.8041770458221436,0.18051742632591025
1633,TIBS,TIBS,T1620,Reflective Code Loading,MEDIUM_CANDIDATE,2,ldrmodules.not_in_load; ldrmodules.not_in_load_avg,1.0885692834854126,0.162467968588325
1634,TIBS,Zeus,T1014,Rootkit,MEDIUM_CANDIDATE,1,psxview.not_in_ethread_pool_false_avg,0.03448083624243736,0.015685789212144533
1634,TIBS,Zeus,T1620,Reflective Code Loading,MEDIUM_CANDIDATE,2,ldrmodules.not_in_init_avg; ldrmodules.not_in_load,0.2315531000494957,0.10533657285042285
1635,TIBS,180solutions,T1055,Process Injection,HIGH_CANDIDATE,1,malfind.uniqueInjections,0.08275933563709259,0.049736987286225345
1635,TIBS,180solutions,T1620,Reflective Code Loading,MEDIUM_CANDIDATE,3,ldrmodules.not_in_load_avg; ldrmodules.not_in_init_avg; ldrmodules.not_in_load,0.2996923178434372,0.18011010948325798
1636,TIBS,TIBS,T1620,Reflective Code Loading,MEDIUM_CANDIDATE,3,ldrmodules.not_in_load; ldrmodules.not_in_load_avg; ldrmodules.not_in_init_avg,1.1772132217884064,0.16874585839941
1637,TIBS,Gator,T1014,Rootkit,MEDIUM_CANDIDATE,2,psxview.not_in_pslist_false_avg; psxview.not_in_deskthrd,0.11912865191698074,0.047078385680857496
1637,TIBS,Gator,T1620,Reflective Code Loading,MEDIUM_CANDIDATE,3,ldrmodules.not_in_load; ldrmodules.not_in_init_avg; ldrmodules.not_in_mem_avg,0.5042888037860394,0.19928961183680907
1638,TIBS,Transponder,T1055,Process Injection,HIGH_CANDIDATE,2,malfind.uniqueInjections; malfind.ninjections,0.5034566670656204,0.2240052880685507
1638,TIBS,Transponder,T1620,Reflective Code Loading,MEDIUM_CANDIDATE,4,ldrmodules.not_in_load; ldrmodules.not_in_mem_avg; ldrmodules.not_in_init_avg; ldrmodules.not_in_mem,0.4553077444434166,0.20258216670034893
1639,TIBS,Transponder,T1620,Reflective Code Loading,MEDIUM_CANDIDATE,3,ldrmodules.not_in_load; ldrmodules.not_in_init_avg; ldrmodules.not_in_mem,0.7388346120715141,0.2838767880131377
1640,TIBS,TIBS,T1014,Rootkit,MEDIUM_CANDIDATE,1,psxview.not_in_deskthrd_false_avg,0.07358486950397491,0.017050442439776506
1640,TIBS,TIBS,T1620,Reflective Code Loading,MEDIUM_CANDIDATE,4,ldrmodules.not_in_load; ldrmodules.not_in_init_avg; ldrmodules.not_in_load_avg; ldrmodules.not_in_mem_avg,1.3430041447281837,0.3111891754436314
1641,TIBS,TIBS,T1620,Reflective Code Loading,MEDIUM_CANDIDATE,4,ldrmodules.not_in_load; ldrmodules.not_in_load_avg; ldrmodules.not_in_init_avg; ldrmodules.not_in_mem_avg,1.2768196165561676,0.2214289472994571
1642,TIBS,TIBS,T1014,Rootkit,MEDIUM_CANDIDATE,1,psxview.not_in_session_false_avg,0.07850652188062668,0.028231774900808217
1642,TIBS,TIBS,T1620,Reflective Code Loading,MEDIUM_CANDIDATE,2,ldrmodules.not_in_mem_avg; ldrmodules.not_in_load_avg,0.26748841255903244,0.09619165989067563
1643,TIBS,TIBS,T1620,Reflective Code Loading,MEDIUM_CANDIDATE,4,ldrmodules.not_in_load; ldrmodules.not_in_load_avg; ldrmodules.not_in_init_avg; ldrmodules.not_in_mem_avg,1.185291275382042,0.3430971375811091
1644,TIBS,TIBS,T1620,Reflective Code Loading,MEDIUM_CANDIDATE,2,ldrmodules.not_in_load_avg; ldrmodules.not_in_mem_avg,0.7325621843338013,0.2249380925034601
1645,TIBS,TIBS,T1620,Reflective Code Loading,MEDIUM_CANDIDATE,2,ldrmodules.not_in_load; ldrmodules.not_in_load_avg,1.0761165022850037,0.15562205845251645
1646,TIBS,TIBS,T1620,Reflective Code Loading,MEDIUM_CANDIDATE,3,ldrmodules.not_in_load; ldrmodules.not_in_load_avg; ldrmodules.not_in_init_avg,1.1720948442816734,0.1686567725890132
1647,TIBS,TIBS,T1620,Reflective Code Loading,MEDIUM_CANDIDATE,2,ldrmodules.not_in_load; ldrmodules.not_in_load_avg,1.0657232999801636,0.15720173669265863
1648,TIBS,Transponder,T1620,Reflective Code Loading,MEDIUM_CANDIDATE,3,ldrmodules.not_in_load; ldrmodules.not_in_init_avg; ldrmodules.not_in_mem,0.7969016209244728,0.2644360335250509
1649,TIBS,TIBS,T1620,Reflective Code Loading,MEDIUM_CANDIDATE,4,ldrmodules.not_in_load; ldrmodules.not_in_load_avg; ldrmodules.not_in_init_avg; ldrmodules.not_in_mem_avg,1.1862808465957642,0.24758273635469347
1650,TIBS,TIBS,T1014,Rootkit,MEDIUM_CANDIDATE,1,psxview.not_in_deskthrd_false_avg,0.09459851682186127,0.024228281049424934
1650,TIBS,TIBS,T1055,Process Injection,HIGH_CANDIDATE,2,malfind.ninjections; malfind.uniqueInjections,0.252206914126873,0.06459445880722246
1650,TIBS,TIBS,T1620,Reflective Code Loading,MEDIUM_CANDIDATE,1,ldrmodules.not_in_load,0.4763994514942169,0.12201396163884029
1651,TIBS,Emotet,T1620,Reflective Code Loading,MEDIUM_CANDIDATE,2,ldrmodules.not_in_init_avg; ldrmodules.not_in_mem_avg,0.21965110301971436,0.06441471077551957
1652,TIBS,TIBS,T1620,Reflective Code Loading,MEDIUM_CANDIDATE,1,ldrmodules.not_in_load,0.5377999544143677,0.09196384190125356
1653,TIBS,TIBS,T1014,Rootkit,MEDIUM_CANDIDATE,1,psxview.not_in_deskthrd_false_avg,0.09131141006946564,0.014963366916363874
1653,TIBS,TIBS,T1620,Reflective Code Loading,MEDIUM_CANDIDATE,3,ldrmodules.not_in_load; ldrmodules.not_in_load_avg; ldrmodules.not_in_init_avg,1.66307333111763,0.2725308528627592
1654,TIBS,TIBS,T1014,Rootkit,MEDIUM_CANDIDATE,1,psxview.not_in_deskthrd_false_avg,0.08806266635656357,0.025030968847822264
1654,TIBS,TIBS,T1055,Process Injection,HIGH_CANDIDATE,1,malfind.uniqueInjections,0.115272656083107,0.03276514762497791
1654,TIBS,TIBS,T1620,Reflective Code Loading,MEDIUM_CANDIDATE,1,ldrmodules.not_in_init_avg,0.13763728737831116,0.03912207970987114
1655,TIBS,TIBS,T1620,Reflective Code Loading,MEDIUM_CANDIDATE,4,ldrmodules.not_in_load; ldrmodules.not_in_load_avg; ldrmodules.not_in_init_avg; ldrmodules.not_in_mem_avg,1.275694265961647,0.39808456221692884
1656,TIBS,Refroso,T1620,Reflective Code Loading,MEDIUM_CANDIDATE,5,ldrmodules.not_in_init_avg; ldrmodules.not_in_load_avg; ldrmodules.not_in_mem_avg; ldrmodules.not_in_load; ldrmodules.not_in_init,0.5227479934692383,0.2273079420991389
1657,TIBS,CWS,T1620,Reflective Code Loading,MEDIUM_CANDIDATE,3,ldrmodules.not_in_load; ldrmodules.not_in_init_avg; ldrmodules.not_in_mem,0.5235047712922096,0.2111740160789035
1658,TIBS,TIBS,T1620,Reflective Code Loading,MEDIUM_CANDIDATE,1,ldrmodules.not_in_load,0.7562234997749329,0.18657795041551806
1659,TIBS,TIBS,T1055,Process Injection,HIGH_CANDIDATE,1,malfind.uniqueInjections,0.0981781855225563,0.029438798431450867
1659,TIBS,TIBS,T1620,Reflective Code Loading,MEDIUM_CANDIDATE,3,ldrmodules.not_in_mem_avg; ldrmodules.not_in_load_avg; ldrmodules.not_in_init_avg,0.7905094772577286,0.2370348263749001
1660,TIBS,TIBS,T1014,Rootkit,MEDIUM_CANDIDATE,1,psxview.not_in_deskthrd_false_avg,0.10759614408016205,0.03751131861104343
1660,TIBS,TIBS,T1620,Reflective Code Loading,MEDIUM_CANDIDATE,2,ldrmodules.not_in_load; ldrmodules.not_in_load_avg,0.7577778697013855,0.2641846262221892
1661,TIBS,TIBS,T1620,Reflective Code Loading,MEDIUM_CANDIDATE,2,ldrmodules.not_in_load; ldrmodules.not_in_load_avg,1.0529970228672028,0.15603892443852493
1662,TIBS,Pysa,T1620,Reflective Code Loading,MEDIUM_CANDIDATE,2,ldrmodules.not_in_init_avg; ldrmodules.not_in_load_avg,0.31588198244571686,0.27147153812513247
1663,TIBS,TIBS,T1620,Reflective Code Loading,MEDIUM_CANDIDATE,2,ldrmodules.not_in_load; ldrmodules.not_in_load_avg,1.0350253582000732,0.15293910996983368
1664,TIBS,TIBS,T1620,Reflective Code Loading,MEDIUM_CANDIDATE,3,ldrmodules.not_in_load; ldrmodules.not_in_load_avg; ldrmodules.not_in_init_avg,1.1822953522205353,0.1698956194413659
1665,TIBS,TIBS,T1014,Rootkit,MEDIUM_CANDIDATE,1,psxview.not_in_session_false_avg,0.07541272044181824,0.02631098099225566
1665,TIBS,TIBS,T1055,Process Injection,HIGH_CANDIDATE,1,malfind.ninjections,0.05729040876030922,0.01998823072685733
1665,TIBS,TIBS,T1620,Reflective Code Loading,MEDIUM_CANDIDATE,1,ldrmodules.not_in_init,0.08451493084430695,0.029486679779997443
1666,TIBS,Pysa,T1620,Reflective Code Loading,MEDIUM_CANDIDATE,5,ldrmodules.not_in_load_avg; ldrmodules.not_in_init_avg; ldrmodules.not_in_mem; ldrmodules.not_in_mem_avg; ldrmodules.not_in_load,0.9128116965293884,0.4209523073388212
1667,TIBS,TIBS,T1620,Reflective Code Loading,MEDIUM_CANDIDATE,3,ldrmodules.not_in_load; ldrmodules.not_in_load_avg; ldrmodules.not_in_init_avg,1.1893454417586327,0.17195618279912225
1668,TIBS,TIBS,T1620,Reflective Code Loading,MEDIUM_CANDIDATE,3,ldrmodules.not_in_load; ldrmodules.not_in_load_avg; ldrmodules.not_in_init_avg,1.175010308623314,0.1680542859693043
1669,TIBS,TIBS,T1620,Reflective Code Loading,MEDIUM_CANDIDATE,3,ldrmodules.not_in_load; ldrmodules.not_in_load_avg; ldrmodules.not_in_init_avg,1.1739550456404686,0.1679174686175431
1670,TIBS,TIBS,T1620,Reflective Code Loading,MEDIUM_CANDIDATE,3,ldrmodules.not_in_load; ldrmodules.not_in_load_avg; ldrmodules.not_in_init_avg,1.1904006823897362,0.17209413198027176
1671,TIBS,TIBS,T1620,Reflective Code Loading,MEDIUM_CANDIDATE,3,ldrmodules.not_in_load; ldrmodules.not_in_load_avg; ldrmodules.not_in_init_avg,1.1742547377943993,0.16778434980988333
1672,TIBS,Refroso,T1620,Reflective Code Loading,MEDIUM_CANDIDATE,1,ldrmodules.not_in_init_avg,0.16485607624053955,0.08786939644961955
1673,TIBS,TIBS,T1014,Rootkit,MEDIUM_CANDIDATE,1,psxview.not_in_session_false_avg,0.06588507443666458,0.016136114032070648
1673,TIBS,TIBS,T1620,Reflective Code Loading,MEDIUM_CANDIDATE,4,ldrmodules.not_in_load; ldrmodules.not_in_init_avg; ldrmodules.not_in_load_avg; ldrmodules.not_in_mem_avg,1.2636529579758644,0.3094850905338704
1674,TIBS,Shade,T1014,Rootkit,MEDIUM_CANDIDATE,1,psxview.not_in_session_false_avg,0.09031392633914948,0.04650410012864989
1674,TIBS,Shade,T1055,Process Injection,HIGH_CANDIDATE,1,malfind.uniqueInjections,0.06329908967018127,0.032593724172951505
1675,TIBS,TIBS,T1620,Reflective Code Loading,MEDIUM_CANDIDATE,4,ldrmodules.not_in_load; ldrmodules.not_in_load_avg; ldrmodules.not_in_init_avg; ldrmodules.not_in_mem_avg,1.4351456090807915,0.2246707776236867
1677,TIBS,TIBS,T1620,Reflective Code Loading,MEDIUM_CANDIDATE,1,ldrmodules.not_in_load,0.584563136100769,0.1026726723915355
1678,TIBS,TIBS,T1620,Reflective Code Loading,MEDIUM_CANDIDATE,2,ldrmodules.not_in_load; ldrmodules.not_in_load_avg,1.0970796942710876,0.15846903560040382
1679,TIBS,Transponder,T1620,Reflective Code Loading,MEDIUM_CANDIDATE,2,ldrmodules.not_in_load; ldrmodules.not_in_init_avg,0.42283087968826294,0.19725512603483059
1680,TIBS,TIBS,T1620,Reflective Code Loading,MEDIUM_CANDIDATE,3,ldrmodules.not_in_load_avg; ldrmodules.not_in_mem_avg; ldrmodules.not_in_load,1.1354524418711662,0.2830385259097777
1681,TIBS,TIBS,T1620,Reflective Code Loading,MEDIUM_CANDIDATE,2,ldrmodules.not_in_load; ldrmodules.not_in_load_avg,1.0875743627548218,0.15907759099741497
1682,TIBS,TIBS,T1620,Reflective Code Loading,MEDIUM_CANDIDATE,2,ldrmodules.not_in_load; ldrmodules.not_in_init_avg,0.6533700227737427,0.18496667809533085
1683,TIBS,TIBS,T1620,Reflective Code Loading,MEDIUM_CANDIDATE,2,ldrmodules.not_in_load; ldrmodules.not_in_load_avg,1.0632938146591187,0.15708566648427955
1684,TIBS,TIBS,T1620,Reflective Code Loading,MEDIUM_CANDIDATE,3,ldrmodules.not_in_load; ldrmodules.not_in_load_avg; ldrmodules.not_in_init_avg,1.1764034405350685,0.1686594450155161
1685,TIBS,TIBS,T1055,Process Injection,HIGH_CANDIDATE,1,malfind.uniqueInjections,0.505685031414032,0.11995870057677438
1685,TIBS,TIBS,T1620,Reflective Code Loading,MEDIUM_CANDIDATE,4,ldrmodules.not_in_load_avg; ldrmodules.not_in_load; ldrmodules.not_in_init_avg; ldrmodules.not_in_mem_avg,0.9064678996801376,0.21503248980125902
1686,TIBS,Ako,T1014,Rootkit,MEDIUM_CANDIDATE,2,psxview.not_in_deskthrd_false_avg; psxview.not_in_csrss_handles_false_avg,0.12089204415678978,0.05210372710726291
1686,TIBS,Ako,T1055,Process Injection,HIGH_CANDIDATE,2,malfind.uniqueInjections; malfind.ninjections,1.0094688683748245,0.43507487037661524
1686,TIBS,Ako,T1620,Reflective Code Loading,MEDIUM_CANDIDATE,2,ldrmodules.not_in_init_avg; ldrmodules.not_in_mem,0.11288175359368324,0.04865134116688881
1687,TIBS,TIBS,T1620,Reflective Code Loading,MEDIUM_CANDIDATE,2,ldrmodules.not_in_load; ldrmodules.not_in_init_avg,0.5979397296905518,0.21858913523631487
1688,TIBS,Conti,T1014,Rootkit,MEDIUM_CANDIDATE,2,psxview.not_in_csrss_handles_false_avg; psxview.not_in_deskthrd_false_avg,0.16885361820459366,0.11276061546919591
1688,TIBS,Conti,T1055,Process Injection,HIGH_CANDIDATE,1,malfind.uniqueInjections,0.50323086977005,0.33605807919149394
1688,TIBS,Conti,T1620,Reflective Code Loading,MEDIUM_CANDIDATE,1,ldrmodules.not_in_mem,0.053940944373607635,0.03602181671456884
1689,TIBS,TIBS,T1014,Rootkit,MEDIUM_CANDIDATE,1,psxview.not_in_session_false_avg,0.1272830218076706,0.025314333287815762
1689,TIBS,TIBS,T1055,Process Injection,HIGH_CANDIDATE,1,malfind.ninjections,0.09815110266208649,0.019520511770289732
1689,TIBS,TIBS,T1620,Reflective Code Loading,MEDIUM_CANDIDATE,2,ldrmodules.not_in_load; ldrmodules.not_in_load_avg,0.9406886398792267,0.1870862697300433
1690,TIBS,TIBS,T1620,Reflective Code Loading,MEDIUM_CANDIDATE,2,ldrmodules.not_in_load; ldrmodules.not_in_load_avg,1.069137990474701,0.1594140384004058
1691,TIBS,Gator,T1620,Reflective Code Loading,MEDIUM_CANDIDATE,5,ldrmodules.not_in_load; ldrmodules.not_in_init_avg; ldrmodules.not_in_mem_avg; ldrmodules.not_in_load_avg; ldrmodules.not_in_mem,0.8335369415581226,0.3235433262639644
1692,TIBS,Maze,T1620,Reflective Code Loading,MEDIUM_CANDIDATE,5,ldrmodules.not_in_mem; ldrmodules.not_in_load; ldrmodules.not_in_load_avg; ldrmodules.not_in_mem_avg; ldrmodules.not_in_init_avg,0.7980572879314423,0.549455295849833
1693,TIBS,Gator,T1014,Rootkit,MEDIUM_CANDIDATE,2,psxview.not_in_pslist_false_avg; psxview.not_in_session_false_avg,0.15724492818117142,0.06517228860156889
1693,TIBS,Gator,T1620,Reflective Code Loading,MEDIUM_CANDIDATE,2,ldrmodules.not_in_init_avg; ldrmodules.not_in_load_avg,0.1614043340086937,0.06689621063923235
1694,TIBS,TIBS,T1620,Reflective Code Loading,MEDIUM_CANDIDATE,3,ldrmodules.not_in_load; ldrmodules.not_in_init_avg; ldrmodules.not_in_load_avg,0.484291210770607,0.09136178453934594
1695,TIBS,TIBS,T1014,Rootkit,MEDIUM_CANDIDATE,1,psxview.not_in_deskthrd_false_avg,0.07899928838014603,0.017486231238247572
1695,TIBS,TIBS,T1620,Reflective Code Loading,MEDIUM_CANDIDATE,4,ldrmodules.not_in_load; ldrmodules.not_in_load_avg; ldrmodules.not_in_init_avg; ldrmodules.not_in_mem_avg,1.316873662173748,0.2914856303201235
1696,TIBS,CWS,T1055,Process Injection,HIGH_CANDIDATE,1,malfind.ninjections,0.30703291296958923,0.11499846835251737
1697,TIBS,TIBS,T1620,Reflective Code Loading,MEDIUM_CANDIDATE,2,ldrmodules.not_in_load; ldrmodules.not_in_load_avg,1.0971521735191345,0.15729701442984045
1698,TIBS,TIBS,T1620,Reflective Code Loading,MEDIUM_CANDIDATE,2,ldrmodules.not_in_load; ldrmodules.not_in_load_avg,1.0561976730823517,0.15452177595435493
1699,TIBS,TIBS,T1620,Reflective Code Loading,MEDIUM_CANDIDATE,3,ldrmodules.not_in_load; ldrmodules.not_in_load_avg; ldrmodules.not_in_init_avg,1.1772251576185226,0.16875263152511333
1700,TIBS,TIBS,T1055,Process Injection,HIGH_CANDIDATE,1,malfind.ninjections,0.21209852397441864,0.038695818800320414
1700,TIBS,TIBS,T1620,Reflective Code Loading,MEDIUM_CANDIDATE,2,ldrmodules.not_in_load; ldrmodules.not_in_load_avg,0.704873338341713,0.12859896649227792
1701,TIBS,Gator,T1620,Reflective Code Loading,MEDIUM_CANDIDATE,5,ldrmodules.not_in_load; ldrmodules.not_in_init_avg; ldrmodules.not_in_mem_avg; ldrmodules.not_in_load_avg; ldrmodules.not_in_mem,0.8221709989011288,0.31061645646170133
1702,TIBS,TIBS,T1620,Reflective Code Loading,MEDIUM_CANDIDATE,2,ldrmodules.not_in_load; ldrmodules.not_in_load_avg,1.0885692834854126,0.162467968588325
1703,TIBS,Pysa,T1055,Process Injection,HIGH_CANDIDATE,1,malfind.uniqueInjections,0.26324132084846497,0.16120231502711055
1704,TIBS,TIBS,T1055,Process Injection,HIGH_CANDIDATE,1,malfind.ninjections,0.4237208962440491,0.07328053573612697
1704,TIBS,TIBS,T1620,Reflective Code Loading,MEDIUM_CANDIDATE,1,ldrmodules.not_in_load,0.4691005051136017,0.0811287256152057
1705,TIBS,TIBS,T1620,Reflective Code Loading,MEDIUM_CANDIDATE,4,ldrmodules.not_in_load; ldrmodules.not_in_init_avg; ldrmodules.not_in_load_avg; ldrmodules.not_in_mem_avg,1.2961707040667534,0.3909913805130352
1706,TIBS,Maze,T1620,Reflective Code Loading,MEDIUM_CANDIDATE,2,ldrmodules.not_in_mem; ldrmodules.not_in_load,0.7328446507453918,0.33076734113527195
1707,TIBS,CWS,T1055,Process Injection,HIGH_CANDIDATE,1,malfind.ninjections,0.04826315864920616,0.02750607242489267
1707,TIBS,CWS,T1620,Reflective Code Loading,MEDIUM_CANDIDATE,1,ldrmodules.not_in_mem_avg,0.09494461864233017,0.05411070534590266
1708,TIBS,Shade,T1055,Process Injection,HIGH_CANDIDATE,1,malfind.uniqueInjections,0.038548119366168976,0.01930665766069608
1708,TIBS,Shade,T1620,Reflective Code Loading,MEDIUM_CANDIDATE,4,ldrmodules.not_in_init_avg; ldrmodules.not_in_load_avg; ldrmodules.not_in_mem; ldrmodules.not_in_mem_avg,0.5147369764745235,0.25780377236294344
1709,TIBS,Gator,T1620,Reflective Code Loading,MEDIUM_CANDIDATE,2,ldrmodules.not_in_mem_avg; ldrmodules.not_in_init_avg,0.15851877629756927,0.08923568248396826
1710,TIBS,TIBS,T1014,Rootkit,MEDIUM_CANDIDATE,1,psxview.not_in_deskthrd_false_avg,0.11285536736249924,0.021827022436142436
1710,TIBS,TIBS,T1055,Process Injection,HIGH_CANDIDATE,1,malfind.uniqueInjections,0.1282842606306076,0.024811078998079186
1710,TIBS,TIBS,T1620,Reflective Code Loading,MEDIUM_CANDIDATE,3,ldrmodules.not_in_load; ldrmodules.not_in_mem; ldrmodules.not_in_init,0.5310800820589066,0.1027146261396159
1711,TIBS,Maze,T1014,Rootkit,MEDIUM_CANDIDATE,2,psxview.not_in_csrss_handles_false_avg; psxview.not_in_ethread_pool_false_avg,0.21326617896556854,0.07277945608442908
1711,TIBS,Maze,T1620,Reflective Code Loading,MEDIUM_CANDIDATE,4,ldrmodules.not_in_mem_avg; ldrmodules.not_in_mem; ldrmodules.not_in_init_avg; ldrmodules.not_in_load_avg,1.43081696331501,0.48828220607475326
1712,TIBS,Shade,T1055,Process Injection,HIGH_CANDIDATE,1,malfind.uniqueInjections,0.0493786595761776,0.027930356221712603
1712,TIBS,Shade,T1620,Reflective Code Loading,MEDIUM_CANDIDATE,2,ldrmodules.not_in_init_avg; ldrmodules.not_in_load_avg,0.18039758503437042,0.10203940031570805
1713,TIBS,TIBS,T1620,Reflective Code Loading,MEDIUM_CANDIDATE,2,ldrmodules.not_in_load; ldrmodules.not_in_load_avg,1.048449069261551,0.15802066324648256
1714,TIBS,TIBS,T1055,Process Injection,HIGH_CANDIDATE,1,malfind.ninjections,0.4053478240966797,0.07015105921098289
1714,TIBS,TIBS,T1620,Reflective Code Loading,MEDIUM_CANDIDATE,1,ldrmodules.not_in_load,0.5629730820655823,0.09743029483921112
1715,TIBS,CWS,T1014,Rootkit,MEDIUM_CANDIDATE,1,psxview.not_in_session_false_avg,0.05756164342164993,0.021401180738876115
1715,TIBS,CWS,T1055,Process Injection,HIGH_CANDIDATE,1,malfind.ninjections,0.32636213302612305,0.12134009003276972
1715,TIBS,CWS,T1620,Reflective Code Loading,MEDIUM_CANDIDATE,2,ldrmodules.not_in_load; ldrmodules.not_in_mem_avg,0.35026299953460693,0.13022633325930394
1716,TIBS,TIBS,T1620,Reflective Code Loading,MEDIUM_CANDIDATE,2,ldrmodules.not_in_load; ldrmodules.not_in_load_avg,1.097489058971405,0.1584714472045035
1717,TIBS,TIBS,T1055,Process Injection,HIGH_CANDIDATE,1,malfind.ninjections,0.06966662406921387,0.025580997278608054
1717,TIBS,TIBS,T1620,Reflective Code Loading,MEDIUM_CANDIDATE,2,ldrmodules.not_in_load_avg; ldrmodules.not_in_mem_avg,0.7410067915916443,0.27209144941921454
1718,TIBS,TIBS,T1620,Reflective Code Loading,MEDIUM_CANDIDATE,1,ldrmodules.not_in_load,0.7514186501502991,0.18779533747315386
1719,TIBS,180solutions,T1014,Rootkit,MEDIUM_CANDIDATE,2,psxview.not_in_pslist_false_avg; psxview.not_in_session_false_avg,0.23412183672189713,0.15698300037715926
1719,TIBS,180solutions,T1055,Process Injection,HIGH_CANDIDATE,1,malfind.uniqueInjections,0.046803418546915054,0.031382553521183444
1719,TIBS,180solutions,T1620,Reflective Code Loading,MEDIUM_CANDIDATE,2,ldrmodules.not_in_load_avg; ldrmodules.not_in_load,0.17580047622323036,0.11787745479734214
1720,TIBS,TIBS,T1620,Reflective Code Loading,MEDIUM_CANDIDATE,2,ldrmodules.not_in_load; ldrmodules.not_in_load_avg,1.0781444013118744,0.15686652867922038
1721,TIBS,TIBS,T1620,Reflective Code Loading,MEDIUM_CANDIDATE,2,ldrmodules.not_in_load; ldrmodules.not_in_load_avg,1.0632938146591187,0.15708566648427955
1722,TIBS,TIBS,T1055,Process Injection,HIGH_CANDIDATE,1,malfind.ninjections,0.10810162127017975,0.022906581032716734
1722,TIBS,TIBS,T1620,Reflective Code Loading,MEDIUM_CANDIDATE,3,ldrmodules.not_in_load_avg; ldrmodules.not_in_mem_avg; ldrmodules.not_in_init_avg,0.8663050085306168,0.1835688090871307
1723,TIBS,TIBS,T1620,Reflective Code Loading,MEDIUM_CANDIDATE,2,ldrmodules.not_in_load; ldrmodules.not_in_load_avg,1.062956154346466,0.1540121446271855
1724,TIBS,Scar,T1014,Rootkit,MEDIUM_CANDIDATE,1,psxview.not_in_session_false_avg,0.037956353276968,0.026985499607534436
1724,TIBS,Scar,T1620,Reflective Code Loading,MEDIUM_CANDIDATE,2,ldrmodules.not_in_mem; ldrmodules.not_in_init_avg,0.26766734570264816,0.190301133507249
1725,TIBS,TIBS,T1620,Reflective Code Loading,MEDIUM_CANDIDATE,3,ldrmodules.not_in_load; ldrmodules.not_in_init_avg; ldrmodules.not_in_load_avg,0.4318709149956703,0.08132775919812214
1726,TIBS,TIBS,T1055,Process Injection,HIGH_CANDIDATE,2,malfind.ninjections; malfind.uniqueInjections,0.8043325841426849,0.13633785821961686
1726,TIBS,TIBS,T1620,Reflective Code Loading,MEDIUM_CANDIDATE,1,ldrmodules.not_in_load,0.08520175516605377,0.014442066683489328
1727,TIBS,TIBS,T1620,Reflective Code Loading,MEDIUM_CANDIDATE,4,ldrmodules.not_in_load; ldrmodules.not_in_load_avg; ldrmodules.not_in_init_avg; ldrmodules.not_in_mem_avg,1.337987408041954,0.230484115618644
1728,TIBS,180solutions,T1055,Process Injection,HIGH_CANDIDATE,2,malfind.ninjections; malfind.uniqueInjections,0.09308541938662529,0.042680099443427676
1729,TIBS,Shade,T1055,Process Injection,HIGH_CANDIDATE,1,malfind.uniqueInjections,0.03753944858908653,0.016644286168092087
1729,TIBS,Shade,T1620,Reflective Code Loading,MEDIUM_CANDIDATE,1,ldrmodules.not_in_init,0.0806250274181366,0.03574762227721871
1730,TIBS,TIBS,T1055,Process Injection,HIGH_CANDIDATE,1,malfind.ninjections,0.11341146379709244,0.03018718633664764
1730,TIBS,TIBS,T1620,Reflective Code Loading,MEDIUM_CANDIDATE,2,ldrmodules.not_in_load_avg; ldrmodules.not_in_mem_avg,0.8689760863780975,0.23129886665177637
1731,TIBS,TIBS,T1014,Rootkit,MEDIUM_CANDIDATE,1,psxview.not_in_session_false_avg,0.08339787274599075,0.016118184321805805
1731,TIBS,TIBS,T1055,Process Injection,HIGH_CANDIDATE,1,malfind.ninjections,0.09044937789440155,0.01748101836044394
1731,TIBS,TIBS,T1620,Reflective Code Loading,MEDIUM_CANDIDATE,2,ldrmodules.not_in_init_avg; ldrmodules.not_in_load,0.43403494358062744,0.08388529578020265
1732,TIBS,TIBS,T1620,Reflective Code Loading,MEDIUM_CANDIDATE,2,ldrmodules.not_in_load; ldrmodules.not_in_load_avg,1.0632211565971375,0.1577701003220498
1733,TIBS,180solutions,T1055,Process Injection,HIGH_CANDIDATE,1,malfind.uniqueInjections,0.04174259677529335,0.020823821032939515
1733,TIBS,180solutions,T1620,Reflective Code Loading,MEDIUM_CANDIDATE,2,ldrmodules.not_in_load; ldrmodules.not_in_load_avg,0.17439376562833786,0.08699853016461948
1734,TIBS,TIBS,T1620,Reflective Code Loading,MEDIUM_CANDIDATE,1,ldrmodules.not_in_load,0.5994730591773987,0.10341669746667181
1735,TIBS,Transponder,T1014,Rootkit,MEDIUM_CANDIDATE,2,psxview.not_in_pslist_false_avg; psxview.not_in_pslist,0.12070122361183167,0.06678771441512031
1735,TIBS,Transponder,T1620,Reflective Code Loading,MEDIUM_CANDIDATE,5,ldrmodules.not_in_load; ldrmodules.not_in_mem_avg; ldrmodules.not_in_load_avg; ldrmodules.not_in_init_avg; ldrmodules.not_in_mem,0.9747724384069443,0.539371692249123
1736,TIBS,TIBS,T1620,Reflective Code Loading,MEDIUM_CANDIDATE,4,ldrmodules.not_in_load_avg; ldrmodules.not_in_mem_avg; ldrmodules.not_in_init_avg; ldrmodules.not_in_load,1.5936380624771118,0.30139978151714225
1737,TIBS,Gator,T1014,Rootkit,MEDIUM_CANDIDATE,2,psxview.not_in_session_false_avg; psxview.not_in_pslist_false_avg,0.17289463430643082,0.08523540360988065
1737,TIBS,Gator,T1620,Reflective Code Loading,MEDIUM_CANDIDATE,3,ldrmodules.not_in_init_avg; ldrmodules.not_in_mem; ldrmodules.not_in_load_avg,0.3488691598176956,0.17198916417150611
1738,TIBS,TIBS,T1055,Process Injection,HIGH_CANDIDATE,1,malfind.uniqueInjections,0.45288756489753723,0.10246027444721306
1738,TIBS,TIBS,T1620,Reflective Code Loading,MEDIUM_CANDIDATE,4,ldrmodules.not_in_load_avg; ldrmodules.not_in_load; ldrmodules.not_in_mem_avg; ldrmodules.not_in_init_avg,0.9981624409556389,0.2258220484953108
1739,TIBS,TIBS,T1620,Reflective Code Loading,MEDIUM_CANDIDATE,2,ldrmodules.not_in_load; ldrmodules.not_in_load_avg,1.0367920696735382,0.15395889504935967
1740,TIBS,Shade,T1014,Rootkit,MEDIUM_CANDIDATE,1,psxview.not_in_session_false_avg,0.07911796867847443,0.038381888519856314
1741,TIBS,TIBS,T1620,Reflective Code Loading,MEDIUM_CANDIDATE,3,ldrmodules.not_in_load; ldrmodules.not_in_init_avg; ldrmodules.not_in_mem_avg,1.230100303888321,0.4032204843303166
1742,TIBS,TIBS,T1620,Reflective Code Loading,MEDIUM_CANDIDATE,2,ldrmodules.not_in_load; ldrmodules.not_in_load_avg,1.0806016325950623,0.15757145068789843
1743,TIBS,Pysa,T1055,Process Injection,HIGH_CANDIDATE,2,malfind.ninjections; malfind.uniqueInjections,1.0834283232688904,0.32351553345472256
1743,TIBS,Pysa,T1620,Reflective Code Loading,MEDIUM_CANDIDATE,3,ldrmodules.not_in_load_avg; ldrmodules.not_in_mem_avg; ldrmodules.not_in_mem,0.5800133049488068,0.17319402652793645
1744,TIBS,TIBS,T1620,Reflective Code Loading,MEDIUM_CANDIDATE,2,ldrmodules.not_in_load; ldrmodules.not_in_load_avg,1.0657232999801636,0.15685105256758475
1745,TIBS,TIBS,T1014,Rootkit,MEDIUM_CANDIDATE,1,psxview.not_in_session_false_avg,0.07344959676265717,0.02250222791900702
1745,TIBS,TIBS,T1620,Reflective Code Loading,MEDIUM_CANDIDATE,3,ldrmodules.not_in_load_avg; ldrmodules.not_in_mem_avg; ldrmodules.not_in_load,1.0237364321947098,0.31363481273662275
1746,TIBS,TIBS,T1620,Reflective Code Loading,MEDIUM_CANDIDATE,4,ldrmodules.not_in_load; ldrmodules.not_in_load_avg; ldrmodules.not_in_mem_avg; ldrmodules.not_in_init_avg,1.7952777221798897,0.43973147969088794
1747,TIBS,TIBS,T1055,Process Injection,HIGH_CANDIDATE,1,malfind.uniqueInjections,0.14222896099090576,0.030685859151726974
1747,TIBS,TIBS,T1620,Reflective Code Loading,MEDIUM_CANDIDATE,3,ldrmodules.not_in_load_avg; ldrmodules.not_in_mem_avg; ldrmodules.not_in_init_avg,0.7129167839884758,0.15381159974705383
1748,TIBS,Gator,T1014,Rootkit,MEDIUM_CANDIDATE,2,psxview.not_in_session_false_avg; psxview.not_in_pslist_false_avg,0.17844630777835846,0.12872825620465242
1748,TIBS,Gator,T1620,Reflective Code Loading,MEDIUM_CANDIDATE,1,ldrmodules.not_in_mem,0.1174732968211174,0.08474332049042237
1749,TIBS,TIBS,T1620,Reflective Code Loading,MEDIUM_CANDIDATE,4,ldrmodules.not_in_load; ldrmodules.not_in_load_avg; ldrmodules.not_in_init_avg; ldrmodules.not_in_mem_avg,1.3377641141414642,0.22391369744780076
1750,Transponder,Gator,T1014,Rootkit,MEDIUM_CANDIDATE,4,psxview.not_in_pslist; psxview.not_in_deskthrd; psxview.not_in_pslist_false_avg; psxview.not_in_session_false_avg,0.4808506816625595,0.24066876521622796
1750,Transponder,Gator,T1620,Reflective Code Loading,MEDIUM_CANDIDATE,2,ldrmodules.not_in_load; ldrmodules.not_in_mem_avg,0.24013013392686844,0.12018662971126391
1751,Transponder,Transponder,T1620,Reflective Code Loading,MEDIUM_CANDIDATE,2,ldrmodules.not_in_init_avg; ldrmodules.not_in_mem_avg,0.23127330094575882,0.14257124067897223
1752,Transponder,CWS,T1620,Reflective Code Loading,MEDIUM_CANDIDATE,3,ldrmodules.not_in_load_avg; ldrmodules.not_in_mem_avg; ldrmodules.not_in_init_avg,0.23953567445278168,0.18179810970291582
1753,Transponder,Transponder,T1055,Process Injection,HIGH_CANDIDATE,1,malfind.uniqueInjections,0.09419324994087219,0.020257732486882223
1753,Transponder,Transponder,T1620,Reflective Code Loading,MEDIUM_CANDIDATE,3,ldrmodules.not_in_load_avg; ldrmodules.not_in_load; ldrmodules.not_in_init,1.0278777778148651,0.22106120199966947
1754,Transponder,Gator,T1014,Rootkit,MEDIUM_CANDIDATE,1,psxview.not_in_pslist_false_avg,0.05126437917351723,0.029918929484077428
1754,Transponder,Gator,T1620,Reflective Code Loading,MEDIUM_CANDIDATE,1,ldrmodules.not_in_mem_avg,0.08170749247074127,0.047686146696101155
1755,Transponder,Transponder,T1055,Process Injection,HIGH_CANDIDATE,2,malfind.ninjections; malfind.uniqueInjections,0.5922142267227173,0.2130266028258868
1755,Transponder,Transponder,T1620,Reflective Code Loading,MEDIUM_CANDIDATE,3,ldrmodules.not_in_load; ldrmodules.not_in_init_avg; ldrmodules.not_in_mem_avg,0.518670879304409,0.18657217340823368
1756,Transponder,TIBS,T1055,Process Injection,HIGH_CANDIDATE,1,malfind.ninjections,0.19456088542938232,0.050389024641872684
1756,Transponder,TIBS,T1620,Reflective Code Loading,MEDIUM_CANDIDATE,1,ldrmodules.not_in_load,0.37424787878990173,0.0969258828407091
1757,Transponder,Transponder,T1055,Process Injection,HIGH_CANDIDATE,2,malfind.uniqueInjections; malfind.ninjections,0.49406254291534424,0.2186173859274642
1757,Transponder,Transponder,T1620,Reflective Code Loading,MEDIUM_CANDIDATE,2,ldrmodules.not_in_mem_avg; ldrmodules.not_in_init_avg,0.1138872355222702,0.05039388246975502
1758,Transponder,Maze,T1620,Reflective Code Loading,MEDIUM_CANDIDATE,4,ldrmodules.not_in_mem; ldrmodules.not_in_load_avg; ldrmodules.not_in_mem_avg; ldrmodules.not_in_load,1.3944798707962036,0.43319792432178267
1759,Transponder,Transponder,T1055,Process Injection,HIGH_CANDIDATE,2,malfind.uniqueInjections; malfind.ninjections,0.538813441991806,0.22202476403747262
1759,Transponder,Transponder,T1620,Reflective Code Loading,MEDIUM_CANDIDATE,1,ldrmodules.not_in_init,0.0819632038474083,0.033773955094187944
1760,Transponder,Gator,T1014,Rootkit,MEDIUM_CANDIDATE,1,psxview.not_in_deskthrd_false_avg,0.16241097450256348,0.04487677788798175
1760,Transponder,Gator,T1620,Reflective Code Loading,MEDIUM_CANDIDATE,4,ldrmodules.not_in_load_avg; ldrmodules.not_in_init_avg; ldrmodules.not_in_load; ldrmodules.not_in_init,1.3769374638795853,0.3804700816642764
1761,Transponder,Transponder,T1620,Reflective Code Loading,MEDIUM_CANDIDATE,2,ldrmodules.not_in_init_avg; ldrmodules.not_in_load_avg,0.2316405437886715,0.12154667568577723
1762,Transponder,Transponder,T1055,Process Injection,HIGH_CANDIDATE,2,malfind.uniqueInjections; malfind.ninjections,0.5028079450130463,0.1975289485839468
1762,Transponder,Transponder,T1620,Reflective Code Loading,MEDIUM_CANDIDATE,2,ldrmodules.not_in_load; ldrmodules.not_in_mem,0.33721916377544403,0.13247711680688118
1763,Transponder,Gator,T1014,Rootkit,MEDIUM_CANDIDATE,2,psxview.not_in_pslist_false_avg; psxview.not_in_session_false_avg,0.13558751344680786,0.0737600123150548
1763,Transponder,Gator,T1620,Reflective Code Loading,MEDIUM_CANDIDATE,1,ldrmodules.not_in_init_avg,0.0864395871758461,0.0470233936187637
1764,Transponder,Transponder,T1014,Rootkit,MEDIUM_CANDIDATE,3,psxview.not_in_pslist_false_avg; psxview.not_in_deskthrd_false_avg; psxview.not_in_session_false_avg,0.42420683056116104,0.1945146535338569
1765,Transponder,Transponder,T1014,Rootkit,MEDIUM_CANDIDATE,2,psxview.not_in_deskthrd_false_avg; psxview.not_in_session_false_avg,0.24578867852687836,0.09323336589411398
1765,Transponder,Transponder,T1055,Process Injection,HIGH_CANDIDATE,2,malfind.uniqueInjections; malfind.ninjections,0.44496457278728485,0.1687854179176864
1765,Transponder,Transponder,T1620,Reflective Code Loading,MEDIUM_CANDIDATE,3,ldrmodules.not_in_load; ldrmodules.not_in_load_avg; ldrmodules.not_in_mem_avg,0.2940012104809284,0.1115215012927591
1766,Transponder,Gator,T1014,Rootkit,MEDIUM_CANDIDATE,1,psxview.not_in_deskthrd_false_avg,0.08836764097213745,0.02804610949574855
1766,Transponder,Gator,T1620,Reflective Code Loading,MEDIUM_CANDIDATE,4,ldrmodules.not_in_load_avg; ldrmodules.not_in_init_avg; ldrmodules.not_in_load; ldrmodules.not_in_mem,1.5502073839306831,0.4920046020527622
1767,Transponder,CWS,T1620,Reflective Code Loading,MEDIUM_CANDIDATE,2,ldrmodules.not_in_init_avg; ldrmodules.not_in_mem_avg,0.1769702136516571,0.09966674793708222
1768,Transponder,CWS,T1620,Reflective Code Loading,MEDIUM_CANDIDATE,2,ldrmodules.not_in_load_avg; ldrmodules.not_in_mem_avg,0.09777083992958069,0.058664968828549345
1769,Transponder,Transponder,T1055,Process Injection,HIGH_CANDIDATE,2,malfind.uniqueInjections; malfind.ninjections,0.5337212979793549,0.19770661888623636
1769,Transponder,Transponder,T1620,Reflective Code Loading,MEDIUM_CANDIDATE,4,ldrmodules.not_in_load; ldrmodules.not_in_init_avg; ldrmodules.not_in_mem_avg; ldrmodules.not_in_mem,0.5552552789449692,0.20568346107707744
1770,Transponder,Transponder,T1014,Rootkit,MEDIUM_CANDIDATE,2,psxview.not_in_pslist_false_avg; psxview.not_in_session_false_avg,0.17050078511238098,0.07069124485901353
1770,Transponder,Transponder,T1620,Reflective Code Loading,MEDIUM_CANDIDATE,3,ldrmodules.not_in_load_avg; ldrmodules.not_in_init_avg; ldrmodules.not_in_mem_avg,0.6000321060419083,0.24877901004103928
1771,Transponder,Transponder,T1620,Reflective Code Loading,MEDIUM_CANDIDATE,3,ldrmodules.not_in_load; ldrmodules.not_in_init_avg; ldrmodules.not_in_mem,0.8105867430567741,0.2678333830939901
1772,Transponder,Transponder,T1055,Process Injection,HIGH_CANDIDATE,2,malfind.uniqueInjections; malfind.ninjections,0.535513624548912,0.1582778861076653
1772,Transponder,Transponder,T1620,Reflective Code Loading,MEDIUM_CANDIDATE,3,ldrmodules.not_in_load; ldrmodules.not_in_mem; ldrmodules.not_in_init_avg,0.6020588837563992,0.17794618673534743
1773,Transponder,Maze,T1620,Reflective Code Loading,MEDIUM_CANDIDATE,3,ldrmodules.not_in_mem; ldrmodules.not_in_load_avg; ldrmodules.not_in_init_avg,0.5848818272352219,0.29507616402666975
1774,Transponder,Transponder,T1014,Rootkit,MEDIUM_CANDIDATE,4,psxview.not_in_pslist_false_avg; psxview.not_in_session_false_avg; psxview.not_in_ethread_pool_false_avg; psxview.not_in_pslist,0.3593546822667122,0.16955778094529486
1774,Transponder,Transponder,T1620,Reflective Code Loading,MEDIUM_CANDIDATE,2,ldrmodules.not_in_mem_avg; ldrmodules.not_in_init_avg,0.17346489429473877,0.08184761184410083
1776,Transponder,Transponder,T1014,Rootkit,MEDIUM_CANDIDATE,3,psxview.not_in_pslist_false_avg; psxview.not_in_ethread_pool_false_avg; psxview.not_in_session_false_avg,0.3555285781621933,0.12111944183501207
1776,Transponder,Transponder,T1620,Reflective Code Loading,MEDIUM_CANDIDATE,3,ldrmodules.not_in_init_avg; ldrmodules.not_in_mem_avg; ldrmodules.not_in_load_avg,0.396833136677742,0.13519084250413793
1777,Transponder,180solutions,T1055,Process Injection,HIGH_CANDIDATE,1,malfind.uniqueInjections,0.04614335298538208,0.030558831045774993
1777,Transponder,180solutions,T1620,Reflective Code Loading,MEDIUM_CANDIDATE,3,ldrmodules.not_in_load_avg; ldrmodules.not_in_load; ldrmodules.not_in_init_avg,0.3763343580067158,0.24923065444963788
1778,Transponder,Transponder,T1055,Process Injection,HIGH_CANDIDATE,1,malfind.ninjections,0.1850515753030777,0.062441786476985665
1778,Transponder,Transponder,T1620,Reflective Code Loading,MEDIUM_CANDIDATE,4,ldrmodules.not_in_load; ldrmodules.not_in_init_avg; ldrmodules.not_in_init; ldrmodules.not_in_load_avg,0.6339136436581612,0.2139009101507095
1779,Transponder,CWS,T1055,Process Injection,HIGH_CANDIDATE,1,malfind.ninjections,0.2935720980167389,0.11894383839558746
1779,Transponder,CWS,T1620,Reflective Code Loading,MEDIUM_CANDIDATE,1,ldrmodules.not_in_mem_avg,0.041101034730672836,0.0166525186348528
1780,Transponder,Transponder,T1014,Rootkit,MEDIUM_CANDIDATE,3,psxview.not_in_deskthrd_false_avg; psxview.not_in_pslist_false_avg; psxview.not_in_ethread_pool_false_avg,0.5268516018986702,0.20714265060272163
1780,Transponder,Transponder,T1055,Process Injection,HIGH_CANDIDATE,2,malfind.ninjections; malfind.uniqueInjections,0.3842041343450546,0.1510578357813657
1780,Transponder,Transponder,T1620,Reflective Code Loading,MEDIUM_CANDIDATE,1,ldrmodules.not_in_init_avg,0.06492393463850021,0.02552619344823279
1781,Transponder,Transponder,T1014,Rootkit,MEDIUM_CANDIDATE,3,psxview.not_in_session_false_avg; psxview.not_in_ethread_pool_false_avg; psxview.not_in_pslist_false_avg,0.38018783926963806,0.19805070064290936
1781,Transponder,Transponder,T1620,Reflective Code Loading,MEDIUM_CANDIDATE,1,ldrmodules.not_in_init_avg,0.17154206335544586,0.08936115869077346
1782,Transponder,CWS,T1055,Process Injection,HIGH_CANDIDATE,1,malfind.ninjections,0.25674837827682495,0.11004610511199112
1782,Transponder,CWS,T1620,Reflective Code Loading,MEDIUM_CANDIDATE,1,ldrmodules.not_in_mem_avg,0.07297266274690628,0.03127714912492897
1783,Transponder,TIBS,T1620,Reflective Code Loading,MEDIUM_CANDIDATE,1,ldrmodules.not_in_load,0.5513274669647217,0.10698167398097799
1784,Transponder,Transponder,T1014,Rootkit,MEDIUM_CANDIDATE,1,psxview.not_in_session_false_avg,0.054100483655929565,0.020408192173966097
1784,Transponder,Transponder,T1055,Process Injection,HIGH_CANDIDATE,1,malfind.ninjections,0.15378320217132568,0.058011258512959955
1784,Transponder,Transponder,T1620,Reflective Code Loading,MEDIUM_CANDIDATE,3,ldrmodules.not_in_load; ldrmodules.not_in_init_avg; ldrmodules.not_in_load_avg,0.40582848340272903,0.15308967904290352
1785,Transponder,CWS,T1014,Rootkit,MEDIUM_CANDIDATE,2,psxview.not_in_csrss_handles_false_avg; psxview.not_in_deskthrd,0.18070706725120544,0.14474660673023693
1785,Transponder,CWS,T1620,Reflective Code Loading,MEDIUM_CANDIDATE,2,ldrmodules.not_in_init_avg; ldrmodules.not_in_load_avg,0.1546289473772049,0.12385799723042915
1786,Transponder,CWS,T1014,Rootkit,MEDIUM_CANDIDATE,1,psxview.not_in_pslist_false_avg,0.12252755463123322,0.0435561756546479
1786,Transponder,CWS,T1055,Process Injection,HIGH_CANDIDATE,1,malfind.ninjections,0.2511785626411438,0.08928912054114278
1786,Transponder,CWS,T1620,Reflective Code Loading,MEDIUM_CANDIDATE,1,ldrmodules.not_in_load_avg,0.22421051561832428,0.0797025014600393
1787,Transponder,Transponder,T1620,Reflective Code Loading,MEDIUM_CANDIDATE,1,ldrmodules.not_in_init_avg,0.04763532429933548,0.02224965470279436
1788,Transponder,Transponder,T1014,Rootkit,MEDIUM_CANDIDATE,3,psxview.not_in_deskthrd_false_avg; psxview.not_in_csrss_handles_false_avg; psxview.not_in_ethread_pool_false_avg,0.5730962976813316,0.2461031216194776
1788,Transponder,Transponder,T1620,Reflective Code Loading,MEDIUM_CANDIDATE,2,ldrmodules.not_in_load; ldrmodules.not_in_init,0.45727603137493134,0.19636675235635992
1789,Transponder,Transponder,T1620,Reflective Code Loading,MEDIUM_CANDIDATE,2,ldrmodules.not_in_init_avg; ldrmodules.not_in_mem_avg,0.19754333049058914,0.13693630204925294
1790,Transponder,Gator,T1620,Reflective Code Loading,MEDIUM_CANDIDATE,2,ldrmodules.not_in_load_avg; ldrmodules.not_in_mem_avg,0.08195649832487106,0.041969907018678455
1791,Transponder,Transponder,T1620,Reflective Code Loading,MEDIUM_CANDIDATE,3,ldrmodules.not_in_load; ldrmodules.not_in_load_avg; ldrmodules.not_in_init,0.7569895088672638,0.1495627665416925
1792,Transponder,Transponder,T1014,Rootkit,MEDIUM_CANDIDATE,2,psxview.not_in_deskthrd_false_avg; psxview.not_in_session_false_avg,0.3709708899259567,0.13468427897618604
1792,Transponder,Transponder,T1620,Reflective Code Loading,MEDIUM_CANDIDATE,3,ldrmodules.not_in_load; ldrmodules.not_in_init_avg; ldrmodules.not_in_load_avg,0.7403613775968552,0.2687947788662089
1793,Transponder,CWS,T1055,Process Injection,HIGH_CANDIDATE,1,malfind.ninjections,0.2671806514263153,0.1082577169545583
1793,Transponder,CWS,T1620,Reflective Code Loading,MEDIUM_CANDIDATE,1,ldrmodules.not_in_mem_avg,0.050515152513980865,0.020468005649290303
1794,Transponder,Transponder,T1055,Process Injection,HIGH_CANDIDATE,2,malfind.uniqueInjections; malfind.ninjections,0.5157890170812607,0.21165665179100185
1794,Transponder,Transponder,T1620,Reflective Code Loading,MEDIUM_CANDIDATE,1,ldrmodules.not_in_init_avg,0.15497247874736786,0.06359374644507486
1795,Transponder,Transponder,T1620,Reflective Code Loading,MEDIUM_CANDIDATE,2,ldrmodules.not_in_load; ldrmodules.not_in_load_avg,0.31416531652212143,0.10059629874429626
1796,Transponder,Transponder,T1620,Reflective Code Loading,MEDIUM_CANDIDATE,3,ldrmodules.not_in_load; ldrmodules.not_in_init_avg; ldrmodules.not_in_mem,0.7400390580296516,0.2856520957368639
1797,Transponder,Transponder,T1055,Process Injection,HIGH_CANDIDATE,2,malfind.uniqueInjections; malfind.ninjections,0.48181238770484924,0.17158727276079197
1797,Transponder,Transponder,T1620,Reflective Code Loading,MEDIUM_CANDIDATE,3,ldrmodules.not_in_mem_avg; ldrmodules.not_in_init_avg; ldrmodules.not_in_load,0.3924998342990875,0.13978049930858047
1798,Transponder,Gator,T1014,Rootkit,MEDIUM_CANDIDATE,1,psxview.not_in_deskthrd_false_avg,0.15079741179943085,0.04558606022779117
1798,Transponder,Gator,T1620,Reflective Code Loading,MEDIUM_CANDIDATE,3,ldrmodules.not_in_load_avg; ldrmodules.not_in_load; ldrmodules.not_in_init,1.3116822391748428,0.39652156387324716
1799,Transponder,Transponder,T1620,Reflective Code Loading,MEDIUM_CANDIDATE,3,ldrmodules.not_in_load_avg; ldrmodules.not_in_init_avg; ldrmodules.not_in_mem_avg,0.589021697640419,0.27650096121118806
1800,Transponder,CWS,T1014,Rootkit,MEDIUM_CANDIDATE,1,psxview.not_in_deskthrd,0.06454288214445114,0.03926666605292663
1800,Transponder,CWS,T1620,Reflective Code Loading,MEDIUM_CANDIDATE,1,ldrmodules.not_in_load_avg,0.06689313799142838,0.040696517159910815
1801,Transponder,CWS,T1620,Reflective Code Loading,MEDIUM_CANDIDATE,1,ldrmodules.not_in_init_avg,0.14680200815200806,0.057229981770778454
1802,Transponder,Transponder,T1014,Rootkit,MEDIUM_CANDIDATE,2,psxview.not_in_pslist_false_avg; psxview.not_in_session_false_avg,0.17050078511238098,0.07069124485901353
1802,Transponder,Transponder,T1620,Reflective Code Loading,MEDIUM_CANDIDATE,3,ldrmodules.not_in_load_avg; ldrmodules.not_in_init_avg; ldrmodules.not_in_mem_avg,0.6000321060419083,0.24877901004103928
1803,Transponder,Gator,T1014,Rootkit,MEDIUM_CANDIDATE,1,psxview.not_in_deskthrd_false_avg,0.15696851909160614,0.044536112890358935
1803,Transponder,Gator,T1620,Reflective Code Loading,MEDIUM_CANDIDATE,4,ldrmodules.not_in_load_avg; ldrmodules.not_in_load; ldrmodules.not_in_init_avg; ldrmodules.not_in_init,1.4928133487701416,0.42355055784314277
1804,Transponder,CWS,T1055,Process Injection,HIGH_CANDIDATE,1,malfind.ninjections,0.2832929193973541,0.11128131827088746
1805,Transponder,180solutions,T1055,Process Injection,HIGH_CANDIDATE,1,malfind.uniqueInjections,0.05525293946266174,0.031236675653270107
1805,Transponder,180solutions,T1620,Reflective Code Loading,MEDIUM_CANDIDATE,3,ldrmodules.not_in_load_avg; ldrmodules.not_in_load; ldrmodules.not_in_init_avg,0.3150079846382141,0.17808649349748398
1806,Transponder,Gator,T1014,Rootkit,MEDIUM_CANDIDATE,2,psxview.not_in_pslist_false_avg; psxview.not_in_session_false_avg,0.17661207169294357,0.09105289015131314
1806,Transponder,Gator,T1620,Reflective Code Loading,MEDIUM_CANDIDATE,1,ldrmodules.not_in_init_avg,0.07864445447921753,0.04054538744755716
1807,Transponder,Transponder,T1014,Rootkit,MEDIUM_CANDIDATE,1,psxview.not_in_session_false_avg,0.08741714805364609,0.030130160052336034
1807,Transponder,Transponder,T1055,Process Injection,HIGH_CANDIDATE,2,malfind.uniqueInjections; malfind.ninjections,0.5553347617387772,0.19140781444330549
1807,Transponder,Transponder,T1620,Reflective Code Loading,MEDIUM_CANDIDATE,2,ldrmodules.not_in_mem_avg; ldrmodules.not_in_init_avg,0.2402457818388939,0.0828057654576225
1808,Transponder,Transponder,T1014,Rootkit,MEDIUM_CANDIDATE,2,psxview.not_in_ethread_pool_false_avg; psxview.not_in_pslist_false_avg,0.18979471176862717,0.14350141026621074
1808,Transponder,Transponder,T1620,Reflective Code Loading,MEDIUM_CANDIDATE,2,ldrmodules.not_in_init_avg; ldrmodules.not_in_mem_avg,0.1654810830950737,0.12511817940150002
1809,Transponder,Transponder,T1055,Process Injection,HIGH_CANDIDATE,2,malfind.uniqueInjections; malfind.ninjections,0.5899674892425537,0.1670371445235585
1809,Transponder,Transponder,T1620,Reflective Code Loading,MEDIUM_CANDIDATE,2,ldrmodules.not_in_load; ldrmodules.not_in_init_avg,0.5269402638077736,0.14919228365269122
1810,Transponder,Gator,T1014,Rootkit,MEDIUM_CANDIDATE,1,psxview.not_in_deskthrd_false_avg,0.12680888175964355,0.033725167935434765
1810,Transponder,Gator,T1620,Reflective Code Loading,MEDIUM_CANDIDATE,4,ldrmodules.not_in_load_avg; ldrmodules.not_in_init_avg; ldrmodules.not_in_load; ldrmodules.not_in_init,1.6054233685135841,0.42696672314496237
1811,Transponder,CWS,T1014,Rootkit,MEDIUM_CANDIDATE,1,psxview.not_in_csrss_handles_false_avg,0.08644165843725204,0.030354451761368934
1811,Transponder,CWS,T1055,Process Injection,HIGH_CANDIDATE,1,malfind.ninjections,0.252567321062088,0.08869036876753666
1811,Transponder,CWS,T1620,Reflective Code Loading,MEDIUM_CANDIDATE,1,ldrmodules.not_in_mem_avg,0.08287793397903442,0.02910303081325858
1812,Transponder,Transponder,T1620,Reflective Code Loading,MEDIUM_CANDIDATE,2,ldrmodules.not_in_load; ldrmodules.not_in_load_avg,0.49579285085201263,0.2030223647881974
1813,Transponder,Transponder,T1055,Process Injection,HIGH_CANDIDATE,2,malfind.ninjections; malfind.uniqueInjections,0.6182363927364349,0.21242662742507462
1813,Transponder,Transponder,T1620,Reflective Code Loading,MEDIUM_CANDIDATE,2,ldrmodules.not_in_init_avg; ldrmodules.not_in_mem_avg,0.21135405451059341,0.07262145923435022
1814,Transponder,Scar,T1620,Reflective Code Loading,MEDIUM_CANDIDATE,1,ldrmodules.not_in_mem,0.22910019755363464,0.13885639290801363
1815,Transponder,Ako,T1014,Rootkit,MEDIUM_CANDIDATE,1,psxview.not_in_csrss_handles_false_avg,0.10905066132545471,0.03919881498544188
1815,Transponder,Ako,T1055,Process Injection,HIGH_CANDIDATE,2,malfind.uniqueInjections; malfind.ninjections,1.1545000672340393,0.4149909224404111
1815,Transponder,Ako,T1620,Reflective Code Loading,MEDIUM_CANDIDATE,1,ldrmodules.not_in_mem,0.10287952423095703,0.03698056836247943
1816,Transponder,Transponder,T1055,Process Injection,HIGH_CANDIDATE,1,malfind.ninjections,0.08507040143013,0.029891073816068724
1816,Transponder,Transponder,T1620,Reflective Code Loading,MEDIUM_CANDIDATE,1,ldrmodules.not_in_init_avg,0.20897051692008972,0.0734256926220184
1817,Transponder,Transponder,T1620,Reflective Code Loading,MEDIUM_CANDIDATE,3,ldrmodules.not_in_init_avg; ldrmodules.not_in_load_avg; ldrmodules.not_in_mem_avg,0.23444361612200737,0.13865732837791578
1818,Transponder,CWS,T1055,Process Injection,HIGH_CANDIDATE,1,malfind.ninjections,0.27474385499954224,0.12285928775035979
1818,Transponder,CWS,T1620,Reflective Code Loading,MEDIUM_CANDIDATE,1,ldrmodules.not_in_load_avg,0.1302902102470398,0.05826285880651492
1819,Transponder,CWS,T1620,Reflective Code Loading,MEDIUM_CANDIDATE,2,ldrmodules.not_in_init_avg; ldrmodules.not_in_mem_avg,0.2230304628610611,0.1053793868575516
1820,Transponder,Pysa,T1055,Process Injection,HIGH_CANDIDATE,2,malfind.ninjections; malfind.uniqueInjections,0.7416047900915146,0.2581897949590138
1820,Transponder,Pysa,T1620,Reflective Code Loading,MEDIUM_CANDIDATE,4,ldrmodules.not_in_init_avg; ldrmodules.not_in_mem_avg; ldrmodules.not_in_load_avg; ldrmodules.not_in_load,0.8484530374407768,0.29538902484995305
1821,Transponder,Refroso,T1620,Reflective Code Loading,MEDIUM_CANDIDATE,3,ldrmodules.not_in_init_avg; ldrmodules.not_in_load_avg; ldrmodules.not_in_mem_avg,0.7568805515766144,0.20343433243114895
1822,Transponder,CWS,T1014,Rootkit,MEDIUM_CANDIDATE,2,psxview.not_in_deskthrd; psxview.not_in_csrss_handles_false_avg,0.1502062827348709,0.12945030021134774
1822,Transponder,CWS,T1620,Reflective Code Loading,MEDIUM_CANDIDATE,2,ldrmodules.not_in_mem_avg; ldrmodules.not_in_load_avg,0.15603601932525635,0.13447446523319656
1823,Transponder,Transponder,T1620,Reflective Code Loading,MEDIUM_CANDIDATE,3,ldrmodules.not_in_load; ldrmodules.not_in_init_avg; ldrmodules.not_in_mem,0.7970421761274338,0.26655339867917777
1824,Transponder,TIBS,T1055,Process Injection,HIGH_CANDIDATE,1,malfind.uniqueInjections,0.1689000427722931,0.042241213660862365
1824,Transponder,TIBS,T1620,Reflective Code Loading,MEDIUM_CANDIDATE,3,ldrmodules.not_in_load; ldrmodules.not_in_load_avg; ldrmodules.not_in_mem_avg,0.9961941912770271,0.24914411500874947
1825,Transponder,Transponder,T1014,Rootkit,MEDIUM_CANDIDATE,1,psxview.not_in_pslist_false_avg,0.04807083681225777,0.020696377700172314
1826,Transponder,Scar,T1055,Process Injection,HIGH_CANDIDATE,1,malfind.ninjections,0.0321882963180542,0.013154404898665746
1826,Transponder,Scar,T1620,Reflective Code Loading,MEDIUM_CANDIDATE,2,ldrmodules.not_in_load; ldrmodules.not_in_mem,0.5162597596645355,0.2109800979962425
1827,Transponder,CWS,T1014,Rootkit,MEDIUM_CANDIDATE,1,psxview.not_in_deskthrd,0.06418536603450775,0.03218263208326424
1827,Transponder,CWS,T1620,Reflective Code Loading,MEDIUM_CANDIDATE,3,ldrmodules.not_in_init_avg; ldrmodules.not_in_mem_avg; ldrmodules.not_in_load_avg,0.38577958196401596,0.19343042064928878
1828,Transponder,Transponder,T1055,Process Injection,HIGH_CANDIDATE,2,malfind.uniqueInjections; malfind.ninjections,0.6239536702632904,0.21468704778147094
1828,Transponder,Transponder,T1620,Reflective Code Loading,MEDIUM_CANDIDATE,2,ldrmodules.not_in_init_avg; ldrmodules.not_in_mem_avg,0.19502019882202148,0.06710163388443259
1829,Transponder,Transponder,T1620,Reflective Code Loading,MEDIUM_CANDIDATE,3,ldrmodules.not_in_load; ldrmodules.not_in_init_avg; ldrmodules.not_in_mem_avg,0.8683936968445778,0.2732755545485632
1830,Transponder,Transponder,T1055,Process Injection,HIGH_CANDIDATE,2,malfind.uniqueInjections; malfind.ninjections,0.47311824560165405,0.20902483776899922
1830,Transponder,Transponder,T1620,Reflective Code Loading,MEDIUM_CANDIDATE,1,ldrmodules.not_in_init_avg,0.1523161232471466,0.06729364856950341
1831,Transponder,Transponder,T1014,Rootkit,MEDIUM_CANDIDATE,3,psxview.not_in_session_false_avg; psxview.not_in_pslist_false_avg; psxview.not_in_ethread_pool_false_avg,0.5605195164680481,0.2744295957943122
1831,Transponder,Transponder,T1620,Reflective Code Loading,MEDIUM_CANDIDATE,3,ldrmodules.not_in_init_avg; ldrmodules.not_in_load_avg; ldrmodules.not_in_mem_avg,0.33846617490053177,0.16571258063107022
1832,Transponder,CWS,T1055,Process Injection,HIGH_CANDIDATE,1,malfind.ninjections,0.3167189955711365,0.12869978233395116
1832,Transponder,CWS,T1620,Reflective Code Loading,MEDIUM_CANDIDATE,1,ldrmodules.not_in_mem_avg,0.06545843183994293,0.026599244274978312
1833,Transponder,Transponder,T1014,Rootkit,MEDIUM_CANDIDATE,5,psxview.not_in_pslist_false_avg; psxview.not_in_session_false_avg; psxview.not_in_deskthrd_false_avg; psxview.not_in_ethread_pool_false_avg; psxview.not_in_pslist,1.313957691192627,0.35801931916460067
1835,Transponder,Gator,T1014,Rootkit,MEDIUM_CANDIDATE,1,psxview.not_in_deskthrd_false_avg,0.11192391812801361,0.029708117174362825
1835,Transponder,Gator,T1620,Reflective Code Loading,MEDIUM_CANDIDATE,5,ldrmodules.not_in_load_avg; ldrmodules.not_in_load; ldrmodules.not_in_init_avg; ldrmodules.not_in_init; ldrmodules.not_in_mem,1.6872398480772972,0.44784635801084133
1836,Transponder,Transponder,T1620,Reflective Code Loading,MEDIUM_CANDIDATE,3,ldrmodules.not_in_load; ldrmodules.not_in_mem; ldrmodules.not_in_init_avg,0.807409942150116,0.27024827448273087
1837,Transponder,Gator,T1620,Reflective Code Loading,MEDIUM_CANDIDATE,5,ldrmodules.not_in_load; ldrmodules.not_in_init_avg; ldrmodules.not_in_mem_avg; ldrmodules.not_in_load_avg; ldrmodules.not_in_mem,0.7341587841510773,0.29594345858927157
1838,Transponder,Transponder,T1055,Process Injection,HIGH_CANDIDATE,2,malfind.uniqueInjections; malfind.ninjections,0.540917694568634,0.19538313942275767
1838,Transponder,Transponder,T1620,Reflective Code Loading,MEDIUM_CANDIDATE,4,ldrmodules.not_in_load; ldrmodules.not_in_init_avg; ldrmodules.not_in_mem_avg; ldrmodules.not_in_load_avg,0.5858274102210999,0.2116048332642942
1839,Transponder,Transponder,T1055,Process Injection,HIGH_CANDIDATE,1,malfind.ninjections,0.07762947678565979,0.026408370008372307
1839,Transponder,Transponder,T1620,Reflective Code Loading,MEDIUM_CANDIDATE,4,ldrmodules.not_in_load; ldrmodules.not_in_load_avg; ldrmodules.not_in_init_avg; ldrmodules.not_in_mem,0.8782828971743584,0.2987785140513817
1840,Transponder,Transponder,T1620,Reflective Code Loading,MEDIUM_CANDIDATE,1,ldrmodules.not_in_init_avg,0.12442490458488464,0.05024749013756254
1841,Transponder,Scar,T1055,Process Injection,HIGH_CANDIDATE,2,malfind.ninjections; malfind.uniqueInjections,0.061097150668501854,0.03992252776637082
1841,Transponder,Scar,T1620,Reflective Code Loading,MEDIUM_CANDIDATE,4,ldrmodules.not_in_mem; ldrmodules.not_in_load; ldrmodules.not_in_mem_avg; ldrmodules.not_in_load_avg,0.33743162266910076,0.22048693233420566
1842,Transponder,Transponder,T1055,Process Injection,HIGH_CANDIDATE,1,malfind.ninjections,0.1059906929731369,0.036674672690940775
1842,Transponder,Transponder,T1620,Reflective Code Loading,MEDIUM_CANDIDATE,2,ldrmodules.not_in_init_avg; ldrmodules.not_in_load_avg,0.25876951962709427,0.08953887523993215
1843,Transponder,Gator,T1014,Rootkit,MEDIUM_CANDIDATE,1,psxview.not_in_deskthrd_false_avg,0.12194203585386276,0.03539657538707383
1843,Transponder,Gator,T1620,Reflective Code Loading,MEDIUM_CANDIDATE,4,ldrmodules.not_in_load_avg; ldrmodules.not_in_init_avg; ldrmodules.not_in_load; ldrmodules.not_in_mem,1.5707648135721684,0.45595183604775774
1844,Transponder,180solutions,T1055,Process Injection,HIGH_CANDIDATE,1,malfind.uniqueInjections,0.04581053555011749,0.029149762208042766
1844,Transponder,180solutions,T1620,Reflective Code Loading,MEDIUM_CANDIDATE,3,ldrmodules.not_in_load_avg; ldrmodules.not_in_load; ldrmodules.not_in_init_avg,0.31445425748825073,0.20009080271635574
1845,Transponder,Gator,T1014,Rootkit,MEDIUM_CANDIDATE,1,psxview.not_in_deskthrd_false_avg,0.10288572311401367,0.03150192712364295
1845,Transponder,Gator,T1620,Reflective Code Loading,MEDIUM_CANDIDATE,4,ldrmodules.not_in_load_avg; ldrmodules.not_in_init_avg; ldrmodules.not_in_load; ldrmodules.not_in_init,1.5392867401242256,0.47130444576890546
1846,Transponder,Gator,T1014,Rootkit,MEDIUM_CANDIDATE,1,psxview.not_in_deskthrd_false_avg,0.1303606629371643,0.035342571603772806
1846,Transponder,Gator,T1620,Reflective Code Loading,MEDIUM_CANDIDATE,4,ldrmodules.not_in_load_avg; ldrmodules.not_in_init_avg; ldrmodules.not_in_load; ldrmodules.not_in_init,1.584061160683632,0.4294608030890591
1847,Transponder,CWS,T1055,Process Injection,HIGH_CANDIDATE,1,malfind.ninjections,0.31083691120147705,0.11675224957025854
1848,Transponder,Transponder,T1620,Reflective Code Loading,MEDIUM_CANDIDATE,3,ldrmodules.not_in_load; ldrmodules.not_in_init_avg; ldrmodules.not_in_mem,0.7734332457184792,0.2790733366313549
1849,Transponder,Transponder,T1620,Reflective Code Loading,MEDIUM_CANDIDATE,3,ldrmodules.not_in_init_avg; ldrmodules.not_in_mem_avg; ldrmodules.not_in_load_avg,0.32514043152332306,0.21716254190748274
1850,Transponder,Transponder,T1620,Reflective Code Loading,MEDIUM_CANDIDATE,3,ldrmodules.not_in_load; ldrmodules.not_in_init_avg; ldrmodules.not_in_mem,0.6817889325320721,0.3029796041991731
1851,Transponder,Transponder,T1014,Rootkit,MEDIUM_CANDIDATE,2,psxview.not_in_deskthrd_false_avg; psxview.not_in_deskthrd,0.346805103123188,0.1143192036011952
1851,Transponder,Transponder,T1055,Process Injection,HIGH_CANDIDATE,2,malfind.uniqueInjections; malfind.ninjections,0.6416347920894623,0.2115054760553245
1851,Transponder,Transponder,T1620,Reflective Code Loading,MEDIUM_CANDIDATE,1,ldrmodules.not_in_init,0.1669040322303772,0.055017460442695516
1852,Transponder,Transponder,T1014,Rootkit,MEDIUM_CANDIDATE,3,psxview.not_in_deskthrd_false_avg; psxview.not_in_ethread_pool_false_avg; psxview.not_in_deskthrd,0.6888146251440048,0.22166636742273926
1852,Transponder,Transponder,T1055,Process Injection,HIGH_CANDIDATE,2,malfind.uniqueInjections; malfind.ninjections,0.43468956649303436,0.13988677598262644
1852,Transponder,Transponder,T1620,Reflective Code Loading,MEDIUM_CANDIDATE,1,ldrmodules.not_in_init,0.11022067070007324,0.03546994328681007
1853,Transponder,Transponder,T1620,Reflective Code Loading,MEDIUM_CANDIDATE,3,ldrmodules.not_in_load; ldrmodules.not_in_init_avg; ldrmodules.not_in_mem,0.7549590654671192,0.27487129949054057
1854,Transponder,Transponder,T1014,Rootkit,MEDIUM_CANDIDATE,3,psxview.not_in_deskthrd_false_avg; psxview.not_in_csrss_handles_false_avg; psxview.not_in_ethread_pool_false_avg,0.5793826058506966,0.24779428247656812
1854,Transponder,Transponder,T1620,Reflective Code Loading,MEDIUM_CANDIDATE,2,ldrmodules.not_in_load; ldrmodules.not_in_init,0.45766276121139526,0.1957363137681885
1855,Transponder,Transponder,T1620,Reflective Code Loading,MEDIUM_CANDIDATE,2,ldrmodules.not_in_load; ldrmodules.not_in_init,0.2348901405930519,0.1100369602812575
1856,Transponder,Transponder,T1620,Reflective Code Loading,MEDIUM_CANDIDATE,3,ldrmodules.not_in_load; ldrmodules.not_in_init_avg; ldrmodules.not_in_mem,0.8086817264556885,0.2595332925809224
1857,Transponder,Gator,T1014,Rootkit,MEDIUM_CANDIDATE,1,psxview.not_in_deskthrd_false_avg,0.11078378558158875,0.03304774368275769
1857,Transponder,Gator,T1620,Reflective Code Loading,MEDIUM_CANDIDATE,5,ldrmodules.not_in_load_avg; ldrmodules.not_in_init_avg; ldrmodules.not_in_load; ldrmodules.not_in_mem; ldrmodules.not_in_init,1.6901724226772785,0.5041927815615926
1858,Transponder,Transponder,T1014,Rootkit,MEDIUM_CANDIDATE,3,psxview.not_in_pslist_false_avg; psxview.not_in_deskthrd_false_avg; psxview.not_in_session_false_avg,0.48870129883289337,0.18706908861521634
1858,Transponder,Transponder,T1620,Reflective Code Loading,MEDIUM_CANDIDATE,3,ldrmodules.not_in_load; ldrmodules.not_in_load_avg; ldrmodules.not_in_init_avg,0.6543626561760902,0.2504823007571965
1859,Transponder,Reconyc,T1055,Process Injection,HIGH_CANDIDATE,1,malfind.uniqueInjections,0.09800621122121811,0.03742528440968615
1859,Transponder,Reconyc,T1620,Reflective Code Loading,MEDIUM_CANDIDATE,3,ldrmodules.not_in_load_avg; ldrmodules.not_in_init_avg; ldrmodules.not_in_mem_avg,0.49591369926929474,0.18937280613695215
1860,Transponder,Transponder,T1055,Process Injection,HIGH_CANDIDATE,2,malfind.uniqueInjections; malfind.ninjections,0.5124024301767349,0.2052328286706676
1860,Transponder,Transponder,T1620,Reflective Code Loading,MEDIUM_CANDIDATE,2,ldrmodules.not_in_init_avg; ldrmodules.not_in_mem_avg,0.18697325140237808,0.07488849976341157
1861,Transponder,Transponder,T1055,Process Injection,HIGH_CANDIDATE,1,malfind.ninjections,0.0608133040368557,0.026052462247115462
1861,Transponder,Transponder,T1620,Reflective Code Loading,MEDIUM_CANDIDATE,3,ldrmodules.not_in_mem_avg; ldrmodules.not_in_load_avg; ldrmodules.not_in_init_avg,0.3488999642431736,0.1494689902222124
1862,Transponder,Transponder,T1014,Rootkit,MEDIUM_CANDIDATE,4,psxview.not_in_deskthrd_false_avg; psxview.not_in_pslist_false_avg; psxview.not_in_session_false_avg; psxview.not_in_pslist,0.74409981071949,0.24442077672291293
1862,Transponder,Transponder,T1620,Reflective Code Loading,MEDIUM_CANDIDATE,2,ldrmodules.not_in_load; ldrmodules.not_in_init_avg,0.2872876226902008,0.0943678023690415
1863,Transponder,Scar,T1014,Rootkit,MEDIUM_CANDIDATE,1,psxview.not_in_csrss_handles_false_avg,0.048936937004327774,0.02364343525380072
1863,Transponder,Scar,T1620,Reflective Code Loading,MEDIUM_CANDIDATE,5,ldrmodules.not_in_load_avg; ldrmodules.not_in_mem_avg; ldrmodules.not_in_load; ldrmodules.not_in_mem; ldrmodules.not_in_init_avg,0.8329468965530396,0.4024307041685999
1864,Transponder,Transponder,T1014,Rootkit,MEDIUM_CANDIDATE,2,psxview.not_in_pslist_false_avg; psxview.not_in_session_false_avg,0.16432977467775345,0.07198129680731676
1864,Transponder,Transponder,T1620,Reflective Code Loading,MEDIUM_CANDIDATE,3,ldrmodules.not_in_load_avg; ldrmodules.not_in_init_avg; ldrmodules.not_in_mem_avg,0.6023944318294525,0.2638665602604327
1865,Transponder,Pysa,T1055,Process Injection,HIGH_CANDIDATE,2,malfind.ninjections; malfind.uniqueInjections,0.8642549514770508,0.2923347850357776
1865,Transponder,Pysa,T1620,Reflective Code Loading,MEDIUM_CANDIDATE,3,ldrmodules.not_in_init_avg; ldrmodules.not_in_load_avg; ldrmodules.not_in_mem_avg,0.7846382707357407,0.2654043923200685
1866,Transponder,Transponder,T1620,Reflective Code Loading,MEDIUM_CANDIDATE,3,ldrmodules.not_in_load; ldrmodules.not_in_init_avg; ldrmodules.not_in_mem_avg,0.8683936968445778,0.2732755545485632
1867,Transponder,Gator,T1014,Rootkit,MEDIUM_CANDIDATE,1,psxview.not_in_deskthrd_false_avg,0.10495699197053909,0.031287221566780994
1867,Transponder,Gator,T1620,Reflective Code Loading,MEDIUM_CANDIDATE,4,ldrmodules.not_in_load_avg; ldrmodules.not_in_init_avg; ldrmodules.not_in_load; ldrmodules.not_in_mem,1.55457117035985,0.46341088607066006
1869,Transponder,Transponder,T1055,Process Injection,HIGH_CANDIDATE,2,malfind.uniqueInjections; malfind.ninjections,0.5966415405273438,0.17262082983229327
1869,Transponder,Transponder,T1620,Reflective Code Loading,MEDIUM_CANDIDATE,2,ldrmodules.not_in_load; ldrmodules.not_in_init_avg,0.5450175926089287,0.1576849460166616
1870,Transponder,Transponder,T1014,Rootkit,MEDIUM_CANDIDATE,1,psxview.not_in_csrss_handles_false_avg,0.06651684641838074,0.02127703591066368
1870,Transponder,Transponder,T1055,Process Injection,HIGH_CANDIDATE,2,malfind.uniqueInjections; malfind.ninjections,0.41091033816337585,0.13143969523409554
1870,Transponder,Transponder,T1620,Reflective Code Loading,MEDIUM_CANDIDATE,2,ldrmodules.not_in_load; ldrmodules.not_in_init_avg,0.4697302170097828,0.1502546683103004
1871,Transponder,Transponder,T1620,Reflective Code Loading,MEDIUM_CANDIDATE,2,ldrmodules.not_in_load; ldrmodules.not_in_init_avg,0.59153201431036,0.2948245170522657
1872,Transponder,Transponder,T1055,Process Injection,HIGH_CANDIDATE,1,malfind.ninjections,0.054191332310438156,0.02291810753210793
1872,Transponder,Transponder,T1620,Reflective Code Loading,MEDIUM_CANDIDATE,1,ldrmodules.not_in_load_avg,0.21433205902576447,0.09064337352312013
1873,Transponder,180solutions,T1620,Reflective Code Loading,MEDIUM_CANDIDATE,4,ldrmodules.not_in_load; ldrmodules.not_in_init_avg; ldrmodules.not_in_load_avg; ldrmodules.not_in_init,0.5346715785562992,0.3212780924908221
1874,Transponder,Ako,T1055,Process Injection,HIGH_CANDIDATE,2,malfind.uniqueInjections; malfind.ninjections,1.033824622631073,0.5102454868718703
1874,Transponder,Ako,T1620,Reflective Code Loading,MEDIUM_CANDIDATE,2,ldrmodules.not_in_mem; ldrmodules.not_in_load,0.12040499225258827,0.059426040499375436
1875,Zeus,Gator,T1014,Rootkit,MEDIUM_CANDIDATE,2,psxview.not_in_session_false_avg; psxview.not_in_pslist_false_avg,0.21567200869321823,0.09524260083010452
1875,Zeus,Gator,T1620,Reflective Code Loading,MEDIUM_CANDIDATE,2,ldrmodules.not_in_init_avg; ldrmodules.not_in_mem_avg,0.3078624904155731,0.13595470484498864
1876,Zeus,Zeus,T1620,Reflective Code Loading,MEDIUM_CANDIDATE,3,ldrmodules.not_in_init_avg; ldrmodules.not_in_mem_avg; ldrmodules.not_in_load,0.40324094146490097,0.12680295701174552
1877,Zeus,Pysa,T1620,Reflective Code Loading,MEDIUM_CANDIDATE,5,ldrmodules.not_in_mem_avg; ldrmodules.not_in_load_avg; ldrmodules.not_in_init_avg; ldrmodules.not_in_mem; ldrmodules.not_in_load,0.847331240773201,0.4569158862268822
1878,Zeus,Zeus,T1014,Rootkit,MEDIUM_CANDIDATE,1,psxview.not_in_session_false_avg,0.05476556345820427,0.022731879514644244
1878,Zeus,Zeus,T1620,Reflective Code Loading,MEDIUM_CANDIDATE,3,ldrmodules.not_in_mem_avg; ldrmodules.not_in_init_avg; ldrmodules.not_in_load,0.2322743460536003,0.09641154249901612
1879,Zeus,Pysa,T1620,Reflective Code Loading,MEDIUM_CANDIDATE,3,ldrmodules.not_in_mem; ldrmodules.not_in_init; ldrmodules.not_in_load,0.42578569799661636,0.23048696915324476
1880,Zeus,Gator,T1014,Rootkit,MEDIUM_CANDIDATE,3,psxview.not_in_session_false_avg; psxview.not_in_pslist_false_avg; psxview.not_in_deskthrd,0.30685266107320786,0.1295615003580497
1880,Zeus,Gator,T1620,Reflective Code Loading,MEDIUM_CANDIDATE,1,ldrmodules.not_in_init_avg,0.07614590227603912,0.032150861297720226
1881,Zeus,Shade,T1014,Rootkit,MEDIUM_CANDIDATE,1,psxview.not_in_session_false_avg,0.04095394164323807,0.016019960100084368
1881,Zeus,Shade,T1055,Process Injection,HIGH_CANDIDATE,1,malfind.uniqueInjections,0.04937879741191864,0.01931551231918347
1881,Zeus,Shade,T1620,Reflective Code Loading,MEDIUM_CANDIDATE,3,ldrmodules.not_in_load_avg; ldrmodules.not_in_init_avg; ldrmodules.not_in_mem_avg,0.4621928036212921,0.18079603514260903
1882,Zeus,Zeus,T1014,Rootkit,MEDIUM_CANDIDATE,1,psxview.not_in_csrss_handles_false_avg,0.06306909024715424,0.017716959695968326
1882,Zeus,Zeus,T1055,Process Injection,HIGH_CANDIDATE,1,malfind.ninjections,0.30577152967453003,0.08589535454196073
1882,Zeus,Zeus,T1620,Reflective Code Loading,MEDIUM_CANDIDATE,3,ldrmodules.not_in_mem_avg; ldrmodules.not_in_init_avg; ldrmodules.not_in_load_avg,0.4176132082939148,0.11731319337020497
1883,Zeus,Zeus,T1014,Rootkit,MEDIUM_CANDIDATE,1,psxview.not_in_session_false_avg,0.07291404902935028,0.02470723886085845
1883,Zeus,Zeus,T1620,Reflective Code Loading,MEDIUM_CANDIDATE,2,ldrmodules.not_in_init_avg; ldrmodules.not_in_load,0.2146638184785843,0.07273975740668866
1884,Zeus,Scar,T1014,Rootkit,MEDIUM_CANDIDATE,1,psxview.not_in_ethread_pool_false_avg,0.05250158533453941,0.0340913882414924
1884,Zeus,Scar,T1620,Reflective Code Loading,MEDIUM_CANDIDATE,1,ldrmodules.not_in_mem,0.1385340839624405,0.08995574535415116
1885,Zeus,Maze,T1620,Reflective Code Loading,MEDIUM_CANDIDATE,2,ldrmodules.not_in_mem; ldrmodules.not_in_load,0.6024335324764252,0.3081784356437704
1886,Zeus,Zeus,T1014,Rootkit,MEDIUM_CANDIDATE,1,psxview.not_in_session_false_avg,0.051614537835121155,0.018322619437500822
1886,Zeus,Zeus,T1620,Reflective Code Loading,MEDIUM_CANDIDATE,1,ldrmodules.not_in_load,0.083437979221344,0.029619607266279
1887,Zeus,Conti,T1014,Rootkit,MEDIUM_CANDIDATE,2,psxview.not_in_deskthrd_false_avg; psxview.not_in_csrss_handles_false_avg,0.16206246241927147,0.07544301457497012
1887,Zeus,Conti,T1055,Process Injection,HIGH_CANDIDATE,1,malfind.uniqueInjections,0.5544818043708801,0.25812133312207197
1887,Zeus,Conti,T1620,Reflective Code Loading,MEDIUM_CANDIDATE,4,ldrmodules.not_in_load_avg; ldrmodules.not_in_mem_avg; ldrmodules.not_in_init_avg; ldrmodules.not_in_mem,0.7117336429655552,0.33132491508633183
1888,Zeus,Zeus,T1620,Reflective Code Loading,MEDIUM_CANDIDATE,2,ldrmodules.not_in_init; ldrmodules.not_in_load_avg,0.2571863830089569,0.08564985478753687
1889,Zeus,Shade,T1055,Process Injection,HIGH_CANDIDATE,1,malfind.uniqueInjections,0.06261944025754929,0.030780671252802795
1889,Zeus,Shade,T1620,Reflective Code Loading,MEDIUM_CANDIDATE,3,ldrmodules.not_in_init_avg; ldrmodules.not_in_init; ldrmodules.not_in_mem,0.32386448234319687,0.15919602795017448
1890,Zeus,Zeus,T1620,Reflective Code Loading,MEDIUM_CANDIDATE,3,ldrmodules.not_in_init_avg; ldrmodules.not_in_mem_avg; ldrmodules.not_in_load,0.2946818992495537,0.13560001986300343
1891,Zeus,Zeus,T1055,Process Injection,HIGH_CANDIDATE,2,malfind.uniqueInjections; malfind.ninjections,0.4709232300519943,0.07211631723621537
1891,Zeus,Zeus,T1620,Reflective Code Loading,MEDIUM_CANDIDATE,1,ldrmodules.not_in_mem_avg,0.11858408153057098,0.018159748122596714
1892,Zeus,Zeus,T1014,Rootkit,MEDIUM_CANDIDATE,1,psxview.not_in_ethread_pool_false_avg,0.04626263305544853,0.023913932457394725
1892,Zeus,Zeus,T1620,Reflective Code Loading,MEDIUM_CANDIDATE,1,ldrmodules.not_in_load,0.06619977951049805,0.03421977849836254
1893,Zeus,Zeus,T1620,Reflective Code Loading,MEDIUM_CANDIDATE,2,ldrmodules.not_in_init_avg; ldrmodules.not_in_load,0.23851924017071724,0.08231614530990895
1894,Zeus,Zeus,T1620,Reflective Code Loading,MEDIUM_CANDIDATE,2,ldrmodules.not_in_init_avg; ldrmodules.not_in_load,0.2994072958827019,0.10756977753123499
1895,Zeus,Maze,T1620,Reflective Code Loading,MEDIUM_CANDIDATE,3,ldrmodules.not_in_mem; ldrmodules.not_in_mem_avg; ldrmodules.not_in_load_avg,1.211211770772934,0.42887341021211417
1896,Zeus,180solutions,T1620,Reflective Code Loading,MEDIUM_CANDIDATE,2,ldrmodules.not_in_load_avg; ldrmodules.not_in_init_avg,0.22151988744735718,0.09324198267382156
1897,Zeus,Zeus,T1014,Rootkit,MEDIUM_CANDIDATE,1,psxview.not_in_pslist_false_avg,0.05295713618397713,0.014970906319523214
1897,Zeus,Zeus,T1620,Reflective Code Loading,MEDIUM_CANDIDATE,2,ldrmodules.not_in_init_avg; ldrmodules.not_in_load,0.3785039931535721,0.1070025350952054
1898,Zeus,Zeus,T1014,Rootkit,MEDIUM_CANDIDATE,1,psxview.not_in_ethread_pool_false_avg,0.05230623111128807,0.013881952725382191
1898,Zeus,Zeus,T1620,Reflective Code Loading,MEDIUM_CANDIDATE,4,ldrmodules.not_in_load_avg; ldrmodules.not_in_init_avg; ldrmodules.not_in_load; ldrmodules.not_in_mem_avg,1.2195389606058598,0.323662818716043
1899,Zeus,Pysa,T1620,Reflective Code Loading,MEDIUM_CANDIDATE,3,ldrmodules.not_in_mem; ldrmodules.not_in_load; ldrmodules.not_in_init,0.4856531471014023,0.20036866912300788
1900,Zeus,Zeus,T1014,Rootkit,MEDIUM_CANDIDATE,2,psxview.not_in_ethread_pool_false_avg; psxview.not_in_session_false_avg,0.08481145650148392,0.043082263076579065
1900,Zeus,Zeus,T1620,Reflective Code Loading,MEDIUM_CANDIDATE,1,ldrmodules.not_in_load,0.0691394954919815,0.03512126847763052
1901,Zeus,Refroso,T1620,Reflective Code Loading,MEDIUM_CANDIDATE,3,ldrmodules.not_in_load_avg; ldrmodules.not_in_init; ldrmodules.not_in_mem_avg,0.3173297345638275,0.1000860530975877
1902,Zeus,Zeus,T1014,Rootkit,MEDIUM_CANDIDATE,1,psxview.not_in_ethread_pool_false_avg,0.04594164714217186,0.023722437505250202
1902,Zeus,Zeus,T1620,Reflective Code Loading,MEDIUM_CANDIDATE,2,ldrmodules.not_in_init_avg; ldrmodules.not_in_init,0.13439484685659409,0.06939614824250957
1903,Zeus,Zeus,T1055,Process Injection,HIGH_CANDIDATE,1,malfind.ninjections,0.30566421151161194,0.09165439970231322
1903,Zeus,Zeus,T1620,Reflective Code Loading,MEDIUM_CANDIDATE,2,ldrmodules.not_in_load; ldrmodules.not_in_load_avg,0.16169414669275284,0.04848451140947208
1904,Zeus,Zeus,T1014,Rootkit,MEDIUM_CANDIDATE,1,psxview.not_in_csrss_handles_false_avg,0.03869779035449028,0.014825059412645893
1904,Zeus,Zeus,T1620,Reflective Code Loading,MEDIUM_CANDIDATE,3,ldrmodules.not_in_init_avg; ldrmodules.not_in_mem_avg; ldrmodules.not_in_load,0.28543318435549736,0.10934898033318714
1905,Zeus,Zeus,T1014,Rootkit,MEDIUM_CANDIDATE,1,psxview.not_in_csrss_handles_false_avg,0.03869779035449028,0.014825059412645893
1905,Zeus,Zeus,T1620,Reflective Code Loading,MEDIUM_CANDIDATE,3,ldrmodules.not_in_init_avg; ldrmodules.not_in_mem_avg; ldrmodules.not_in_load,0.28543318435549736,0.10934898033318714
1906,Zeus,CWS,T1014,Rootkit,MEDIUM_CANDIDATE,3,psxview.not_in_csrss_handles_false_avg; psxview.not_in_deskthrd; psxview.not_in_deskthrd_false_avg,0.24272482842206955,0.12381344392550077
1906,Zeus,CWS,T1620,Reflective Code Loading,MEDIUM_CANDIDATE,2,ldrmodules.not_in_init_avg; ldrmodules.not_in_mem_avg,0.18948572874069214,0.0966562868851746
1907,Zeus,Zeus,T1014,Rootkit,MEDIUM_CANDIDATE,1,psxview.not_in_ethread_pool_false_avg,0.07019516825675964,0.022539405932726294
1907,Zeus,Zeus,T1055,Process Injection,HIGH_CANDIDATE,2,malfind.uniqueInjections; malfind.ninjections,0.8914323449134827,0.2862355911744996
1907,Zeus,Zeus,T1620,Reflective Code Loading,MEDIUM_CANDIDATE,3,ldrmodules.not_in_load_avg; ldrmodules.not_in_mem_avg; ldrmodules.not_in_load,0.5362745299935341,0.17219574542072966
1908,Zeus,Zeus,T1014,Rootkit,MEDIUM_CANDIDATE,1,psxview.not_in_session_false_avg,0.0577864870429039,0.019912866352346528
1908,Zeus,Zeus,T1620,Reflective Code Loading,MEDIUM_CANDIDATE,2,ldrmodules.not_in_init_avg; ldrmodules.not_in_load,0.30221864581108093,0.10414267783322906
1909,Zeus,Zeus,T1014,Rootkit,MEDIUM_CANDIDATE,2,psxview.not_in_csrss_handles_false_avg; psxview.not_in_ethread_pool_false_avg,0.294834204018116,0.04642092054573635
1909,Zeus,Zeus,T1055,Process Injection,HIGH_CANDIDATE,2,malfind.uniqueInjections; malfind.ninjections,0.7768407762050629,0.12231167027923118
1909,Zeus,Zeus,T1620,Reflective Code Loading,MEDIUM_CANDIDATE,1,ldrmodules.not_in_init_avg,0.1474258303642273,0.02321183453093012
1910,Zeus,Gator,T1014,Rootkit,MEDIUM_CANDIDATE,3,psxview.not_in_session_false_avg; psxview.not_in_pslist_false_avg; psxview.not_in_deskthrd,0.24789975583553314,0.11907239804163451
1910,Zeus,Gator,T1620,Reflective Code Loading,MEDIUM_CANDIDATE,3,ldrmodules.not_in_init_avg; ldrmodules.not_in_mem; ldrmodules.not_in_load_avg,0.33446596562862396,0.16065229453930216
1911,Zeus,Zeus,T1620,Reflective Code Loading,MEDIUM_CANDIDATE,3,ldrmodules.not_in_init_avg; ldrmodules.not_in_mem_avg; ldrmodules.not_in_load,0.25854915007948875,0.09562124476943093
1912,Zeus,Maze,T1620,Reflective Code Loading,MEDIUM_CANDIDATE,2,ldrmodules.not_in_mem; ldrmodules.not_in_load,0.6521983295679092,0.42054577579988733
1913,Zeus,Maze,T1620,Reflective Code Loading,MEDIUM_CANDIDATE,4,ldrmodules.not_in_mem; ldrmodules.not_in_mem_avg; ldrmodules.not_in_load_avg; ldrmodules.not_in_load,1.3565932214260101,0.4405347941037252
1914,Zeus,180solutions,T1055,Process Injection,HIGH_CANDIDATE,1,malfind.uniqueInjections,0.05091138556599617,0.04510177897424095
1914,Zeus,180solutions,T1620,Reflective Code Loading,MEDIUM_CANDIDATE,1,ldrmodules.not_in_mem_avg,0.0389888696372509,0.034539766719868414
1915,Zeus,Zeus,T1014,Rootkit,MEDIUM_CANDIDATE,1,psxview.not_in_session_false_avg,0.07230735570192337,0.03290933300863006
1915,Zeus,Zeus,T1620,Reflective Code Loading,MEDIUM_CANDIDATE,2,ldrmodules.not_in_init_avg; ldrmodules.not_in_load,0.18824627250432968,0.08567675044039147
1916,Zeus,Zeus,T1620,Reflective Code Loading,MEDIUM_CANDIDATE,1,ldrmodules.not_in_load,0.08163683116436005,0.030193296302932878
1917,Zeus,Refroso,T1620,Reflective Code Loading,MEDIUM_CANDIDATE,1,ldrmodules.not_in_init,0.19782693684101105,0.07082485189159157
1918,Zeus,Shade,T1055,Process Injection,HIGH_CANDIDATE,1,malfind.uniqueInjections,0.038521695882081985,0.020579137990604627
1918,Zeus,Shade,T1620,Reflective Code Loading,MEDIUM_CANDIDATE,3,ldrmodules.not_in_init_avg; ldrmodules.not_in_init; ldrmodules.not_in_mem,0.3150278180837631,0.16829479571901093
1919,Zeus,Zeus,T1055,Process Injection,HIGH_CANDIDATE,1,malfind.ninjections,0.3132217228412628,0.12336942419732186
1919,Zeus,Zeus,T1620,Reflective Code Loading,MEDIUM_CANDIDATE,1,ldrmodules.not_in_init_avg,0.12839634716510773,0.05057179072738324
1920,Zeus,Zeus,T1014,Rootkit,MEDIUM_CANDIDATE,1,psxview.not_in_session_false_avg,0.05610504373908043,0.010346467994838019
1920,Zeus,Zeus,T1055,Process Injection,HIGH_CANDIDATE,2,malfind.ninjections; malfind.uniqueInjections,0.4286632239818573,0.0790508309398755
1920,Zeus,Zeus,T1620,Reflective Code Loading,MEDIUM_CANDIDATE,1,ldrmodules.not_in_load_avg,0.07720211148262024,0.014237029727729411
1921,Zeus,Maze,T1620,Reflective Code Loading,MEDIUM_CANDIDATE,2,ldrmodules.not_in_mem; ldrmodules.not_in_load,0.4304014593362808,0.3721940858248321
1922,Zeus,Zeus,T1014,Rootkit,MEDIUM_CANDIDATE,1,psxview.not_in_session_false_avg,0.04657681658864021,0.022661980335843372
1922,Zeus,Zeus,T1620,Reflective Code Loading,MEDIUM_CANDIDATE,3,ldrmodules.not_in_load; ldrmodules.not_in_init_avg; ldrmodules.not_in_mem_avg,0.1606399305164814,0.07815946243530139
1923,Zeus,Zeus,T1620,Reflective Code Loading,MEDIUM_CANDIDATE,3,ldrmodules.not_in_init_avg; ldrmodules.not_in_load; ldrmodules.not_in_mem_avg,0.3207603357732296,0.11581843147975623
1924,Zeus,Zeus,T1055,Process Injection,HIGH_CANDIDATE,2,malfind.uniqueInjections; malfind.ninjections,0.47018730640411377,0.24925741736015417
1925,Zeus,TIBS,T1014,Rootkit,MEDIUM_CANDIDATE,1,psxview.not_in_deskthrd_false_avg,0.061614491045475006,0.019156743685687466
1925,Zeus,TIBS,T1620,Reflective Code Loading,MEDIUM_CANDIDATE,1,ldrmodules.not_in_load,0.7885523438453674,0.24517114200691253
1926,Zeus,Transponder,T1014,Rootkit,MEDIUM_CANDIDATE,5,psxview.not_in_pslist_false_avg; psxview.not_in_session_false_avg; psxview.not_in_deskthrd_false_avg; psxview.not_in_ethread_pool_false_avg; psxview.not_in_pslist,0.8224723637104034,0.4455232356535171
1926,Zeus,Transponder,T1620,Reflective Code Loading,MEDIUM_CANDIDATE,3,ldrmodules.not_in_load_avg; ldrmodules.not_in_mem_avg; ldrmodules.not_in_init_avg,0.23968610912561417,0.12983503834354415
1927,Zeus,Zeus,T1620,Reflective Code Loading,MEDIUM_CANDIDATE,3,ldrmodules.not_in_init_avg; ldrmodules.not_in_load; ldrmodules.not_in_mem_avg,0.25965966656804085,0.10918438913823723
1928,Zeus,Conti,T1014,Rootkit,MEDIUM_CANDIDATE,2,psxview.not_in_csrss_handles_false_avg; psxview.not_in_deskthrd_false_avg,0.1951940581202507,0.1138589184878583
1928,Zeus,Conti,T1055,Process Injection,HIGH_CANDIDATE,1,malfind.uniqueInjections,0.551870584487915,0.3219124009212721
1928,Zeus,Conti,T1620,Reflective Code Loading,MEDIUM_CANDIDATE,3,ldrmodules.not_in_mem_avg; ldrmodules.not_in_load_avg; ldrmodules.not_in_mem,0.35184186697006226,0.20523337051213283
1929,Zeus,Zeus,T1014,Rootkit,MEDIUM_CANDIDATE,2,psxview.not_in_ethread_pool_false_avg; psxview.not_in_session_false_avg,0.11131161078810692,0.04288343569147385
1929,Zeus,Zeus,T1620,Reflective Code Loading,MEDIUM_CANDIDATE,3,ldrmodules.not_in_init_avg; ldrmodules.not_in_mem_avg; ldrmodules.not_in_load,0.3971095383167267,0.15298872443139352
1930,Zeus,Pysa,T1620,Reflective Code Loading,MEDIUM_CANDIDATE,5,ldrmodules.not_in_load_avg; ldrmodules.not_in_mem_avg; ldrmodules.not_in_init_avg; ldrmodules.not_in_mem; ldrmodules.not_in_load,1.2160890325903893,0.34370740711481274
1931,Zeus,Zeus,T1055,Process Injection,HIGH_CANDIDATE,2,malfind.uniqueInjections; malfind.ninjections,0.5749138295650482,0.20622945168033868
1931,Zeus,Zeus,T1620,Reflective Code Loading,MEDIUM_CANDIDATE,1,ldrmodules.not_in_load,0.08232243359088898,0.029530182554982777
1932,Zeus,Maze,T1620,Reflective Code Loading,MEDIUM_CANDIDATE,3,ldrmodules.not_in_mem_avg; ldrmodules.not_in_mem; ldrmodules.not_in_load_avg,1.2263040095567703,0.42178133837295934
1933,Zeus,Ako,T1014,Rootkit,MEDIUM_CANDIDATE,1,psxview.not_in_pspcid_list_false_avg,0.04365592077374458,0.03959547368626555
1933,Zeus,Ako,T1620,Reflective Code Loading,MEDIUM_CANDIDATE,3,ldrmodules.not_in_init_avg; ldrmodules.not_in_load_avg; ldrmodules.not_in_init,0.5700121968984604,0.5169952332494916
1934,Zeus,Zeus,T1014,Rootkit,MEDIUM_CANDIDATE,2,psxview.not_in_pslist_false_avg; psxview.not_in_ethread_pool_false_avg,0.1945055015385151,0.05954869229864944
1934,Zeus,Zeus,T1620,Reflective Code Loading,MEDIUM_CANDIDATE,2,ldrmodules.not_in_load; ldrmodules.not_in_mem_avg,0.14519480615854263,0.04445201172669675
1935,Zeus,Scar,T1055,Process Injection,HIGH_CANDIDATE,2,malfind.ninjections; malfind.uniqueInjections,0.07916384749114513,0.03158232796584141
1935,Zeus,Scar,T1620,Reflective Code Loading,MEDIUM_CANDIDATE,5,ldrmodules.not_in_load_avg; ldrmodules.not_in_mem_avg; ldrmodules.not_in_mem; ldrmodules.not_in_init_avg; ldrmodules.not_in_load,0.909659318625927,0.3629075625870932
1936,Zeus,Zeus,T1014,Rootkit,MEDIUM_CANDIDATE,2,psxview.not_in_csrss_handles_false_avg; psxview.not_in_ethread_pool_false_avg,0.3434326574206352,0.1496931979199304
1936,Zeus,Zeus,T1055,Process Injection,HIGH_CANDIDATE,2,malfind.uniqueInjections; malfind.ninjections,0.6081518232822418,0.2650772699710218
1936,Zeus,Zeus,T1620,Reflective Code Loading,MEDIUM_CANDIDATE,1,ldrmodules.not_in_load,0.04368232190608978,0.019039966984507037
1937,Zeus,Maze,T1620,Reflective Code Loading,MEDIUM_CANDIDATE,2,ldrmodules.not_in_mem; ldrmodules.not_in_load,0.6668297648429871,0.2921109019740018
1938,Zeus,Zeus,T1014,Rootkit,MEDIUM_CANDIDATE,1,psxview.not_in_session_false_avg,0.072847880423069,0.02693506968206383
1938,Zeus,Zeus,T1620,Reflective Code Loading,MEDIUM_CANDIDATE,3,ldrmodules.not_in_init_avg; ldrmodules.not_in_load; ldrmodules.not_in_mem_avg,0.2653484493494034,0.09811100792152139
1939,Zeus,CWS,T1620,Reflective Code Loading,MEDIUM_CANDIDATE,2,ldrmodules.not_in_init_avg; ldrmodules.not_in_mem_avg,0.16856247559189796,0.10991064869555912
1940,Zeus,Scar,T1620,Reflective Code Loading,MEDIUM_CANDIDATE,3,ldrmodules.not_in_load_avg; ldrmodules.not_in_mem_avg; ldrmodules.not_in_init_avg,0.9143285267055035,0.41238185178939
1941,Zeus,Zeus,T1014,Rootkit,MEDIUM_CANDIDATE,2,psxview.not_in_session_false_avg; psxview.not_in_csrss_handles_false_avg,0.07658935710787773,0.02837809345741038
1941,Zeus,Zeus,T1620,Reflective Code Loading,MEDIUM_CANDIDATE,1,ldrmodules.not_in_load,0.07451458275318146,0.027609342513885967
1942,Zeus,Gator,T1014,Rootkit,MEDIUM_CANDIDATE,2,psxview.not_in_session_false_avg; psxview.not_in_pslist_false_avg,0.21564429253339767,0.091687197113399
1942,Zeus,Gator,T1620,Reflective Code Loading,MEDIUM_CANDIDATE,2,ldrmodules.not_in_init_avg; ldrmodules.not_in_mem_avg,0.31675873696804047,0.1346788287906209
1943,Zeus,Refroso,T1620,Reflective Code Loading,MEDIUM_CANDIDATE,1,ldrmodules.not_in_init,0.19948019087314606,0.07082185615307857
1944,Zeus,Shade,T1014,Rootkit,MEDIUM_CANDIDATE,2,psxview.not_in_session_false_avg; psxview.not_in_csrss_handles_false_avg,0.2247016504406929,0.14646739701867229
1944,Zeus,Shade,T1055,Process Injection,HIGH_CANDIDATE,1,malfind.uniqueInjections,0.049100302159786224,0.032005076224717405
1945,Zeus,Conti,T1014,Rootkit,MEDIUM_CANDIDATE,2,psxview.not_in_csrss_handles_false_avg; psxview.not_in_deskthrd_false_avg,0.16348989307880402,0.07423055288621955
1945,Zeus,Conti,T1055,Process Injection,HIGH_CANDIDATE,1,malfind.uniqueInjections,0.4860111474990845,0.22066731776705958
1945,Zeus,Conti,T1620,Reflective Code Loading,MEDIUM_CANDIDATE,2,ldrmodules.not_in_mem; ldrmodules.not_in_init_avg,0.08138198405504227,0.036950477840678786
1946,Zeus,TIBS,T1055,Process Injection,HIGH_CANDIDATE,1,malfind.uniqueInjections,0.1732071042060852,0.0484462651752
1946,Zeus,TIBS,T1620,Reflective Code Loading,MEDIUM_CANDIDATE,3,ldrmodules.not_in_load_avg; ldrmodules.not_in_init_avg; ldrmodules.not_in_mem_avg,0.6717988029122353,0.18790304877763
1947,Zeus,Ako,T1055,Process Injection,HIGH_CANDIDATE,2,malfind.uniqueInjections; malfind.ninjections,1.1364599168300629,0.5956186570712595
1949,Zeus,Zeus,T1620,Reflective Code Loading,MEDIUM_CANDIDATE,1,ldrmodules.not_in_load,0.08469057828187943,0.030455192297740626
1950,Zeus,Zeus,T1055,Process Injection,HIGH_CANDIDATE,2,malfind.uniqueInjections; malfind.ninjections,1.0037713646888733,0.42779761250201964
1950,Zeus,Zeus,T1620,Reflective Code Loading,MEDIUM_CANDIDATE,1,ldrmodules.not_in_mem,0.09432215243577957,0.040199185828124415
1951,Zeus,Zeus,T1014,Rootkit,MEDIUM_CANDIDATE,1,psxview.not_in_csrss_handles_false_avg,0.09772615879774094,0.04236236598309553
1951,Zeus,Zeus,T1055,Process Injection,HIGH_CANDIDATE,2,malfind.uniqueInjections; malfind.ninjections,0.7621446251869202,0.3303746912946691
1951,Zeus,Zeus,T1620,Reflective Code Loading,MEDIUM_CANDIDATE,2,ldrmodules.not_in_init_avg; ldrmodules.not_in_load,0.2273794785141945,0.09856452770029857
1952,Zeus,Zeus,T1014,Rootkit,MEDIUM_CANDIDATE,2,psxview.not_in_csrss_handles_false_avg; psxview.not_in_ethread_pool_false_avg,0.48308563232421875,0.16724080105392364
1952,Zeus,Zeus,T1055,Process Injection,HIGH_CANDIDATE,2,malfind.uniqueInjections; malfind.ninjections,0.8439494371414185,0.2921692769819576
1952,Zeus,Zeus,T1620,Reflective Code Loading,MEDIUM_CANDIDATE,2,ldrmodules.not_in_load_avg; ldrmodules.not_in_mem_avg,0.4926091432571411,0.17053777262727568
1953,Zeus,Shade,T1055,Process Injection,HIGH_CANDIDATE,1,malfind.uniqueInjections,0.06373541057109833,0.028807623216210075
1953,Zeus,Shade,T1620,Reflective Code Loading,MEDIUM_CANDIDATE,3,ldrmodules.not_in_init_avg; ldrmodules.not_in_init; ldrmodules.not_in_mem,0.32564928010106087,0.14718947721089037
1954,Zeus,Gator,T1014,Rootkit,MEDIUM_CANDIDATE,1,psxview.not_in_deskthrd_false_avg,0.08053979277610779,0.022635721101267454
1954,Zeus,Gator,T1620,Reflective Code Loading,MEDIUM_CANDIDATE,4,ldrmodules.not_in_load_avg; ldrmodules.not_in_load; ldrmodules.not_in_init_avg; ldrmodules.not_in_init,1.4306738004088402,0.40209109083468775
1956,Zeus,Shade,T1055,Process Injection,HIGH_CANDIDATE,1,malfind.uniqueInjections,0.06362137943506241,0.03195731363780818
1956,Zeus,Shade,T1620,Reflective Code Loading,MEDIUM_CANDIDATE,3,ldrmodules.not_in_init_avg; ldrmodules.not_in_init; ldrmodules.not_in_mem,0.3279651366174221,0.16473840753244406
1957,Zeus,Maze,T1014,Rootkit,MEDIUM_CANDIDATE,1,psxview.not_in_csrss_handles_false_avg,0.05888656899333,0.019611569233609412
1957,Zeus,Maze,T1620,Reflective Code Loading,MEDIUM_CANDIDATE,4,ldrmodules.not_in_mem; ldrmodules.not_in_mem_avg; ldrmodules.not_in_load_avg; ldrmodules.not_in_load,1.3366508036851883,0.44515787259741574
1958,Zeus,Shade,T1055,Process Injection,HIGH_CANDIDATE,1,malfind.uniqueInjections,0.06434352695941925,0.027553568897738842
1958,Zeus,Shade,T1620,Reflective Code Loading,MEDIUM_CANDIDATE,2,ldrmodules.not_in_init_avg; ldrmodules.not_in_init,0.2728930339217186,0.11685988268279603
1959,Zeus,Zeus,T1055,Process Injection,HIGH_CANDIDATE,2,malfind.uniqueInjections; malfind.ninjections,0.660121351480484,0.11963232302182301
1959,Zeus,Zeus,T1620,Reflective Code Loading,MEDIUM_CANDIDATE,1,ldrmodules.not_in_load_avg,0.0967106893658638,0.017526662944521123
1960,Zeus,Gator,T1014,Rootkit,MEDIUM_CANDIDATE,2,psxview.not_in_session_false_avg; psxview.not_in_pslist_false_avg,0.17275074869394302,0.08444849611716496
1960,Zeus,Gator,T1620,Reflective Code Loading,MEDIUM_CANDIDATE,3,ldrmodules.not_in_init_avg; ldrmodules.not_in_mem; ldrmodules.not_in_load_avg,0.3513428568840027,0.17175251690473653
1961,Zeus,Zeus,T1620,Reflective Code Loading,MEDIUM_CANDIDATE,1,ldrmodules.not_in_load,0.08119583874940872,0.030293256189728755
1962,Zeus,Gator,T1014,Rootkit,MEDIUM_CANDIDATE,1,psxview.not_in_session_false_avg,0.07467956840991974,0.04255950283265834
1962,Zeus,Gator,T1620,Reflective Code Loading,MEDIUM_CANDIDATE,3,ldrmodules.not_in_mem; ldrmodules.not_in_init_avg; ldrmodules.not_in_load_avg,0.34420907124876976,0.196162983460585
1963,Zeus,Shade,T1055,Process Injection,HIGH_CANDIDATE,1,malfind.uniqueInjections,0.06350822746753693,0.0325817805250268
1963,Zeus,Shade,T1620,Reflective Code Loading,MEDIUM_CANDIDATE,3,ldrmodules.not_in_init_avg; ldrmodules.not_in_init; ldrmodules.not_in_mem,0.3167991563677788,0.16252824232206417
1964,Zeus,Gator,T1014,Rootkit,MEDIUM_CANDIDATE,1,psxview.not_in_deskthrd_false_avg,0.14261680841445923,0.043034015027821934
1964,Zeus,Gator,T1620,Reflective Code Loading,MEDIUM_CANDIDATE,5,ldrmodules.not_in_load_avg; ldrmodules.not_in_load; ldrmodules.not_in_init; ldrmodules.not_in_init_avg; ldrmodules.not_in_mem,1.5410215854644775,0.46499670553806066
1965,Zeus,Scar,T1055,Process Injection,HIGH_CANDIDATE,1,malfind.ninjections,0.03200604394078255,0.01887004110239527
1965,Zeus,Scar,T1620,Reflective Code Loading,MEDIUM_CANDIDATE,3,ldrmodules.not_in_mem; ldrmodules.not_in_load; ldrmodules.not_in_init_avg,0.49520382285118103,0.29196099675905707
1966,Zeus,Transponder,T1620,Reflective Code Loading,MEDIUM_CANDIDATE,3,ldrmodules.not_in_load; ldrmodules.not_in_init_avg; ldrmodules.not_in_mem,0.8178094103932381,0.2708553766716585
1967,Zeus,180solutions,T1014,Rootkit,MEDIUM_CANDIDATE,1,psxview.not_in_pslist_false_avg,0.06886270642280579,0.05454015489662075
1967,Zeus,180solutions,T1055,Process Injection,HIGH_CANDIDATE,1,malfind.uniqueInjections,0.04826420918107033,0.03822587843899655
1968,Zeus,Zeus,T1620,Reflective Code Loading,MEDIUM_CANDIDATE,1,ldrmodules.not_in_load,0.07432662695646286,0.02732412433602014
1969,Zeus,Zeus,T1014,Rootkit,MEDIUM_CANDIDATE,2,psxview.not_in_session_false_avg; psxview.not_in_ethread_pool_false_avg,0.1556352823972702,0.06473202636301965
1969,Zeus,Zeus,T1620,Reflective Code Loading,MEDIUM_CANDIDATE,3,ldrmodules.not_in_init_avg; ldrmodules.not_in_load; ldrmodules.not_in_mem_avg,0.278662022203207,0.11590146584876665
1970,Zeus,Zeus,T1014,Rootkit,MEDIUM_CANDIDATE,1,psxview.not_in_session_false_avg,0.051839884370565414,0.00802519142527484
1970,Zeus,Zeus,T1055,Process Injection,HIGH_CANDIDATE,2,malfind.uniqueInjections; malfind.ninjections,0.5624449700117111,0.08707057520154954
1970,Zeus,Zeus,T1620,Reflective Code Loading,MEDIUM_CANDIDATE,2,ldrmodules.not_in_load_avg; ldrmodules.not_in_mem_avg,0.22616711258888245,0.03501231522148305
1971,Zeus,Refroso,T1620,Reflective Code Loading,MEDIUM_CANDIDATE,1,ldrmodules.not_in_init_avg,0.4832395613193512,0.14999272055866056
1972,Zeus,Shade,T1620,Reflective Code Loading,MEDIUM_CANDIDATE,3,ldrmodules.not_in_init; ldrmodules.not_in_load; ldrmodules.not_in_mem,0.23154479265213013,0.1808555422265021
1973,Zeus,TIBS,T1620,Reflective Code Loading,MEDIUM_CANDIDATE,1,ldrmodules.not_in_init_avg,0.2147071212530136,0.07556641828552012
1974,Zeus,Emotet,T1014,Rootkit,MEDIUM_CANDIDATE,1,psxview.not_in_deskthrd_false_avg,0.22703881561756134,0.16052003490089767
1975,Zeus,Zeus,T1014,Rootkit,MEDIUM_CANDIDATE,1,psxview.not_in_ethread_pool_false_avg,0.0405624695122242,0.020849149006559587
1975,Zeus,Zeus,T1620,Reflective Code Loading,MEDIUM_CANDIDATE,1,ldrmodules.not_in_load,0.06466416269540787,0.03323744287843888
1976,Zeus,Shade,T1055,Process Injection,HIGH_CANDIDATE,1,malfind.uniqueInjections,0.038083385676145554,0.022471760216791103
1977,Zeus,Zeus,T1014,Rootkit,MEDIUM_CANDIDATE,1,psxview.not_in_ethread_pool_false_avg,0.033415090292692184,0.017960619119053067
1977,Zeus,Zeus,T1620,Reflective Code Loading,MEDIUM_CANDIDATE,1,ldrmodules.not_in_load,0.07401212304830551,0.039781534050016325
1978,Zeus,Zeus,T1014,Rootkit,MEDIUM_CANDIDATE,1,psxview.not_in_ethread_pool_false_avg,0.039178624749183655,0.021282771805175456
1978,Zeus,Zeus,T1620,Reflective Code Loading,MEDIUM_CANDIDATE,1,ldrmodules.not_in_load,0.07419046014547348,0.04030204335924213
1979,Zeus,Zeus,T1620,Reflective Code Loading,MEDIUM_CANDIDATE,3,ldrmodules.not_in_init_avg; ldrmodules.not_in_mem_avg; ldrmodules.not_in_load,0.2546747401356697,0.10679559918473538
1980,Zeus,Scar,T1620,Reflective Code Loading,MEDIUM_CANDIDATE,5,ldrmodules.not_in_mem; ldrmodules.not_in_init_avg; ldrmodules.not_in_mem_avg; ldrmodules.not_in_load_avg; ldrmodules.not_in_load,0.71361243724823,0.38632279902047517
1981,Zeus,Zeus,T1620,Reflective Code Loading,MEDIUM_CANDIDATE,2,ldrmodules.not_in_init; ldrmodules.not_in_load_avg,0.26280807703733444,0.08355733967647196
1982,Zeus,Zeus,T1620,Reflective Code Loading,MEDIUM_CANDIDATE,1,ldrmodules.not_in_load,0.0743236169219017,0.03750871905346209
1983,Zeus,Gator,T1014,Rootkit,MEDIUM_CANDIDATE,4,psxview.not_in_pslist; psxview.not_in_deskthrd; psxview.not_in_pslist_false_avg; psxview.not_in_session_false_avg,0.7082902044057846,0.23615039943121063
1983,Zeus,Gator,T1620,Reflective Code Loading,MEDIUM_CANDIDATE,2,ldrmodules.not_in_init_avg; ldrmodules.not_in_mem_avg,0.2455998659133911,0.08188523019933129
1984,Zeus,Zeus,T1014,Rootkit,MEDIUM_CANDIDATE,1,psxview.not_in_session_false_avg,0.05116832256317139,0.00932276926321053
1984,Zeus,Zeus,T1055,Process Injection,HIGH_CANDIDATE,2,malfind.uniqueInjections; malfind.ninjections,0.5723295360803604,0.10427733293015776
1984,Zeus,Zeus,T1620,Reflective Code Loading,MEDIUM_CANDIDATE,2,ldrmodules.not_in_load_avg; ldrmodules.not_in_mem_avg,0.1189257949590683,0.02166804949445976
1985,Zeus,Zeus,T1620,Reflective Code Loading,MEDIUM_CANDIDATE,2,ldrmodules.not_in_init_avg; ldrmodules.not_in_load,0.19309617206454277,0.08218768391801796
1986,Zeus,Zeus,T1014,Rootkit,MEDIUM_CANDIDATE,3,psxview.not_in_session_false_avg; psxview.not_in_pslist_false_avg; psxview.not_in_pslist,0.1420031264424324,0.05173814894608419
1986,Zeus,Zeus,T1620,Reflective Code Loading,MEDIUM_CANDIDATE,1,ldrmodules.not_in_load,0.0582226924598217,0.021213155019861468
1987,Zeus,Zeus,T1055,Process Injection,HIGH_CANDIDATE,2,malfind.ninjections; malfind.uniqueInjections,0.34946370124816895,0.06280798886593111
1987,Zeus,Zeus,T1620,Reflective Code Loading,MEDIUM_CANDIDATE,2,ldrmodules.not_in_load_avg; ldrmodules.not_in_mem_avg,0.2704270929098129,0.04860299304294238
1988,Zeus,Conti,T1014,Rootkit,MEDIUM_CANDIDATE,1,psxview.not_in_deskthrd_false_avg,0.08011151850223541,0.04440456143192863
1988,Zeus,Conti,T1055,Process Injection,HIGH_CANDIDATE,1,malfind.uniqueInjections,0.3957473635673523,0.21935657250785898
1988,Zeus,Conti,T1620,Reflective Code Loading,MEDIUM_CANDIDATE,3,ldrmodules.not_in_mem_avg; ldrmodules.not_in_load_avg; ldrmodules.not_in_init_avg,0.29601597785949707,0.16407702561932694
1989,Zeus,Transponder,T1014,Rootkit,MEDIUM_CANDIDATE,5,psxview.not_in_pslist_false_avg; psxview.not_in_deskthrd_false_avg; psxview.not_in_pslist; psxview.not_in_session_false_avg; psxview.not_in_ethread_pool_false_avg,0.7046362608671188,0.39514971347108924
1989,Zeus,Transponder,T1620,Reflective Code Loading,MEDIUM_CANDIDATE,2,ldrmodules.not_in_load_avg; ldrmodules.not_in_init_avg,0.17192000895738602,0.09641022759155064
1990,Zeus,Maze,T1014,Rootkit,MEDIUM_CANDIDATE,1,psxview.not_in_csrss_handles_false_avg,0.0679042786359787,0.04139753761869242
1990,Zeus,Maze,T1620,Reflective Code Loading,MEDIUM_CANDIDATE,5,ldrmodules.not_in_mem; ldrmodules.not_in_mem_avg; ldrmodules.not_in_load_avg; ldrmodules.not_in_load; ldrmodules.not_in_init_avg,1.1037121675908566,0.6728731516756286
1991,Zeus,Zeus,T1620,Reflective Code Loading,MEDIUM_CANDIDATE,4,ldrmodules.not_in_init_avg; ldrmodules.not_in_load; ldrmodules.not_in_load_avg; ldrmodules.not_in_mem_avg,0.3887033835053444,0.206388924449089
1992,Zeus,Zeus,T1055,Process Injection,HIGH_CANDIDATE,2,malfind.uniqueInjections; malfind.ninjections,0.5509844571352005,0.09400788116085183
1992,Zeus,Zeus,T1620,Reflective Code Loading,MEDIUM_CANDIDATE,1,ldrmodules.not_in_init_avg,0.24951913952827454,0.04257246336510763
1993,Zeus,Zeus,T1014,Rootkit,MEDIUM_CANDIDATE,1,psxview.not_in_ethread_pool_false_avg,0.051496412605047226,0.026448060440114773
1993,Zeus,Zeus,T1620,Reflective Code Loading,MEDIUM_CANDIDATE,1,ldrmodules.not_in_load,0.08240200579166412,0.042320874781693385
1994,Zeus,Maze,T1620,Reflective Code Loading,MEDIUM_CANDIDATE,2,ldrmodules.not_in_mem; ldrmodules.not_in_load,0.6753972768783569,0.2632466055118721
1995,Zeus,Zeus,T1014,Rootkit,MEDIUM_CANDIDATE,2,psxview.not_in_ethread_pool_false_avg; psxview.not_in_session_false_avg,0.12417273968458176,0.053761243747846243
1995,Zeus,Zeus,T1620,Reflective Code Loading,MEDIUM_CANDIDATE,3,ldrmodules.not_in_mem_avg; ldrmodules.not_in_init_avg; ldrmodules.not_in_load,0.23507998511195183,0.10177912166508285
1996,Zeus,Zeus,T1055,Process Injection,HIGH_CANDIDATE,1,malfind.ninjections,0.34790849685668945,0.10419176133616662
1996,Zeus,Zeus,T1620,Reflective Code Loading,MEDIUM_CANDIDATE,2,ldrmodules.not_in_load; ldrmodules.not_in_init_avg,0.17251582443714142,0.05166510093563715
1997,Zeus,Zeus,T1014,Rootkit,MEDIUM_CANDIDATE,1,psxview.not_in_ethread_pool_false_avg,0.035742517560720444,0.01979207779146186
1997,Zeus,Zeus,T1620,Reflective Code Loading,MEDIUM_CANDIDATE,1,ldrmodules.not_in_load,0.07186265289783478,0.039793257820703413
1998,Zeus,Zeus,T1014,Rootkit,MEDIUM_CANDIDATE,2,psxview.not_in_csrss_handles_false_avg; psxview.not_in_ethread_pool_false_avg,0.204665906727314,0.05485448278065271
1998,Zeus,Zeus,T1055,Process Injection,HIGH_CANDIDATE,1,malfind.ninjections,0.3045923411846161,0.08163672983840642
1998,Zeus,Zeus,T1620,Reflective Code Loading,MEDIUM_CANDIDATE,3,ldrmodules.not_in_mem_avg; ldrmodules.not_in_load_avg; ldrmodules.not_in_init_avg,0.40059399604797363,0.10736705887964
1999,Zeus,Maze,T1620,Reflective Code Loading,MEDIUM_CANDIDATE,5,ldrmodules.not_in_mem; ldrmodules.not_in_mem_avg; ldrmodules.not_in_init_avg; ldrmodules.not_in_load_avg; ldrmodules.not_in_load,1.3371680825948715,0.5539999428688026
