Cohort_Position,Holdout_Position,True_Family,Predicted_Family,Prediction_Correct,Confidence,ATTACK_Candidate_Count,ATTACK_Candidate_IDs,Highest_Evidence_Level,High_Evidence_Feature_Count,Medium_Evidence_Feature_Count,Total_Positive_SHAP,ATTACK_Positive_SHAP,ATTACK_Normalized_SHAP_Support,Direct_Detection_Claim,Causal_Claim,ATTACK_Ground_Truth,Analyst_Validation_Required
0,753,Benign,Benign,True,0.9998762607574463,0,,CONTEXT_ONLY,0,0,5.990708369761705,0.0,0.0,False,False,False,True
1,3608,Benign,Benign,True,0.9999687671661377,0,,CONTEXT_ONLY,0,0,5.902054481208324,0.0,0.0,False,False,False,True
2,828,Benign,Benign,True,0.9999725818634033,1,T1620,MEDIUM_CANDIDATE,0,1,5.707978080958128,0.08102012425661087,0.014194189800219243,False,False,False,True
3,3079,Benign,Benign,True,0.9999727010726929,0,,CONTEXT_ONLY,0,0,5.836405038833618,0.0,0.0,False,False,False,True
4,3563,Benign,Benign,True,0.9999606609344482,0,,CONTEXT_ONLY,0,0,5.869198609143496,0.0,0.0,False,False,False,True
5,3194,Benign,Benign,True,0.9999668598175049,0,,CONTEXT_ONLY,0,0,5.922363605350256,0.0,0.0,False,False,False,True
6,2275,Benign,Benign,True,0.9999699592590332,0,,CONTEXT_ONLY,0,0,5.958745069801807,0.0,0.0,False,False,False,True
7,2634,Benign,Benign,True,0.9999746084213257,0,,CONTEXT_ONLY,0,0,5.843251522630453,0.0,0.0,False,False,False,True
8,2925,Benign,Benign,True,0.9999693632125854,1,T1620,MEDIUM_CANDIDATE,0,1,5.702165707945824,0.08102338016033173,0.014209229319208962,False,False,False,True
9,4323,Benign,Benign,True,0.9999700784683228,0,,CONTEXT_ONLY,0,0,5.93522709980607,0.0,0.0,False,False,False,True
10,2184,Benign,Benign,True,0.9999560117721558,0,,CONTEXT_ONLY,0,0,5.896734602749348,0.0,0.0,False,False,False,True
11,2500,Benign,Benign,True,0.9999678134918213,0,,CONTEXT_ONLY,0,0,5.805653303861618,0.0,0.0,False,False,False,True
12,705,Benign,Benign,True,0.9999675750732422,0,,CONTEXT_ONLY,0,0,5.83001583814621,0.0,0.0,False,False,False,True
13,4077,Benign,Benign,True,0.9994082450866699,0,,CONTEXT_ONLY,0,0,5.802442468702793,0.0,0.0,False,False,False,True
14,2878,Benign,Benign,True,0.9999722242355347,0,,CONTEXT_ONLY,0,0,5.875476777553558,0.0,0.0,False,False,False,True
15,3036,Benign,Benign,True,0.9999706745147705,0,,CONTEXT_ONLY,0,0,5.830998659133911,0.0,0.0,False,False,False,True
16,4429,Benign,Benign,True,0.9999297857284546,2,T1014; T1620,MEDIUM_CANDIDATE,0,3,5.39656213670969,0.5012693181633949,0.09288678708126971,False,False,False,True
17,403,Benign,Benign,True,0.9999585151672363,0,,CONTEXT_ONLY,0,0,5.8979626968503,0.0,0.0,False,False,False,True
18,1438,Benign,Benign,True,0.9999690055847168,0,,CONTEXT_ONLY,0,0,5.954319227486849,0.0,0.0,False,False,False,True
19,3152,Benign,Benign,True,0.9999748468399048,1,T1620,MEDIUM_CANDIDATE,0,1,5.716143868863583,0.07062225788831711,0.012354877607787959,False,False,False,True
20,3401,Benign,Benign,True,0.999970555305481,0,,CONTEXT_ONLY,0,0,5.8401410430669785,0.0,0.0,False,False,False,True
21,3332,Benign,Benign,True,0.9999687671661377,0,,CONTEXT_ONLY,0,0,5.887584149837494,0.0,0.0,False,False,False,True
22,1105,Benign,Benign,True,0.9998914003372192,2,T1014; T1620,MEDIUM_CANDIDATE,0,3,5.228695500642061,0.4913274981081486,0.09396751026098492,False,False,False,True
23,2048,Benign,Benign,True,0.9999732971191406,1,T1620,MEDIUM_CANDIDATE,0,1,5.709391623735428,0.0701364129781723,0.012284393434599401,False,False,False,True
24,2594,Benign,Benign,True,0.9999703168869019,1,T1620,MEDIUM_CANDIDATE,0,1,5.699950724840164,0.08102338016033173,0.014214750981483924,False,False,False,True
25,3471,Benign,Benign,True,0.9999669790267944,0,,CONTEXT_ONLY,0,0,5.922363605350256,0.0,0.0,False,False,False,True
26,3845,Benign,Benign,True,0.9999728202819824,0,,CONTEXT_ONLY,0,0,5.8441182076931,0.0,0.0,False,False,False,True
27,2043,Benign,Benign,True,0.9999686479568481,0,,CONTEXT_ONLY,0,0,5.880295678973198,0.0,0.0,False,False,False,True
28,739,Benign,Benign,True,0.9999276399612427,1,T1620,MEDIUM_CANDIDATE,0,2,5.343041189014912,0.43271419405937195,0.0809864979047917,False,False,False,True
29,4150,Benign,Benign,True,0.9999545812606812,2,T1014; T1620,MEDIUM_CANDIDATE,0,3,5.530079498887062,0.49714794009923935,0.0898988776199856,False,False,False,True
30,3613,Benign,Benign,True,0.9999746084213257,0,,CONTEXT_ONLY,0,0,5.8431494534015656,0.0,0.0,False,False,False,True
31,3410,Benign,Benign,True,0.999955415725708,0,,CONTEXT_ONLY,0,0,5.871886637061834,0.0,0.0,False,False,False,True
32,34,Benign,Benign,True,0.9999744892120361,1,T1620,MEDIUM_CANDIDATE,0,1,5.658562496304512,0.08534332364797592,0.015082156237332688,False,False,False,True
33,2958,Benign,Benign,True,0.9999725818634033,1,T1620,MEDIUM_CANDIDATE,0,1,5.709692370146513,0.08102012425661087,0.014189928108952017,False,False,False,True
34,2186,Benign,Benign,True,0.9999723434448242,1,T1620,MEDIUM_CANDIDATE,0,1,5.645144045352936,0.08485908061265945,0.015032225915034917,False,False,False,True
35,923,Benign,Benign,True,0.9999704360961914,0,,CONTEXT_ONLY,0,0,5.840140953660011,0.0,0.0,False,False,False,True
36,2326,Benign,Benign,True,0.9999583959579468,0,,CONTEXT_ONLY,0,0,5.930553514510393,0.0,0.0,False,False,False,True
37,2005,Benign,Benign,True,0.9999734163284302,0,,CONTEXT_ONLY,0,0,5.8246216624975204,0.0,0.0,False,False,False,True
38,2010,Benign,Benign,True,0.9999744892120361,0,,CONTEXT_ONLY,0,0,5.843251448124647,0.0,0.0,False,False,False,True
39,4432,Benign,Benign,True,0.9999732971191406,1,T1620,MEDIUM_CANDIDATE,0,1,5.732572577893734,0.08096595108509064,0.01412384230377057,False,False,False,True
40,1033,Benign,Benign,True,0.9999685287475586,0,,CONTEXT_ONLY,0,0,5.9514367543160915,0.0,0.0,False,False,False,True
41,1282,Benign,Benign,True,0.9999712705612183,0,,CONTEXT_ONLY,0,0,5.869762919843197,0.0,0.0,False,False,False,True
42,3536,Benign,Benign,True,0.9999673366546631,0,,CONTEXT_ONLY,0,0,5.887803614139557,0.0,0.0,False,False,False,True
43,531,Benign,Benign,True,0.9999698400497437,0,,CONTEXT_ONLY,0,0,5.935566145926714,0.0,0.0,False,False,False,True
44,2124,Benign,Benign,True,0.9999721050262451,1,T1620,MEDIUM_CANDIDATE,0,1,5.721231885254383,0.08096595108509064,0.014151838748883476,False,False,False,True
45,1683,Benign,Benign,True,0.9999703168869019,0,,CONTEXT_ONLY,0,0,5.936181623488665,0.0,0.0,False,False,False,True
46,2898,Benign,Benign,True,0.9999572038650513,1,T1620,MEDIUM_CANDIDATE,0,2,5.558746561408043,0.42159128934144974,0.07584286937425327,False,False,False,True
47,3262,Benign,Benign,True,0.9999457597732544,2,T1014; T1620,MEDIUM_CANDIDATE,0,3,5.597444418817759,0.4854980558156967,0.08673566354379973,False,False,False,True
48,309,Benign,Benign,True,0.9999582767486572,0,,CONTEXT_ONLY,0,0,5.925320319831371,0.0,0.0,False,False,False,True
49,2038,Benign,Benign,True,0.9999730587005615,1,T1620,MEDIUM_CANDIDATE,0,1,5.706083860248327,0.07977294921875,0.01398033242632335,False,False,False,True
50,3554,Benign,Benign,True,0.9991955161094666,0,,CONTEXT_ONLY,0,0,5.8176163993775845,0.0,0.0,False,False,False,True
51,580,Benign,Benign,True,0.999974250793457,0,,CONTEXT_ONLY,0,0,5.79670649766922,0.0,0.0,False,False,False,True
52,388,Benign,Benign,True,0.9999732971191406,1,T1620,MEDIUM_CANDIDATE,0,1,5.709485709667206,0.07093165814876556,0.012423475905836014,False,False,False,True
53,1042,Benign,Benign,True,0.9999731779098511,1,T1620,MEDIUM_CANDIDATE,0,1,5.71078373119235,0.07977087795734406,0.013968464174476582,False,False,False,True
54,1958,Benign,Benign,True,0.9999731779098511,0,,CONTEXT_ONLY,0,0,5.841994404792786,0.0,0.0,False,False,False,True
55,596,Benign,Benign,True,0.9999428987503052,1,T1620,MEDIUM_CANDIDATE,0,2,5.39507282525301,0.4419499337673187,0.08191732495225268,False,False,False,True
56,2270,Benign,Benign,True,0.9999725818634033,0,,CONTEXT_ONLY,0,0,5.859242767095566,0.0,0.0,False,False,False,True
57,3100,Benign,Benign,True,0.9998812675476074,1,T1620,MEDIUM_CANDIDATE,0,2,5.0836958810687065,0.44546541571617126,0.08762629121365231,False,False,False,True
58,3769,Benign,Benign,True,0.9999732971191406,1,T1620,MEDIUM_CANDIDATE,0,1,5.709485679864883,0.07093165814876556,0.012423475970683962,False,False,False,True
59,1330,Benign,Benign,True,0.9999732971191406,1,T1620,MEDIUM_CANDIDATE,0,1,5.7325727716088295,0.08096595108509064,0.0141238418264977,False,False,False,True
60,3809,Benign,Benign,True,0.9999724626541138,0,,CONTEXT_ONLY,0,0,5.836654543876648,0.0,0.0,False,False,False,True
61,3251,Benign,Benign,True,0.9999703168869019,1,T1620,MEDIUM_CANDIDATE,0,1,5.702151298522949,0.08102338016033173,0.014209265226147108,False,False,False,True
62,3718,Benign,Benign,True,0.9999251365661621,1,T1620,MEDIUM_CANDIDATE,0,2,5.3218299224972725,0.42601868510246277,0.08005116497645479,False,False,False,True
63,2125,Benign,Benign,True,0.9999477863311768,1,T1620,MEDIUM_CANDIDATE,0,2,5.511575721204281,0.4219935014843941,0.0765649467285534,False,False,False,True
64,3074,Benign,Benign,True,0.9996232986450195,1,T1620,MEDIUM_CANDIDATE,0,2,4.591043844819069,0.45117612183094025,0.0982731023882698,False,False,False,True
65,419,Benign,Benign,True,0.9999731779098511,0,,CONTEXT_ONLY,0,0,5.839076764881611,0.0,0.0,False,False,False,True
66,3709,Benign,Benign,True,0.9999682903289795,0,,CONTEXT_ONLY,0,0,5.887576401233673,0.0,0.0,False,False,False,True
67,2523,Benign,Benign,True,0.9997523427009583,0,,CONTEXT_ONLY,0,0,6.03112355619669,0.0,0.0,False,False,False,True
68,647,Benign,Benign,True,0.9999700784683228,0,,CONTEXT_ONLY,0,0,5.84804193675518,0.0,0.0,False,False,False,True
69,172,Benign,Benign,True,0.9999678134918213,0,,CONTEXT_ONLY,0,0,5.805653303861618,0.0,0.0,False,False,False,True
70,645,Benign,Benign,True,0.9999734163284302,1,T1620,MEDIUM_CANDIDATE,0,1,5.69583822414279,0.07977087795734406,0.014005116511073203,False,False,False,True
71,1882,Benign,Benign,True,0.9999057054519653,2,T1014; T1620,MEDIUM_CANDIDATE,0,3,5.221201945096254,0.49535058811306953,0.0948729034658968,False,False,False,True
72,1786,Benign,Benign,True,0.9999520778656006,2,T1014; T1620,MEDIUM_CANDIDATE,0,3,5.578835554420948,0.49619995802640915,0.0889432845234514,False,False,False,True
73,2133,Benign,Benign,True,0.9999693632125854,0,,CONTEXT_ONLY,0,0,5.9568234868347645,0.0,0.0,False,False,False,True
74,2341,Benign,Benign,True,0.9998272061347961,1,T1620,MEDIUM_CANDIDATE,0,2,5.157597124576569,0.40642084181308746,0.0788004243054277,False,False,False,True
75,1663,Benign,Benign,True,0.9999688863754272,0,,CONTEXT_ONLY,0,0,5.936171721667051,0.0,0.0,False,False,False,True
76,200,Benign,Benign,True,0.9999688863754272,0,,CONTEXT_ONLY,0,0,5.932305123656988,0.0,0.0,False,False,False,True
77,4223,Benign,Benign,True,0.9999723434448242,1,T1620,MEDIUM_CANDIDATE,0,1,5.645144045352936,0.08485908061265945,0.015032225915034917,False,False,False,True
78,3155,Benign,Benign,True,0.9999724626541138,1,T1620,MEDIUM_CANDIDATE,0,1,5.712109856307507,0.08101805299520493,0.014183560021301415,False,False,False,True
79,911,Benign,Benign,True,0.9999699592590332,0,,CONTEXT_ONLY,0,0,5.958745069801807,0.0,0.0,False,False,False,True
80,3497,Benign,Benign,True,0.9999147653579712,1,T1620,MEDIUM_CANDIDATE,0,2,5.304921813309193,0.38714103400707245,0.07297770780255386,False,False,False,True
81,2939,Benign,Benign,True,0.9999693632125854,0,,CONTEXT_ONLY,0,0,5.934609703719616,0.0,0.0,False,False,False,True
82,3448,Benign,Benign,True,0.9999537467956543,2,T1014; T1620,MEDIUM_CANDIDATE,0,3,5.558332413434982,0.4972546100616455,0.08946111406718624,False,False,False,True
83,1828,Benign,Benign,True,0.9999741315841675,0,,CONTEXT_ONLY,0,0,5.835757851600647,0.0,0.0,False,False,False,True
84,2153,Benign,Benign,True,0.9999696016311646,1,T1620,MEDIUM_CANDIDATE,0,1,5.733171693980694,0.08096595108509064,0.014122366363124531,False,False,False,True
85,447,Benign,Benign,True,0.9999687671661377,0,,CONTEXT_ONLY,0,0,5.929859269410372,0.0,0.0,False,False,False,True
86,290,Benign,Benign,True,0.9999697208404541,0,,CONTEXT_ONLY,0,0,5.959125246852636,0.0,0.0,False,False,False,True
87,3908,Benign,Benign,True,0.9999722242355347,1,T1620,MEDIUM_CANDIDATE,0,1,5.709692370146513,0.08102012425661087,0.014189928108952017,False,False,False,True
88,3126,Benign,Benign,True,0.9999572038650513,1,T1620,MEDIUM_CANDIDATE,0,2,5.558746561408043,0.42159128934144974,0.07584286937425327,False,False,False,True
89,3149,Benign,Benign,True,0.9999699592590332,0,,CONTEXT_ONLY,0,0,5.937898393720388,0.0,0.0,False,False,False,True
90,869,Benign,Benign,True,0.9999734163284302,0,,CONTEXT_ONLY,0,0,5.824621751904488,0.0,0.0,False,False,False,True
91,2034,Benign,Benign,True,0.9999682903289795,0,,CONTEXT_ONLY,0,0,5.887576401233673,0.0,0.0,False,False,False,True
92,889,Benign,Benign,True,0.9999732971191406,1,T1620,MEDIUM_CANDIDATE,0,1,5.7325727716088295,0.08096595108509064,0.0141238418264977,False,False,False,True
93,4418,Benign,Benign,True,0.9999247789382935,1,T1620,MEDIUM_CANDIDATE,0,2,5.337748371064663,0.4321253001689911,0.08095647642580793,False,False,False,True
94,1679,Benign,Benign,True,0.9998180270195007,1,T1620,MEDIUM_CANDIDATE,0,2,4.701768986880779,0.4923507869243622,0.10471607352427469,False,False,False,True
95,3456,Benign,Benign,True,0.9999721050262451,0,,CONTEXT_ONLY,0,0,5.859242886304855,0.0,0.0,False,False,False,True
96,2479,Benign,Benign,True,0.9999699592590332,0,,CONTEXT_ONLY,0,0,5.937898393720388,0.0,0.0,False,False,False,True
97,3683,Benign,Benign,True,0.9999723434448242,1,T1620,MEDIUM_CANDIDATE,0,1,5.645144045352936,0.08485908061265945,0.015032225915034917,False,False,False,True
98,3739,Benign,Benign,True,0.9999724626541138,0,,CONTEXT_ONLY,0,0,5.839503090828657,0.0,0.0,False,False,False,True
99,3223,Benign,Benign,True,0.9999716281890869,1,T1620,MEDIUM_CANDIDATE,0,1,5.713681243360043,0.08102012425661087,0.014180021741808858,False,False,False,True
100,3883,Benign,Benign,True,0.9999706745147705,0,,CONTEXT_ONLY,0,0,5.9346719160676,0.0,0.0,False,False,False,True
101,3831,Benign,Benign,True,0.9999364614486694,1,T1620,MEDIUM_CANDIDATE,0,2,5.448081783950329,0.44307470321655273,0.08132673494766912,False,False,False,True
102,3549,Benign,Benign,True,0.9999703168869019,1,T1620,MEDIUM_CANDIDATE,0,1,5.702151268720627,0.08102338016033173,0.014209265300411906,False,False,False,True
103,2572,Benign,Benign,True,0.9998995065689087,2,T1014; T1620,MEDIUM_CANDIDATE,0,3,5.163728427141905,0.4965490736067295,0.09616095823257047,False,False,False,True
104,3834,Benign,Benign,True,0.9999730587005615,1,T1620,MEDIUM_CANDIDATE,0,1,5.7060838006436825,0.07977294921875,0.013980332572359191,False,False,False,True
105,3637,Benign,Benign,True,0.9999599456787109,0,,CONTEXT_ONLY,0,0,5.8682639598846436,0.0,0.0,False,False,False,True
106,1616,Benign,Benign,True,0.9999692440032959,0,,CONTEXT_ONLY,0,0,5.9568234868347645,0.0,0.0,False,False,False,True
107,2016,Benign,Benign,True,0.9999697208404541,0,,CONTEXT_ONLY,0,0,5.956703219562769,0.0,0.0,False,False,False,True
108,4208,Benign,Benign,True,0.9999690055847168,0,,CONTEXT_ONLY,0,0,5.859717927873135,0.0,0.0,False,False,False,True
109,2181,Benign,Benign,True,0.9999269247055054,1,T1620,MEDIUM_CANDIDATE,0,2,5.346115760505199,0.43217340111732483,0.08083876602710996,False,False,False,True
110,3095,Benign,Benign,True,0.9999418258666992,1,T1620,MEDIUM_CANDIDATE,0,2,5.408766590058804,0.38821978867053986,0.07177602919380538,False,False,False,True
111,1260,Benign,Benign,True,0.999842643737793,1,T1620,MEDIUM_CANDIDATE,0,2,4.704178027808666,0.4882360249757767,0.10378774402022584,False,False,False,True
112,1984,Benign,Benign,True,0.9999685287475586,0,,CONTEXT_ONLY,0,0,5.887584134936333,0.0,0.0,False,False,False,True
113,350,Benign,Benign,True,0.9998379945755005,1,T1620,MEDIUM_CANDIDATE,0,2,5.157610863447189,0.4063727408647537,0.07879088818909975,False,False,False,True
114,4041,Benign,Benign,True,0.9999748468399048,0,,CONTEXT_ONLY,0,0,5.8395801186561584,0.0,0.0,False,False,False,True
115,3880,Benign,Benign,True,0.9999411106109619,1,T1620,MEDIUM_CANDIDATE,0,2,5.355980291962624,0.44273754954338074,0.08266228130222372,False,False,False,True
116,1138,Benign,Benign,True,0.9999727010726929,0,,CONTEXT_ONLY,0,0,5.836654335260391,0.0,0.0,False,False,False,True
117,2383,Benign,Benign,True,0.999972939491272,1,T1620,MEDIUM_CANDIDATE,0,1,5.706894338130951,0.07977294921875,0.013978346976873628,False,False,False,True
118,1493,Benign,Benign,True,0.9999676942825317,0,,CONTEXT_ONLY,0,0,5.93161890655756,0.0,0.0,False,False,False,True
119,1698,Benign,Benign,True,0.9999735355377197,1,T1620,MEDIUM_CANDIDATE,0,1,5.732572577893734,0.08096595108509064,0.01412384230377057,False,False,False,True
120,1516,Benign,Benign,True,0.9999022483825684,1,T1620,MEDIUM_CANDIDATE,0,2,5.325991258025169,0.4400983601808548,0.08263219724923833,False,False,False,True
121,3969,Benign,Benign,True,0.9999730587005615,1,T1620,MEDIUM_CANDIDATE,0,1,5.694275833666325,0.07978598773479462,0.014011612725726265,False,False,False,True
122,4141,Benign,Benign,True,0.9999195337295532,2,T1014; T1620,MEDIUM_CANDIDATE,0,2,5.81897153519094,0.10300633125007153,0.017701810470652446,False,False,False,True
123,426,Benign,Benign,True,0.9999673366546631,0,,CONTEXT_ONLY,0,0,5.887803614139557,0.0,0.0,False,False,False,True
124,3650,Benign,Benign,True,0.9994485974311829,0,,CONTEXT_ONLY,0,0,5.816376965492964,0.0,0.0,False,False,False,True
125,5739,180solutions,180solutions,True,0.4055826663970947,2,T1014; T1620,MEDIUM_CANDIDATE,0,5,1.945717666298151,0.4366861507296562,0.22443448928563145,False,False,False,True
126,5659,180solutions,Gator,False,0.7159540057182312,2,T1014; T1620,MEDIUM_CANDIDATE,0,6,3.5844600573182106,1.8869885951280594,0.5264359387337824,False,False,False,True
127,5795,180solutions,180solutions,True,0.855444610118866,2,T1055; T1620,HIGH_CANDIDATE,2,2,3.2979178316891193,1.2525273188948631,0.3797933674573532,False,False,False,True
128,5901,180solutions,180solutions,True,0.657824695110321,2,T1055; T1620,HIGH_CANDIDATE,2,2,3.4007897078990936,1.3766953870654106,0.40481638246191115,False,False,False,True
129,5911,180solutions,Conti,False,0.3805021643638611,2,T1014; T1055,HIGH_CANDIDATE,1,1,1.922542642802,0.4764801897108555,0.24783855458020523,False,False,False,True
130,5946,180solutions,Emotet,False,0.1711399257183075,1,T1620,MEDIUM_CANDIDATE,0,1,1.6046063639223576,0.06306647509336472,0.03930339335013153,False,False,False,True
131,5785,180solutions,180solutions,True,0.9711046814918518,1,T1055,HIGH_CANDIDATE,1,0,5.50019358843565,0.0922870859503746,0.016778879591513186,False,False,False,True
132,5942,180solutions,180solutions,True,0.5469892621040344,2,T1014; T1620,MEDIUM_CANDIDATE,0,3,2.505557917058468,0.5274457857012749,0.21051031473281517,False,False,False,True
133,5782,180solutions,Transponder,False,0.31776127219200134,1,T1620,MEDIUM_CANDIDATE,0,3,2.414840169250965,0.654455978423357,0.27101420075613375,False,False,False,True
134,5860,180solutions,Ako,False,0.4944859445095062,2,T1055; T1620,HIGH_CANDIDATE,2,2,2.5391764268279076,1.0031480640172958,0.39506828017873846,False,False,False,True
135,5935,180solutions,Shade,False,0.5022017359733582,2,T1055; T1620,HIGH_CANDIDATE,1,3,2.3849756121635437,0.5291670933365822,0.22187526389695253,False,False,False,True
136,5967,180solutions,180solutions,True,0.2018660604953766,2,T1055; T1620,HIGH_CANDIDATE,1,1,1.5098763331770897,0.11497864127159119,0.07615103220384449,False,False,False,True
137,5874,180solutions,Ako,False,0.18107758462429047,1,T1620,MEDIUM_CANDIDATE,0,3,1.8916280828416348,0.2690836489200592,0.14224976429607522,False,False,False,True
138,5984,180solutions,Reconyc,False,0.2631268799304962,2,T1055; T1620,HIGH_CANDIDATE,2,4,2.110928051173687,0.7878051251173019,0.3732032101611792,False,False,False,True
139,5912,180solutions,Scar,False,0.31393250823020935,1,T1620,MEDIUM_CANDIDATE,0,3,2.477093257009983,1.049214944243431,0.42356699380381974,False,False,False,True
140,5748,180solutions,Scar,False,0.3812648057937622,2,T1055; T1620,HIGH_CANDIDATE,1,5,1.9977993182837963,0.8223783075809479,0.4116421004124726,False,False,False,True
141,5976,180solutions,Shade,False,0.41110825538635254,2,T1055; T1620,HIGH_CANDIDATE,1,3,2.4598268270492554,0.4414409212768078,0.17946016216367106,False,False,False,True
142,5744,180solutions,Transponder,False,0.2888582646846771,2,T1055; T1620,HIGH_CANDIDATE,1,1,2.8142929822206497,0.2950788885354996,0.10485009570775543,False,False,False,True
143,5664,180solutions,CWS,False,0.2171022742986679,1,T1620,MEDIUM_CANDIDATE,0,5,1.6780237331986427,0.5795448273420334,0.3453734389306325,False,False,False,True
144,5756,180solutions,180solutions,True,0.1288948804140091,2,T1014; T1620,MEDIUM_CANDIDATE,0,4,1.1724738888442516,0.35842179507017136,0.3056970381007633,False,False,False,True
145,5760,180solutions,Gator,False,0.17263346910476685,1,T1014,MEDIUM_CANDIDATE,0,4,2.0530248880386353,0.4563133493065834,0.2222639150480655,False,False,False,True
146,5949,180solutions,180solutions,True,0.6600328683853149,1,T1620,MEDIUM_CANDIDATE,0,4,2.93246278911829,1.2937939316034317,0.4411970499350955,False,False,False,True
147,5919,180solutions,CWS,False,0.3472544550895691,3,T1014; T1055; T1620,HIGH_CANDIDATE,1,3,2.174907833337784,0.41441991925239563,0.1905459683854255,False,False,False,True
148,5728,180solutions,180solutions,True,0.4515046179294586,2,T1055; T1620,HIGH_CANDIDATE,2,3,2.240435905754566,0.5011951550841331,0.2237043040583361,False,False,False,True
149,5645,180solutions,Reconyc,False,0.3478407859802246,2,T1055; T1620,HIGH_CANDIDATE,2,4,2.536404900252819,1.7826176434755325,0.7028127265082353,False,False,False,True
150,5683,180solutions,Transponder,False,0.2709546983242035,1,T1620,MEDIUM_CANDIDATE,0,2,2.252125881612301,0.6257356107234955,0.27784220048815844,False,False,False,True
151,5741,180solutions,Transponder,False,0.4613758325576782,2,T1014; T1620,MEDIUM_CANDIDATE,0,5,2.684792496263981,1.0518690943717957,0.3917878554247759,False,False,False,True
152,5648,180solutions,180solutions,True,0.2841775119304657,1,T1055,HIGH_CANDIDATE,1,0,1.6763655915856361,0.05133755877614021,0.030624321468911316,False,False,False,True
153,5716,180solutions,Ako,False,0.4867634177207947,2,T1014; T1620,MEDIUM_CANDIDATE,0,4,2.3311192616820335,0.6871112957596779,0.2947559599605764,False,False,False,True
154,5890,180solutions,180solutions,True,0.5294480323791504,1,T1620,MEDIUM_CANDIDATE,0,1,2.8748491629958153,0.1338595449924469,0.046562284628858544,False,False,False,True
155,5818,180solutions,Transponder,False,0.2922969460487366,1,T1620,MEDIUM_CANDIDATE,0,3,2.3333063051104546,0.7150868661701679,0.30646934978231116,False,False,False,True
156,5693,180solutions,Transponder,False,0.3081761598587036,1,T1620,MEDIUM_CANDIDATE,0,3,2.4135110042989254,0.7241465523838997,0.3000386371116833,False,False,False,True
157,5685,180solutions,Transponder,False,0.18860113620758057,1,T1620,MEDIUM_CANDIDATE,0,1,1.7146017253398895,0.04734935611486435,0.027615367122926567,False,False,False,True
158,5769,180solutions,180solutions,True,0.2966555655002594,2,T1014; T1620,MEDIUM_CANDIDATE,0,5,1.6859276331961155,0.403406597673893,0.23927871501170578,False,False,False,True
159,5988,180solutions,Shade,False,0.3905617594718933,3,T1014; T1055; T1620,HIGH_CANDIDATE,1,4,2.702068831771612,0.4794876091182232,0.1774520335974739,False,False,False,True
160,5743,180solutions,TIBS,False,0.1534329205751419,1,T1620,MEDIUM_CANDIDATE,0,2,2.7514290809631348,0.552396222949028,0.20076702204356375,False,False,False,True
161,5947,180solutions,Zeus,False,0.25497862696647644,2,T1014; T1620,MEDIUM_CANDIDATE,0,2,1.938390988856554,0.10567380487918854,0.054516248520905954,False,False,False,True
162,5938,180solutions,Refroso,False,0.14456835389137268,1,T1620,MEDIUM_CANDIDATE,0,2,2.392833862453699,0.5401695966720581,0.22574471431048226,False,False,False,True
163,5725,180solutions,Transponder,False,0.3212141990661621,2,T1055; T1620,HIGH_CANDIDATE,2,2,2.2872470393776894,0.7098136767745018,0.31033537897490376,False,False,False,True
164,5674,180solutions,Transponder,False,0.3850078880786896,2,T1055; T1620,HIGH_CANDIDATE,2,2,2.4038146287202835,0.6480046957731247,0.2695734887502962,False,False,False,True
165,5771,180solutions,Transponder,False,0.2908800542354584,1,T1620,MEDIUM_CANDIDATE,0,3,2.4273128248751163,0.7307294979691505,0.30104463276452476,False,False,False,True
166,5764,180solutions,180solutions,True,0.4290214776992798,2,T1014; T1620,MEDIUM_CANDIDATE,0,6,2.3021620735526085,0.7114092223346233,0.3090178708559836,False,False,False,True
167,5676,180solutions,CWS,False,0.4751798212528229,2,T1014; T1620,MEDIUM_CANDIDATE,0,5,2.632015097886324,0.5653735920786858,0.2148063635853445,False,False,False,True
168,5757,180solutions,Gator,False,0.2009536176919937,2,T1014; T1620,MEDIUM_CANDIDATE,0,3,1.8565420359373093,0.4408600777387619,0.23746301953038496,False,False,False,True
169,5858,180solutions,180solutions,True,0.3406054675579071,2,T1055; T1620,HIGH_CANDIDATE,1,3,2.032508496195078,0.6203369610011578,0.30520756108151514,False,False,False,True
170,5872,180solutions,Reconyc,False,0.19842612743377686,2,T1055; T1620,HIGH_CANDIDATE,2,1,2.0528234615921974,0.6108325347304344,0.297557264985984,False,False,False,True
171,5929,180solutions,180solutions,True,0.30921778082847595,2,T1014; T1620,MEDIUM_CANDIDATE,0,4,1.7510801926255226,0.2963738478720188,0.1692520131974332,False,False,False,True
172,5974,180solutions,Refroso,False,0.19848234951496124,1,T1620,MEDIUM_CANDIDATE,0,3,2.0635323263704777,0.37413985282182693,0.18131039094497592,False,False,False,True
173,5965,180solutions,Ako,False,0.15111811459064484,1,T1620,MEDIUM_CANDIDATE,0,1,1.4352768808603287,0.09717041999101639,0.0677015154962789,False,False,False,True
174,5654,180solutions,180solutions,True,0.7569446563720703,2,T1055; T1620,HIGH_CANDIDATE,1,1,3.3250487111508846,0.1993238478899002,0.05994614371255605,False,False,False,True
175,5765,180solutions,180solutions,True,0.510696530342102,2,T1014; T1620,MEDIUM_CANDIDATE,0,5,3.413265883922577,0.954216405749321,0.27956111190866884,False,False,False,True
176,5721,180solutions,Shade,False,0.4167785346508026,1,T1620,MEDIUM_CANDIDATE,0,3,2.3771391436457634,0.38379789888858795,0.1614536952599106,False,False,False,True
177,5673,180solutions,Transponder,False,0.4078468680381775,2,T1055; T1620,HIGH_CANDIDATE,2,2,2.7297535613179207,0.7664352208375931,0.28077084748542624,False,False,False,True
178,5837,180solutions,CWS,False,0.17273007333278656,1,T1620,MEDIUM_CANDIDATE,0,5,1.4387216791510582,0.5013915151357651,0.3484979217325894,False,False,False,True
179,5836,180solutions,Maze,False,0.13808919489383698,1,T1620,MEDIUM_CANDIDATE,0,4,1.175981566309929,0.7246420942246914,0.6162019159012163,False,False,False,True
180,5985,180solutions,Transponder,False,0.35587647557258606,3,T1014; T1055; T1620,HIGH_CANDIDATE,2,5,2.5277710407972336,1.3048804700374603,0.5162178254981171,False,False,False,True
181,5675,180solutions,CWS,False,0.39906832575798035,2,T1014; T1620,MEDIUM_CANDIDATE,0,4,2.5168593302369118,0.5075091868638992,0.20164384269188673,False,False,False,True
182,5752,180solutions,Transponder,False,0.36112475395202637,1,T1620,MEDIUM_CANDIDATE,0,2,1.9833669550716877,0.28217922151088715,0.14227282590814766,False,False,False,True
183,5835,180solutions,Gator,False,0.3686927258968353,2,T1014; T1620,MEDIUM_CANDIDATE,0,6,2.500999189913273,0.641449511051178,0.25647729660936897,False,False,False,True
184,5681,180solutions,Transponder,False,0.2748079001903534,1,T1620,MEDIUM_CANDIDATE,0,3,1.6466587744653225,0.2961927503347397,0.17987500199057016,False,False,False,True
185,5657,180solutions,Zeus,False,0.16923679411411285,3,T1014; T1055; T1620,HIGH_CANDIDATE,1,6,1.5751116871833801,0.7162352427840233,0.45472028974960976,False,False,False,True
186,5738,180solutions,Gator,False,0.8304377794265747,2,T1014; T1620,MEDIUM_CANDIDATE,0,5,3.703813537955284,1.6754139736294746,0.45234835837724124,False,False,False,True
187,5759,180solutions,180solutions,True,0.3653997778892517,2,T1014; T1620,MEDIUM_CANDIDATE,0,4,1.931239079684019,0.3309524692595005,0.1713679433794647,False,False,False,True
188,5982,180solutions,Reconyc,False,0.3247850835323334,2,T1055; T1620,HIGH_CANDIDATE,2,1,2.8637849017977715,0.5663995072245598,0.19778004516644965,False,False,False,True
189,5696,180solutions,180solutions,True,0.18119564652442932,1,T1620,MEDIUM_CANDIDATE,0,1,1.4496057890355587,0.08901865035295486,0.061408867863434864,False,False,False,True
190,5667,180solutions,Maze,False,0.2611522078514099,2,T1014; T1620,MEDIUM_CANDIDATE,0,2,1.9851640164852142,0.3957616575062275,0.19935967719530504,False,False,False,True
191,5925,180solutions,Emotet,False,0.2900503873825073,1,T1620,MEDIUM_CANDIDATE,0,2,2.210054386407137,0.11586935073137283,0.0524282802468678,False,False,False,True
192,5921,180solutions,Ako,False,0.33413001894950867,2,T1014; T1055,HIGH_CANDIDATE,2,2,2.3742258585989475,1.199998177587986,0.5054271366988294,False,False,False,True
193,5796,180solutions,180solutions,True,0.9103665351867676,2,T1055; T1620,HIGH_CANDIDATE,2,2,3.7202434986829758,1.4237180799245834,0.3826948640401097,False,False,False,True
194,5649,180solutions,180solutions,True,0.20523612201213837,1,T1620,MEDIUM_CANDIDATE,0,3,1.3898937813937664,0.21252648532390594,0.15290843672297555,False,False,False,True
195,5954,180solutions,180solutions,True,0.9042374491691589,2,T1055; T1620,HIGH_CANDIDATE,2,2,3.7240645810961723,1.3944159224629402,0.37443387247932636,False,False,False,True
196,5729,180solutions,180solutions,True,0.49379149079322815,2,T1055; T1620,HIGH_CANDIDATE,2,3,2.208761479705572,0.505664549767971,0.22893578795813485,False,False,False,True
197,5975,180solutions,Emotet,False,0.35822534561157227,1,T1620,MEDIUM_CANDIDATE,0,4,2.2711496129631996,0.596405453979969,0.2626006893494924,False,False,False,True
198,5866,180solutions,Shade,False,0.17866308987140656,3,T1014; T1055; T1620,HIGH_CANDIDATE,1,3,1.4387769140303135,0.28127018734812737,0.19549256358321113,False,False,False,True
199,5966,180solutions,Zeus,False,0.19477355480194092,2,T1014; T1620,MEDIUM_CANDIDATE,0,3,2.074566390365362,0.5065082088112831,0.24415136153925612,False,False,False,True
200,5733,180solutions,180solutions,True,0.405825674533844,1,T1620,MEDIUM_CANDIDATE,0,3,2.3488614819943905,0.5416497737169266,0.2306009859964233,False,False,False,True
201,5801,180solutions,180solutions,True,0.7943841218948364,2,T1055; T1620,HIGH_CANDIDATE,1,1,3.8541845232248306,0.15620264783501625,0.040528066804731006,False,False,False,True
202,5895,180solutions,Conti,False,0.4217253029346466,3,T1014; T1055; T1620,HIGH_CANDIDATE,1,5,2.185321044176817,1.2361110374331474,0.5656427648134305,False,False,False,True
203,5828,180solutions,180solutions,True,0.29279011487960815,1,T1620,MEDIUM_CANDIDATE,0,2,1.8172239288687706,0.15602274239063263,0.08585774153202871,False,False,False,True
204,5736,180solutions,Gator,False,0.7265645861625671,2,T1014; T1620,MEDIUM_CANDIDATE,0,6,3.5835053995251656,1.8850402384996414,0.5260324817005773,False,False,False,True
205,5896,180solutions,Emotet,False,0.2765410244464874,1,T1620,MEDIUM_CANDIDATE,0,3,2.0132881850004196,0.47264184057712555,0.23476114552225769,False,False,False,True
206,5879,180solutions,Pysa,False,0.20732185244560242,2,T1014; T1620,MEDIUM_CANDIDATE,0,3,1.705430269241333,0.3524540960788727,0.2066657912877688,False,False,False,True
207,5813,180solutions,Emotet,False,0.3895217180252075,1,T1620,MEDIUM_CANDIDATE,0,1,2.2958290949463844,0.06741075217723846,0.029362269310735753,False,False,False,True
208,5682,180solutions,Transponder,False,0.36508116126060486,1,T1620,MEDIUM_CANDIDATE,0,2,2.770323723554611,0.8111098259687424,0.29278521462033497,False,False,False,True
209,5707,180solutions,180solutions,True,0.36775434017181396,2,T1014; T1620,MEDIUM_CANDIDATE,0,3,1.9890361949801445,0.4149196892976761,0.20860338808556372,False,False,False,True
210,5993,180solutions,Gator,False,0.21067148447036743,2,T1055; T1620,HIGH_CANDIDATE,2,2,2.294730208814144,0.6288765072822571,0.274052481144284,False,False,False,True
211,5884,180solutions,180solutions,True,0.30120334029197693,2,T1055; T1620,HIGH_CANDIDATE,1,3,2.0565368831157684,0.9381171613931656,0.4561635480963831,False,False,False,True
212,5971,180solutions,Reconyc,False,0.1491813361644745,2,T1055; T1620,HIGH_CANDIDATE,2,3,2.083207178860903,1.0743995681405067,0.515743023086157,False,False,False,True
213,5883,180solutions,180solutions,True,0.13553325831890106,1,T1055,HIGH_CANDIDATE,2,0,1.4168912321329117,0.15458232909440994,0.10909964405786465,False,False,False,True
214,5684,180solutions,Gator,False,0.36531779170036316,1,T1620,MEDIUM_CANDIDATE,0,5,2.827262219041586,0.7711415477097034,0.27275204348435456,False,False,False,True
215,5786,180solutions,180solutions,True,0.41368231177330017,2,T1055; T1620,HIGH_CANDIDATE,1,3,1.8595853205770254,0.24326936528086662,0.13081914692969326,False,False,False,True
216,5983,180solutions,Reconyc,False,0.41564133763313293,2,T1055; T1620,HIGH_CANDIDATE,2,1,2.977639425545931,0.47684403508901596,0.16014163131977932,False,False,False,True
217,5910,180solutions,Emotet,False,0.4053393006324768,1,T1620,MEDIUM_CANDIDATE,0,4,2.290048085153103,0.6368458047509193,0.2780927653352495,False,False,False,True
218,5808,180solutions,Transponder,False,0.6264553666114807,2,T1014; T1620,MEDIUM_CANDIDATE,0,5,2.873119078576565,0.764901839196682,0.26622698825822383,False,False,False,True
219,5876,180solutions,Conti,False,0.3126240074634552,3,T1014; T1055; T1620,HIGH_CANDIDATE,1,4,2.0940148532390594,0.7405993267893791,0.35367434268377174,False,False,False,True
220,5981,180solutions,Shade,False,0.35056072473526,3,T1014; T1055; T1620,HIGH_CANDIDATE,1,2,1.98733951151371,0.20117004215717316,0.10122580514888804,False,False,False,True
221,5821,180solutions,Transponder,False,0.40607255697250366,2,T1014; T1620,MEDIUM_CANDIDATE,0,4,2.217999778687954,0.47510509192943573,0.21420430087260045,False,False,False,True
222,5712,180solutions,Shade,False,0.3701705038547516,2,T1055; T1620,HIGH_CANDIDATE,1,1,2.272211268544197,0.1401677504181862,0.06168781589926341,False,False,False,True
223,5948,180solutions,Refroso,False,0.3470398485660553,1,T1620,MEDIUM_CANDIDATE,0,4,3.154690645635128,0.8332354687154293,0.26412588818124055,False,False,False,True
224,5650,180solutions,Transponder,False,0.30995041131973267,1,T1620,MEDIUM_CANDIDATE,0,3,2.438347566872835,0.7267027832567692,0.2980308439738805,False,False,False,True
225,5843,180solutions,TIBS,False,0.1306414008140564,2,T1014; T1620,MEDIUM_CANDIDATE,0,6,1.8851963244378567,1.3979834653437138,0.7415585566455929,False,False,False,True
226,5789,180solutions,Gator,False,0.16933658719062805,2,T1014; T1620,MEDIUM_CANDIDATE,0,5,1.5970927327871323,0.693087637424469,0.4339683120434353,False,False,False,True
227,5719,180solutions,180solutions,True,0.6461493968963623,3,T1014; T1055; T1620,HIGH_CANDIDATE,1,3,2.330557242035866,0.42388973385095596,0.18188342521922599,False,False,False,True
228,5992,180solutions,Gator,False,0.29594913125038147,2,T1055; T1620,HIGH_CANDIDATE,2,4,2.716973304748535,0.8532064706087112,0.31402828622479906,False,False,False,True
229,5945,180solutions,Refroso,False,0.40138986706733704,1,T1620,MEDIUM_CANDIDATE,0,3,2.805282510817051,0.40345361828804016,0.14381924698576348,False,False,False,True
230,5677,180solutions,CWS,False,0.5486469268798828,1,T1620,MEDIUM_CANDIDATE,0,5,2.6438493132591248,1.0654492005705833,0.40299165131207243,False,False,False,True
231,5787,180solutions,180solutions,True,0.23069600760936737,2,T1055; T1620,HIGH_CANDIDATE,1,1,1.696545708924532,0.08698835968971252,0.05127380844036078,False,False,False,True
232,5794,180solutions,180solutions,True,0.5143399834632874,1,T1055,HIGH_CANDIDATE,2,0,2.502688780426979,0.9986883103847504,0.3990461451680644,False,False,False,True
233,5811,180solutions,Scar,False,0.31764161586761475,1,T1620,MEDIUM_CANDIDATE,0,5,2.310468640178442,1.1175419762730598,0.4836862776837992,False,False,False,True
234,5784,180solutions,180solutions,True,0.9819772243499756,1,T1620,MEDIUM_CANDIDATE,0,1,5.574084654450417,0.10923976451158524,0.019597794307692634,False,False,False,True
235,5702,180solutions,180solutions,True,0.6285141110420227,3,T1014; T1055; T1620,HIGH_CANDIDATE,2,4,2.7149036563932896,1.1131758987903595,0.4100240891307346,False,False,False,True
236,5842,180solutions,180solutions,True,0.3411942422389984,3,T1014; T1055; T1620,HIGH_CANDIDATE,1,2,1.9832340069115162,0.133819580078125,0.06747543638913382,False,False,False,True
237,5802,180solutions,180solutions,True,0.9608353972434998,1,T1620,MEDIUM_CANDIDATE,0,3,4.830627202987671,0.35027550160884857,0.07251139176962536,False,False,False,True
238,5715,180solutions,Transponder,False,0.36531227827072144,2,T1014; T1620,MEDIUM_CANDIDATE,0,5,2.0656033381819725,0.5903258696198463,0.2857885919856316,False,False,False,True
239,5686,180solutions,Conti,False,0.5897486805915833,3,T1014; T1055; T1620,HIGH_CANDIDATE,1,6,3.078045576810837,1.3838805630803108,0.44959716435198127,False,False,False,True
240,5762,180solutions,Transponder,False,0.32677334547042847,2,T1014; T1620,MEDIUM_CANDIDATE,0,7,2.1063779145479202,0.6959152221679688,0.3303847886751742,False,False,False,True
241,5804,180solutions,180solutions,True,0.4174375832080841,3,T1014; T1055; T1620,HIGH_CANDIDATE,1,4,2.6931978464126587,0.5957130752503872,0.22119172419652622,False,False,False,True
242,5774,180solutions,180solutions,True,0.37736237049102783,1,T1055,HIGH_CANDIDATE,1,0,1.7649196833372116,0.05147979035973549,0.02916834734507269,False,False,False,True
243,5652,180solutions,Transponder,False,0.31044524908065796,2,T1014; T1620,MEDIUM_CANDIDATE,0,5,2.035844422876835,0.5056432783603668,0.24837029425158455,False,False,False,True
244,5714,180solutions,180solutions,True,0.506686806678772,3,T1014; T1055; T1620,HIGH_CANDIDATE,1,2,2.6220743060112,0.6955787017941475,0.2652780282387529,False,False,False,True
245,5791,180solutions,Conti,False,0.21158888936042786,3,T1014; T1055; T1620,HIGH_CANDIDATE,2,3,1.6848474070429802,0.9318859875202179,0.5530981521678215,False,False,False,True
246,5845,180solutions,Emotet,False,0.1930846869945526,1,T1620,MEDIUM_CANDIDATE,0,4,1.7297314405441284,0.4320433810353279,0.24977483261761046,False,False,False,True
247,5960,180solutions,Gator,False,0.3472147583961487,2,T1014; T1620,MEDIUM_CANDIDATE,0,5,3.171135727316141,1.5664348974823952,0.49396652561703236,False,False,False,True
248,5832,180solutions,Transponder,False,0.2634512186050415,1,T1014,MEDIUM_CANDIDATE,0,1,2.1629590913653374,0.043937571346759796,0.020313639551557502,False,False,False,True
249,5980,180solutions,Emotet,False,0.44215989112854004,1,T1620,MEDIUM_CANDIDATE,0,4,3.286284439265728,1.1905019208788872,0.36226380974645256,False,False,False,True
250,8921,Ako,CWS,False,0.29273471236228943,1,T1620,MEDIUM_CANDIDATE,0,1,2.1823315620422363,0.10375261306762695,0.04754209436926017,False,False,False,True
251,8958,Ako,Transponder,False,0.4180508852005005,3,T1014; T1055; T1620,HIGH_CANDIDATE,1,2,3.209232658147812,1.120356723666191,0.34910423861659123,False,False,False,True
252,9045,Ako,Ako,True,0.5418142080307007,2,T1055; T1620,HIGH_CANDIDATE,2,4,2.7032408267259598,1.4399266093969345,0.5326667883826344,False,False,False,True
253,8848,Ako,Ako,True,0.15608401596546173,2,T1014; T1620,MEDIUM_CANDIDATE,0,3,1.5181295201182365,0.34694553911685944,0.22853487434315767,False,False,False,True
254,8910,Ako,Conti,False,0.20460064709186554,2,T1014; T1055,HIGH_CANDIDATE,1,1,1.5385484956204891,0.4158894121646881,0.27031283924330374,False,False,False,True
255,9035,Ako,Scar,False,0.4329899251461029,2,T1055; T1620,HIGH_CANDIDATE,1,5,2.5242276340723038,1.027588177472353,0.4070901386237335,False,False,False,True
256,9084,Ako,Emotet,False,0.1823878437280655,1,T1620,MEDIUM_CANDIDATE,0,1,1.7855456918478012,0.05650870501995087,0.03164786276708041,False,False,False,True
257,9059,Ako,Ako,True,0.31037306785583496,2,T1055; T1620,HIGH_CANDIDATE,2,2,2.3612319231033325,1.1203838773071766,0.47449124600800435,False,False,False,True
258,9080,Ako,Zeus,False,0.3808880150318146,1,T1620,MEDIUM_CANDIDATE,0,1,2.825732722878456,0.07939502596855164,0.02809714638816768,False,False,False,True
259,8953,Ako,Ako,True,0.26377588510513306,0,,CONTEXT_ONLY,0,0,1.5460612326860428,0.0,0.0,False,False,False,True
260,8834,Ako,Scar,False,0.47922614216804504,1,T1620,MEDIUM_CANDIDATE,0,4,2.4689409993588924,0.5612397566437721,0.22732003591398448,False,False,False,True
261,8896,Ako,Ako,True,0.42416995763778687,3,T1014; T1055; T1620,HIGH_CANDIDATE,2,3,2.6270988918840885,1.3264475651085377,0.5049096435639859,False,False,False,True
262,8876,Ako,TIBS,False,0.3651627004146576,2,T1014; T1620,MEDIUM_CANDIDATE,0,3,3.386048849672079,0.7483217194676399,0.22100145411077307,False,False,False,True
263,8844,Ako,Ako,True,0.12586762011051178,2,T1014; T1620,MEDIUM_CANDIDATE,0,5,0.8785808365792036,0.29381451942026615,0.3344194491701492,False,False,False,True
264,8789,Ako,Ako,True,0.6483630537986755,3,T1014; T1055; T1620,HIGH_CANDIDATE,2,5,2.860642846673727,1.4967306815087795,0.5232148023124015,False,False,False,True
265,8949,Ako,Ako,True,0.4883460998535156,2,T1055; T1620,HIGH_CANDIDATE,2,3,2.5368157885968685,1.3727360926568508,0.5411256500481343,False,False,False,True
266,8999,Ako,Maze,False,0.22091664373874664,1,T1620,MEDIUM_CANDIDATE,0,2,1.6601487509906292,0.6600236147642136,0.3975689614381664,False,False,False,True
267,9070,Ako,Conti,False,0.17632828652858734,3,T1014; T1055; T1620,HIGH_CANDIDATE,1,5,1.162179172039032,0.9619203023612499,0.8276867504634162,False,False,False,True
268,8981,Ako,Conti,False,0.24215026199817657,3,T1014; T1055; T1620,HIGH_CANDIDATE,1,5,1.6809548810124397,1.0539441965520382,0.6269913657154481,False,False,False,True
269,9006,Ako,Maze,False,0.4947150945663452,2,T1055; T1620,HIGH_CANDIDATE,2,1,2.7001738026738167,0.5998009592294693,0.2221342043373368,False,False,False,True
270,8850,Ako,Ako,True,0.6294342875480652,3,T1014; T1055; T1620,HIGH_CANDIDATE,2,4,2.739115685224533,1.4899501949548721,0.5439530002299763,False,False,False,True
271,8820,Ako,Conti,False,0.13185828924179077,2,T1055; T1620,HIGH_CANDIDATE,1,3,1.2154013812541962,0.6901329159736633,0.5678230472813037,False,False,False,True
272,8939,Ako,Ako,True,0.15675732493400574,2,T1014; T1620,MEDIUM_CANDIDATE,0,6,1.1127862595021725,0.3563440591096878,0.32022686842764,False,False,False,True
273,8984,Ako,Reconyc,False,0.2490207850933075,2,T1055; T1620,HIGH_CANDIDATE,2,3,2.347285930067301,0.6844357773661613,0.2915860264823116,False,False,False,True
274,8826,Ako,Ako,True,0.35465070605278015,2,T1055; T1620,HIGH_CANDIDATE,2,4,2.5925859957933426,1.4252095595002174,0.5497250860001259,False,False,False,True
275,8898,Ako,TIBS,False,0.13127990067005157,2,T1014; T1620,MEDIUM_CANDIDATE,0,3,1.7136608138680458,0.6950825303792953,0.40561266544361657,False,False,False,True
276,9063,Ako,Ako,True,0.26688286662101746,2,T1014; T1620,MEDIUM_CANDIDATE,0,5,2.2288013249635696,0.884584091603756,0.39688781664656214,False,False,False,True
277,9055,Ako,Zeus,False,0.2603858709335327,2,T1014; T1620,MEDIUM_CANDIDATE,0,2,1.9102247580885887,0.1300237849354744,0.06806727029628647,False,False,False,True
278,9076,Ako,Maze,False,0.2579490542411804,1,T1620,MEDIUM_CANDIDATE,0,3,2.538359969854355,0.8785068243741989,0.34609229376738304,False,False,False,True
279,4662,Ako,Ako,True,0.5550152063369751,3,T1014; T1055; T1620,HIGH_CANDIDATE,2,4,2.5928017757833004,1.293107956647873,0.49872997184955165,False,False,False,True
280,8925,Ako,Shade,False,0.3621456027030945,2,T1055; T1620,HIGH_CANDIDATE,1,2,2.320320811122656,0.42141226679086685,0.18161810417369495,False,False,False,True
281,8977,Ako,Ako,True,0.1786276400089264,2,T1014; T1620,MEDIUM_CANDIDATE,0,6,2.0210478380322456,0.3834914118051529,0.18974880484696094,False,False,False,True
282,4680,Ako,CWS,False,0.42590081691741943,3,T1014; T1055; T1620,HIGH_CANDIDATE,1,2,2.685554414987564,0.54269789904356,0.2020803957703732,False,False,False,True
283,8982,Ako,CWS,False,0.31620514392852783,0,,CONTEXT_ONLY,0,0,1.7685061506927013,0.0,0.0,False,False,False,True
284,8830,Ako,Conti,False,0.15972299873828888,3,T1014; T1055; T1620,HIGH_CANDIDATE,1,2,1.4966306947171688,0.7517737597227097,0.5023107987670792,False,False,False,True
285,8996,Ako,Ako,True,0.6486243605613708,2,T1055; T1620,HIGH_CANDIDATE,2,4,3.1596669517457485,1.6328600160777569,0.5167823194705964,False,False,False,True
286,4670,Ako,Maze,False,0.28781548142433167,1,T1620,MEDIUM_CANDIDATE,0,1,2.1136252731084824,0.3620453476905823,0.17129117081294484,False,False,False,True
287,8991,Ako,Scar,False,0.2920863628387451,1,T1620,MEDIUM_CANDIDATE,0,4,2.2313598729670048,0.7519826740026474,0.3370064520353446,False,False,False,True
288,8962,Ako,Ako,True,0.7155093550682068,3,T1014; T1055; T1620,HIGH_CANDIDATE,2,5,3.1252317652106285,1.8052686676383018,0.577643132817906,False,False,False,True
289,9065,Ako,Pysa,False,0.1658094823360443,1,T1620,MEDIUM_CANDIDATE,0,4,1.6775708198547363,0.7136744856834412,0.42542137550129744,False,False,False,True
290,4676,Ako,CWS,False,0.2884522080421448,2,T1014; T1620,MEDIUM_CANDIDATE,0,3,2.0396460108458996,0.23714054375886917,0.1162655394602126,False,False,False,True
291,8955,Ako,Ako,True,0.3514150083065033,3,T1014; T1055; T1620,HIGH_CANDIDATE,2,3,3.062078580260277,1.6981648430228233,0.5545791195464616,False,False,False,True
292,8833,Ako,Zeus,False,0.30971476435661316,2,T1014; T1620,MEDIUM_CANDIDATE,0,5,2.293413322418928,0.3666263185441494,0.1598605515020983,False,False,False,True
293,9014,Ako,CWS,False,0.3125258684158325,2,T1055; T1620,HIGH_CANDIDATE,1,1,2.472427662461996,0.4102949723601341,0.1659482210903474,False,False,False,True
294,9022,Ako,Reconyc,False,0.41007867455482483,2,T1055; T1620,HIGH_CANDIDATE,1,3,3.2234523743391037,0.8680893927812576,0.269304240289649,False,False,False,True
295,9029,Ako,Reconyc,False,0.19657842814922333,2,T1055; T1620,HIGH_CANDIDATE,2,4,2.1761010996997356,1.2068005055189133,0.5545700545279955,False,False,False,True
296,8904,Ako,Emotet,False,0.20842407643795013,1,T1620,MEDIUM_CANDIDATE,0,2,1.9649686478078365,0.20089907571673393,0.10224034665431506,False,False,False,True
297,4686,Ako,180solutions,False,0.254586398601532,2,T1055; T1620,HIGH_CANDIDATE,1,1,1.7568148002028465,0.10003473237156868,0.056940966321560135,False,False,False,True
298,8864,Ako,Conti,False,0.14029866456985474,2,T1055; T1620,HIGH_CANDIDATE,1,4,1.0591182857751846,0.7708216868340969,0.7277956552982379,False,False,False,True
299,4666,Ako,Shade,False,0.20990115404129028,1,T1620,MEDIUM_CANDIDATE,0,1,1.950229525566101,0.08132951706647873,0.0417025360350192,False,False,False,True
300,9000,Ako,Emotet,False,0.16448929905891418,2,T1014; T1620,MEDIUM_CANDIDATE,0,2,1.6089272946119308,0.25696831941604614,0.1597140655619409,False,False,False,True
301,4679,Ako,CWS,False,0.21402418613433838,1,T1014,MEDIUM_CANDIDATE,0,2,1.342797912657261,0.1796940416097641,0.13382061434260634,False,False,False,True
302,8927,Ako,Pysa,False,0.2095048427581787,1,T1620,MEDIUM_CANDIDATE,0,5,1.5481764897704124,0.5417292043566704,0.3499143721249806,False,False,False,True
303,8966,Ako,Ako,True,0.3843328058719635,3,T1014; T1055; T1620,HIGH_CANDIDATE,2,3,2.428821101784706,1.540769949555397,0.6343694677319931,False,False,False,True
304,8845,Ako,Pysa,False,0.27080783247947693,2,T1014; T1620,MEDIUM_CANDIDATE,0,4,2.3931249380111694,0.6194496601819992,0.2588455163134103,False,False,False,True
305,8930,Ako,Scar,False,0.2212851196527481,1,T1620,MEDIUM_CANDIDATE,0,3,2.212406247854233,0.9426563456654549,0.4260774198137064,False,False,False,True
306,9015,Ako,Reconyc,False,0.21117445826530457,2,T1055; T1620,HIGH_CANDIDATE,2,3,1.773952428251505,0.643791913986206,0.3629138548099394,False,False,False,True
307,4669,Ako,Emotet,False,0.4226481020450592,2,T1014; T1620,MEDIUM_CANDIDATE,0,2,2.5668222717940807,0.42146826535463333,0.16419846048010486,False,False,False,True
308,8912,Ako,Ako,True,0.1767517626285553,1,T1620,MEDIUM_CANDIDATE,0,3,1.574874822050333,0.18853559345006943,0.1197146533872543,False,False,False,True
309,9036,Ako,Zeus,False,0.34490618109703064,1,T1620,MEDIUM_CANDIDATE,0,3,2.7731441147625446,0.33303531631827354,0.12009304332414411,False,False,False,True
310,8863,Ako,Ako,True,0.5212039351463318,3,T1014; T1055; T1620,HIGH_CANDIDATE,2,5,2.5292856507003307,1.4529516287147999,0.5744513785196599,False,False,False,True
311,9058,Ako,Shade,False,0.3313553035259247,2,T1014; T1620,MEDIUM_CANDIDATE,0,6,1.8202754333615303,0.5429314337670803,0.2982688354830129,False,False,False,True
312,9005,Ako,Ako,True,0.25058165192604065,2,T1014; T1620,MEDIUM_CANDIDATE,0,4,1.7028126828372478,0.34558891505002975,0.20295180939937865,False,False,False,True
313,9048,Ako,Pysa,False,0.36699387431144714,3,T1014; T1055; T1620,HIGH_CANDIDATE,2,3,2.009989820420742,0.8370241746306419,0.4164320466336648,False,False,False,True
314,8906,Ako,Conti,False,0.2461577206850052,3,T1014; T1055; T1620,HIGH_CANDIDATE,1,6,1.5627974607050419,1.294802401214838,0.8285158082037705,False,False,False,True
315,8970,Ako,Ako,True,0.1605820208787918,2,T1014; T1620,MEDIUM_CANDIDATE,0,3,1.347397543489933,0.12586043402552605,0.0934100218852495,False,False,False,True
316,8796,Ako,Pysa,False,0.2166460156440735,2,T1014; T1620,MEDIUM_CANDIDATE,0,5,1.5568953976035118,0.4729819968342781,0.3037981855186462,False,False,False,True
317,9002,Ako,Conti,False,0.1342744678258896,1,T1055,HIGH_CANDIDATE,1,0,1.2049496360123158,0.36029377579689026,0.2990114814999684,False,False,False,True
318,9034,Ako,Ako,True,0.41953015327453613,2,T1014; T1620,MEDIUM_CANDIDATE,0,4,2.6601810418069363,0.5014741122722626,0.18851127212440952,False,False,False,True
319,8903,Ako,Maze,False,0.22419974207878113,2,T1014; T1620,MEDIUM_CANDIDATE,0,3,1.8196962885558605,0.7652939260005951,0.42056134906333426,False,False,False,True
320,8947,Ako,Conti,False,0.2338276207447052,2,T1055; T1620,HIGH_CANDIDATE,1,5,1.6813660562038422,0.9776009172201157,0.5814325283973707,False,False,False,True
321,4671,Ako,Ako,True,0.14475804567337036,2,T1014; T1620,MEDIUM_CANDIDATE,0,4,1.8426825031638145,0.4727719873189926,0.2565672526369906,False,False,False,True
322,8798,Ako,Shade,False,0.1408449113368988,1,T1620,MEDIUM_CANDIDATE,0,5,1.2655350752174854,0.2959499917924404,0.23385364624649432,False,False,False,True
323,8960,Ako,CWS,False,0.41831257939338684,3,T1014; T1055; T1620,HIGH_CANDIDATE,1,3,2.542658969759941,0.6279473900794983,0.24696484961126516,False,False,False,True
324,8859,Ako,Pysa,False,0.3993704617023468,2,T1055; T1620,HIGH_CANDIDATE,2,4,2.3100900128483772,0.8766817972064018,0.3795011416570038,False,False,False,True
325,8871,Ako,Pysa,False,0.19232234358787537,1,T1620,MEDIUM_CANDIDATE,0,5,1.4459742195904255,0.47595643997192383,0.32915969975366455,False,False,False,True
326,9007,Ako,Ako,True,0.5953502655029297,3,T1014; T1055; T1620,HIGH_CANDIDATE,2,3,2.9170848801732063,1.3672743812203407,0.46871258032750723,False,False,False,True
327,8920,Ako,Conti,False,0.14026091992855072,3,T1014; T1055; T1620,HIGH_CANDIDATE,1,5,1.2707451432943344,0.9522577598690987,0.7493695843687623,False,False,False,True
328,8980,Ako,Conti,False,0.4307011067867279,3,T1014; T1055; T1620,HIGH_CANDIDATE,1,5,2.232599787414074,1.1397243440151215,0.5104920059744411,False,False,False,True
329,8878,Ako,Ako,True,0.885624349117279,1,T1620,MEDIUM_CANDIDATE,0,3,4.771753184497356,0.2990424409508705,0.06266930190824001,False,False,False,True
330,9039,Ako,CWS,False,0.295540988445282,2,T1014; T1620,MEDIUM_CANDIDATE,0,7,2.216854341328144,0.8205552399158478,0.37014395786790544,False,False,False,True
331,4688,Ako,Transponder,False,0.3933562636375427,1,T1620,MEDIUM_CANDIDATE,0,3,2.1549974754452705,0.3333049416542053,0.1546660473861284,False,False,False,True
332,4684,Ako,CWS,False,0.4427432119846344,2,T1055; T1620,HIGH_CANDIDATE,1,1,2.828570857644081,0.4499606192111969,0.15907701869840002,False,False,False,True
333,8993,Ako,Pysa,False,0.18075472116470337,1,T1620,MEDIUM_CANDIDATE,0,2,1.825234241783619,0.3368067443370819,0.18452795626272842,False,False,False,True
334,4665,Ako,Refroso,False,0.6273659467697144,2,T1014; T1620,MEDIUM_CANDIDATE,0,5,3.7632956132292747,0.6326283439993858,0.1681048764214749,False,False,False,True
335,8899,Ako,Shade,False,0.2648293673992157,3,T1014; T1055; T1620,HIGH_CANDIDATE,1,2,1.9283350966870785,0.1623481810092926,0.08419085525550528,False,False,False,True
336,9001,Ako,Pysa,False,0.25420278310775757,2,T1014; T1620,MEDIUM_CANDIDATE,0,4,2.2569532468914986,0.5558478310704231,0.24628238614866846,False,False,False,True
337,8944,Ako,Ako,True,0.40919172763824463,2,T1055; T1620,HIGH_CANDIDATE,2,2,2.7041703686118126,1.4725148528814316,0.5445347933596906,False,False,False,True
338,8954,Ako,CWS,False,0.5480917692184448,3,T1014; T1055; T1620,HIGH_CANDIDATE,1,2,2.6547360569238663,0.49883997440338135,0.1879056763863012,False,False,False,True
339,8808,Ako,Zeus,False,0.41134777665138245,2,T1014; T1620,MEDIUM_CANDIDATE,0,4,2.7831477224826813,0.3823377713561058,0.1373760250911313,False,False,False,True
340,9027,Ako,Reconyc,False,0.1984875351190567,2,T1055; T1620,HIGH_CANDIDATE,2,1,1.938960239291191,0.5621571019291878,0.28992709109635517,False,False,False,True
341,8940,Ako,Conti,False,0.35209059715270996,3,T1014; T1055; T1620,HIGH_CANDIDATE,1,6,2.1026973947882652,1.2505616322159767,0.594741609189992,False,False,False,True
342,8914,Ako,Ako,True,0.453464150428772,2,T1055; T1620,HIGH_CANDIDATE,2,3,2.73448321595788,1.5920871682465076,0.5822259792839156,False,False,False,True
343,8938,Ako,Conti,False,0.46972987055778503,3,T1014; T1055; T1620,HIGH_CANDIDATE,1,4,2.442424688488245,0.894916009157896,0.36640475072818324,False,False,False,True
344,4644,Ako,Zeus,False,0.22203515470027924,2,T1014; T1620,MEDIUM_CANDIDATE,0,5,2.1036435663700104,0.9726349376142025,0.46235728959186495,False,False,False,True
345,4657,Ako,Transponder,False,0.21987231075763702,1,T1620,MEDIUM_CANDIDATE,0,2,1.3951020650565624,0.19338998198509216,0.13862066928934796,False,False,False,True
346,4653,Ako,Zeus,False,0.2524404227733612,2,T1055; T1620,HIGH_CANDIDATE,2,1,1.787256058305502,0.8011883348226547,0.44827842720100314,False,False,False,True
347,4655,Ako,Transponder,False,0.3002108037471771,1,T1620,MEDIUM_CANDIDATE,0,3,2.1316619478166103,0.37899982929229736,0.17779546596517995,False,False,False,True
348,4673,Ako,TIBS,False,0.14826063811779022,1,T1620,MEDIUM_CANDIDATE,0,1,2.308726951479912,0.17373333871364594,0.07525070844877586,False,False,False,True
349,9066,Ako,Shade,False,0.3332975506782532,2,T1014; T1620,MEDIUM_CANDIDATE,0,4,2.384486898779869,0.3995959721505642,0.16758153393714834,False,False,False,True
350,8979,Ako,Pysa,False,0.19525766372680664,1,T1620,MEDIUM_CANDIDATE,0,4,1.7850040346384048,0.5541961640119553,0.3104733396998853,False,False,False,True
351,8973,Ako,TIBS,False,0.25075605511665344,0,,CONTEXT_ONLY,0,0,2.444243937730789,0.0,0.0,False,False,False,True
352,4682,Ako,CWS,False,0.3773862421512604,3,T1014; T1055; T1620,HIGH_CANDIDATE,1,4,2.4136329405009747,0.6966367661952972,0.28862581153317496,False,False,False,True
353,9020,Ako,Ako,True,0.23349253833293915,1,T1620,MEDIUM_CANDIDATE,0,2,1.6398499198257923,0.14352494850754738,0.08752322195606449,False,False,False,True
354,8886,Ako,Ako,True,0.37509885430336,2,T1055; T1620,HIGH_CANDIDATE,2,3,2.5489410758018494,1.4047551080584526,0.5511132137946904,False,False,False,True
355,9012,Ako,Scar,False,0.2592066526412964,1,T1620,MEDIUM_CANDIDATE,0,3,2.2848930209875107,0.9489971101284027,0.4153354670925707,False,False,False,True
356,9068,Ako,Shade,False,0.4570642411708832,2,T1014; T1055,HIGH_CANDIDATE,1,1,2.599506229162216,0.19628144800662994,0.07550720433160442,False,False,False,True
357,9028,Ako,Zeus,False,0.26453259587287903,1,T1620,MEDIUM_CANDIDATE,0,3,2.4734923914074898,0.31948860734701157,0.1291649848840704,False,False,False,True
358,9004,Ako,Ako,True,0.24453552067279816,2,T1014; T1620,MEDIUM_CANDIDATE,0,5,1.619065459817648,0.38716741651296616,0.23913018103454078,False,False,False,True
359,9057,Ako,Gator,False,0.318973571062088,2,T1014; T1620,MEDIUM_CANDIDATE,0,5,2.758937757462263,1.5647762678563595,0.5671662086699912,False,False,False,True
360,8905,Ako,Zeus,False,0.428434282541275,1,T1620,MEDIUM_CANDIDATE,0,3,2.590240590274334,0.2463470846414566,0.09510586992051029,False,False,False,True
361,8836,Ako,Ako,True,0.49039462208747864,2,T1055; T1620,HIGH_CANDIDATE,2,3,2.841530419886112,1.4592845663428307,0.5135558486828793,False,False,False,True
362,8868,Ako,Shade,False,0.3267669379711151,2,T1014; T1620,MEDIUM_CANDIDATE,0,2,2.046204186975956,0.13425258174538612,0.06561054981702256,False,False,False,True
363,8870,Ako,Zeus,False,0.25192973017692566,1,T1620,MEDIUM_CANDIDATE,0,1,2.042598843574524,0.06302009522914886,0.030852898711557303,False,False,False,True
364,8842,Ako,Scar,False,0.28226038813591003,1,T1620,MEDIUM_CANDIDATE,0,3,2.2179421335458755,0.9860686659812927,0.4445871923650424,False,False,False,True
365,8895,Ako,Zeus,False,0.239310160279274,1,T1620,MEDIUM_CANDIDATE,0,1,1.821573380380869,0.06409516930580139,0.03518670726973396,False,False,False,True
366,8874,Ako,Ako,True,0.26575061678886414,1,T1620,MEDIUM_CANDIDATE,0,5,2.0131678991019726,0.38106274977326393,0.18928513113250373,False,False,False,True
367,8880,Ako,Ako,True,0.3121621906757355,2,T1055; T1620,HIGH_CANDIDATE,2,2,2.26955321803689,1.2371686734259129,0.5451155159498902,False,False,False,True
368,4656,Ako,Transponder,False,0.3449321687221527,1,T1620,MEDIUM_CANDIDATE,0,2,2.5382810458540916,0.5172979757189751,0.20379854175876433,False,False,False,True
369,8975,Ako,Refroso,False,0.49947547912597656,1,T1620,MEDIUM_CANDIDATE,0,3,3.5985191389918327,0.565197542309761,0.1570639255980469,False,False,False,True
370,8781,Ako,Conti,False,0.7685063481330872,3,T1014; T1055; T1620,HIGH_CANDIDATE,2,4,2.9509546533226967,1.5529970601201057,0.5262693746823497,False,False,False,True
371,4647,Ako,Scar,False,0.2605471909046173,1,T1620,MEDIUM_CANDIDATE,0,5,2.024445939809084,0.8303804099559784,0.41017662839358787,False,False,False,True
372,8998,Ako,180solutions,False,0.14716702699661255,1,T1620,MEDIUM_CANDIDATE,0,3,1.5468063428997993,0.3127916008234024,0.2022176869516915,False,False,False,True
373,8841,Ako,Maze,False,0.35292893648147583,1,T1620,MEDIUM_CANDIDATE,0,5,2.973745569586754,1.316014975309372,0.44254457703731925,False,False,False,True
374,8971,Ako,Ako,True,0.1791445016860962,1,T1620,MEDIUM_CANDIDATE,0,3,1.2342996262013912,0.4768761359155178,0.38635362580731236,False,False,False,True
375,6243,CWS,Ako,False,0.26179760694503784,3,T1014; T1055; T1620,HIGH_CANDIDATE,2,3,1.9735153652727604,1.1724794916808605,0.5941071006147508,False,False,False,True
376,6244,CWS,CWS,True,0.3318275809288025,2,T1055; T1620,HIGH_CANDIDATE,1,1,2.574130564928055,0.44350600242614746,0.1722935147380697,False,False,False,True
377,6064,CWS,Transponder,False,0.316819429397583,3,T1014; T1055; T1620,HIGH_CANDIDATE,1,5,2.1139069944620132,0.870685875415802,0.4118846655490586,False,False,False,True
378,6096,CWS,CWS,True,0.980158805847168,3,T1014; T1055; T1620,HIGH_CANDIDATE,1,2,5.147201135754585,1.5806971788406372,0.3070983894257525,False,False,False,True
379,6004,CWS,Transponder,False,0.3191227912902832,2,T1014; T1055,HIGH_CANDIDATE,2,4,2.4586946070194244,1.1054967641830444,0.44962752227418484,False,False,False,True
380,6092,CWS,Scar,False,0.3602440059185028,1,T1620,MEDIUM_CANDIDATE,0,4,2.3090080693364143,0.6600820794701576,0.2858725736977864,False,False,False,True
381,6021,CWS,CWS,True,0.969367504119873,2,T1014; T1620,MEDIUM_CANDIDATE,0,3,4.105306014418602,0.2486131265759468,0.06055897555572497,False,False,False,True
382,6145,CWS,CWS,True,0.6710372567176819,1,T1620,MEDIUM_CANDIDATE,0,5,3.022445924580097,1.0509267747402191,0.34770738698533454,False,False,False,True
383,6018,CWS,CWS,True,0.26926711201667786,1,T1620,MEDIUM_CANDIDATE,0,3,2.0636508092284203,0.26438724249601364,0.1281162691448102,False,False,False,True
384,6229,CWS,Gator,False,0.2247088998556137,1,T1620,MEDIUM_CANDIDATE,0,2,1.9238013476133347,0.1384746991097927,0.07197972871865603,False,False,False,True
385,6204,CWS,CWS,True,0.1891675740480423,1,T1620,MEDIUM_CANDIDATE,0,4,1.9044518545269966,0.5795276910066605,0.30430157088460297,False,False,False,True
386,6135,CWS,CWS,True,0.3881426751613617,2,T1014; T1620,MEDIUM_CANDIDATE,0,3,2.1839821189641953,0.26363272964954376,0.12071194510263562,False,False,False,True
387,6242,CWS,CWS,True,0.40580445528030396,2,T1055; T1620,HIGH_CANDIDATE,1,1,2.802701525390148,0.4389222711324692,0.15660685490631018,False,False,False,True
388,6131,CWS,CWS,True,0.333767831325531,2,T1055; T1620,HIGH_CANDIDATE,1,2,2.3483389616012573,0.6142042465507984,0.2615483780637835,False,False,False,True
389,6245,CWS,CWS,True,0.22466959059238434,1,T1620,MEDIUM_CANDIDATE,0,3,2.3189514726400375,0.48960988968610764,0.21113416794733764,False,False,False,True
390,6116,CWS,CWS,True,0.5921181440353394,2,T1014; T1620,MEDIUM_CANDIDATE,0,4,2.375962622463703,0.42410410940647125,0.17849780354149916,False,False,False,True
391,6278,CWS,CWS,True,0.8854592442512512,2,T1014; T1620,MEDIUM_CANDIDATE,0,2,3.891631528735161,0.21049625426530838,0.054089461633517716,False,False,False,True
392,6230,CWS,TIBS,False,0.1857176274061203,1,T1620,MEDIUM_CANDIDATE,0,2,2.308502919971943,0.2151026614010334,0.09317842292512574,False,False,False,True
393,6222,CWS,Conti,False,0.17458628118038177,3,T1014; T1055; T1620,HIGH_CANDIDATE,1,4,1.3863624036312103,0.7935338392853737,0.572385573358684,False,False,False,True
394,6127,CWS,CWS,True,0.2565424144268036,2,T1014; T1620,MEDIUM_CANDIDATE,0,3,2.3361950628459454,0.7239933088421822,0.30990276469474937,False,False,False,True
395,6023,CWS,CWS,True,0.8979954123497009,2,T1014; T1620,MEDIUM_CANDIDATE,0,3,3.708029679954052,0.2264978438615799,0.061083071984576603,False,False,False,True
396,6062,CWS,Gator,False,0.5725017189979553,2,T1055; T1620,HIGH_CANDIDATE,2,3,3.1947196424007416,0.732663631439209,0.22933581454697946,False,False,False,True
397,6170,CWS,Transponder,False,0.36696597933769226,2,T1055; T1620,HIGH_CANDIDATE,2,2,2.68641896545887,0.7708457186818123,0.28694173492411423,False,False,False,True
398,6196,CWS,Transponder,False,0.2423471212387085,1,T1620,MEDIUM_CANDIDATE,0,3,1.9086511693894863,0.7088221162557602,0.37137331725340295,False,False,False,True
399,6019,CWS,CWS,True,0.2518880367279053,1,T1620,MEDIUM_CANDIDATE,0,3,2.080317959189415,0.32274919748306274,0.15514416729297492,False,False,False,True
400,6001,CWS,CWS,True,0.3642817735671997,1,T1620,MEDIUM_CANDIDATE,0,3,2.125182881951332,0.3967232257127762,0.18667721685604155,False,False,False,True
401,6125,CWS,Shade,False,0.23794421553611755,2,T1055; T1620,HIGH_CANDIDATE,1,4,2.059335794299841,0.5722378790378571,0.2778749733879189,False,False,False,True
402,6239,CWS,Transponder,False,0.5839865803718567,3,T1014; T1055; T1620,HIGH_CANDIDATE,2,3,2.83909722417593,0.9384374395012856,0.33054079004767944,False,False,False,True
403,6142,CWS,Shade,False,0.24045738577842712,2,T1055; T1620,HIGH_CANDIDATE,1,3,1.9979144986718893,0.372865442186594,0.18662732686231356,False,False,False,True
404,6271,CWS,Ako,False,0.3327315151691437,2,T1014; T1055,HIGH_CANDIDATE,2,2,2.33627637475729,1.1464588195085526,0.4907205465482034,False,False,False,True
405,6206,CWS,Transponder,False,0.3575538396835327,2,T1014; T1620,MEDIUM_CANDIDATE,0,4,1.972415953874588,0.4598655477166176,0.23314836143626994,False,False,False,True
406,6279,CWS,CWS,True,0.796553373336792,0,,CONTEXT_ONLY,0,0,3.623363435268402,0.0,0.0,False,False,False,True
407,6058,CWS,Transponder,False,0.3662337064743042,3,T1014; T1055; T1620,HIGH_CANDIDATE,2,2,2.59442587941885,0.7392283231019974,0.2849294439151926,False,False,False,True
408,6098,CWS,CWS,True,0.9604513645172119,3,T1014; T1055; T1620,HIGH_CANDIDATE,1,3,4.752607598900795,1.5138614475727081,0.3185328087938169,False,False,False,True
409,6231,CWS,Transponder,False,0.48490914702415466,2,T1055; T1620,HIGH_CANDIDATE,2,2,2.826182760298252,0.7195426598191261,0.2545987718583322,False,False,False,True
410,6157,CWS,Gator,False,0.7523394227027893,2,T1014; T1620,MEDIUM_CANDIDATE,0,4,4.124734077602625,1.7197701558470726,0.4169408556991476,False,False,False,True
411,6038,CWS,Transponder,False,0.2695527970790863,1,T1620,MEDIUM_CANDIDATE,0,3,2.336444713175297,0.6108156107366085,0.261429516090065,False,False,False,True
412,6007,CWS,CWS,True,0.40492764115333557,3,T1014; T1055; T1620,HIGH_CANDIDATE,1,2,2.442351274192333,0.41937196999788284,0.1717082937369711,False,False,False,True
413,6220,CWS,CWS,True,0.3162374794483185,3,T1014; T1055; T1620,HIGH_CANDIDATE,1,3,2.4320658445358276,0.5140578225255013,0.2113667373276285,False,False,False,True
414,6005,CWS,Pysa,False,0.2615215480327606,2,T1055; T1620,HIGH_CANDIDATE,2,3,2.171371102333069,0.9784659296274185,0.4506212358523553,False,False,False,True
415,6209,CWS,Gator,False,0.13934755325317383,0,,CONTEXT_ONLY,0,0,1.2381522357463837,0.0,0.0,False,False,False,True
416,6227,CWS,CWS,True,0.20436985790729523,2,T1014; T1620,MEDIUM_CANDIDATE,0,4,1.812343567609787,0.3068572133779526,0.16931514469006106,False,False,False,True
417,6291,CWS,Transponder,False,0.33837389945983887,2,T1055; T1620,HIGH_CANDIDATE,2,1,2.3232839293777943,0.6619070917367935,0.28490150659892044,False,False,False,True
418,6246,CWS,Transponder,False,0.35971200466156006,2,T1055; T1620,HIGH_CANDIDATE,2,3,2.5130537040531635,0.9954287856817245,0.3961032683369453,False,False,False,True
419,6129,CWS,Transponder,False,0.3541514575481415,2,T1055; T1620,HIGH_CANDIDATE,2,2,2.6113188043236732,0.6774555742740631,0.2594304353617684,False,False,False,True
420,6056,CWS,CWS,True,0.3253147006034851,2,T1014; T1620,MEDIUM_CANDIDATE,0,5,1.7090740948915482,0.6299984902143478,0.3686197644077715,False,False,False,True
421,6269,CWS,CWS,True,0.42244425415992737,2,T1014; T1620,MEDIUM_CANDIDATE,0,4,2.3678506165742874,0.41536276787519455,0.17541764035609855,False,False,False,True
422,6028,CWS,CWS,True,0.4075884521007538,2,T1055; T1620,HIGH_CANDIDATE,1,2,2.6205257028341293,0.6079364866018295,0.23199027811264705,False,False,False,True
423,6286,CWS,CWS,True,0.33938562870025635,2,T1055; T1620,HIGH_CANDIDATE,1,1,2.4760857447981834,0.43271665275096893,0.17475834738761764,False,False,False,True
424,6009,CWS,Refroso,False,0.1534048169851303,1,T1620,MEDIUM_CANDIDATE,0,5,1.9054835550487041,0.39997077733278275,0.20990513209785192,False,False,False,True
425,6165,CWS,Ako,False,0.40959104895591736,3,T1014; T1055; T1620,HIGH_CANDIDATE,2,2,2.7176083847880363,1.3511103615164757,0.49716889640147965,False,False,False,True
426,6097,CWS,CWS,True,0.9746086597442627,2,T1055; T1620,HIGH_CANDIDATE,1,1,4.927075237035751,1.4120512008666992,0.2865901438347476,False,False,False,True
427,6030,CWS,Transponder,False,0.39410462975502014,3,T1014; T1055; T1620,HIGH_CANDIDATE,2,5,2.301970276981592,1.1163998283445835,0.48497577901328864,False,False,False,True
428,5996,CWS,TIBS,False,0.23448887467384338,1,T1620,MEDIUM_CANDIDATE,0,4,2.7951336354017258,1.0306137278676033,0.36871715713852804,False,False,False,True
429,6100,CWS,CWS,True,0.27033787965774536,1,T1620,MEDIUM_CANDIDATE,0,2,1.8665198870003223,0.13635209202766418,0.07305150776978603,False,False,False,True
430,6071,CWS,Gator,False,0.17566540837287903,2,T1014; T1620,MEDIUM_CANDIDATE,0,3,1.6165606044232845,0.31056511402130127,0.19211473616981828,False,False,False,True
431,6161,CWS,Transponder,False,0.289972186088562,1,T1014,MEDIUM_CANDIDATE,0,3,2.0811802595853806,0.5672529339790344,0.2725630955638818,False,False,False,True
432,6281,CWS,CWS,True,0.4672664403915405,3,T1014; T1055; T1620,HIGH_CANDIDATE,1,3,2.6961525417864323,0.7258520387113094,0.2692177194953406,False,False,False,True
433,6171,CWS,Transponder,False,0.3979567289352417,2,T1055; T1620,HIGH_CANDIDATE,2,2,2.722637355327606,0.7984925955533981,0.29327908617389775,False,False,False,True
434,6223,CWS,Conti,False,0.21220482885837555,2,T1014; T1055,HIGH_CANDIDATE,1,1,1.7350312359631062,0.5163575485348701,0.2976070619548489,False,False,False,True
435,6134,CWS,CWS,True,0.35343706607818604,3,T1014; T1055; T1620,HIGH_CANDIDATE,1,3,2.029469922184944,0.31060877442359924,0.1530492130128222,False,False,False,True
436,6232,CWS,CWS,True,0.3394465148448944,2,T1055; T1620,HIGH_CANDIDATE,1,1,2.41376581415534,0.40202944725751877,0.16655693974114996,False,False,False,True
437,6201,CWS,Reconyc,False,0.4235920310020447,3,T1014; T1055; T1620,HIGH_CANDIDATE,2,5,3.082342930138111,1.2003401517868042,0.3894245964815538,False,False,False,True
438,6115,CWS,Pysa,False,0.2468736320734024,2,T1014; T1620,MEDIUM_CANDIDATE,0,2,1.9017650708556175,0.25373532623052597,0.13342096251476984,False,False,False,True
439,6178,CWS,CWS,True,0.802635669708252,0,,CONTEXT_ONLY,0,0,3.8817487843334675,0.0,0.0,False,False,False,True
440,6181,CWS,Transponder,False,0.22871772944927216,1,T1620,MEDIUM_CANDIDATE,0,3,2.352994851768017,0.805387981235981,0.3422820838859127,False,False,False,True
441,6210,CWS,CWS,True,0.7787773013114929,2,T1014; T1620,MEDIUM_CANDIDATE,0,3,3.666445881128311,0.26962677389383316,0.073539002793315,False,False,False,True
442,6002,CWS,CWS,True,0.3460777997970581,2,T1055; T1620,HIGH_CANDIDATE,1,1,2.6950559690594673,0.4331120550632477,0.16070614489479307,False,False,False,True
443,6192,CWS,180solutions,False,0.17846322059631348,3,T1014; T1055; T1620,HIGH_CANDIDATE,1,2,1.5354901626706123,0.197697464376688,0.12875202276310338,False,False,False,True
444,6283,CWS,CWS,True,0.5400626063346863,0,,CONTEXT_ONLY,0,0,2.452446796000004,0.0,0.0,False,False,False,True
445,6123,CWS,CWS,True,0.47807517647743225,1,T1620,MEDIUM_CANDIDATE,0,2,2.66696023195982,0.36992279440164566,0.13870577819970242,False,False,False,True
446,6202,CWS,Scar,False,0.5823536515235901,1,T1620,MEDIUM_CANDIDATE,0,3,2.764868777245283,0.7044181749224663,0.2547745414609868,False,False,False,True
447,6149,CWS,CWS,True,0.4419857859611511,2,T1014; T1620,MEDIUM_CANDIDATE,0,4,1.8913739770650864,0.45052051544189453,0.23819748019425727,False,False,False,True
448,6063,CWS,Gator,False,0.554916501045227,2,T1055; T1620,HIGH_CANDIDATE,2,3,2.9573513977229595,0.968430295586586,0.3274654125756709,False,False,False,True
449,6203,CWS,Scar,False,0.3164682984352112,2,T1014; T1620,MEDIUM_CANDIDATE,0,5,2.015669086948037,0.37236313708126545,0.18473425994991446,False,False,False,True
450,6228,CWS,Refroso,False,0.12871506810188293,1,T1620,MEDIUM_CANDIDATE,0,1,2.3670228496193886,0.20692551136016846,0.08742015793951527,False,False,False,True
451,6033,CWS,Transponder,False,0.21313807368278503,1,T1620,MEDIUM_CANDIDATE,0,3,1.6966169737279415,0.21303452923893929,0.12556430386927162,False,False,False,True
452,6073,CWS,Gator,False,0.4189596176147461,1,T1620,MEDIUM_CANDIDATE,0,4,2.763578474521637,0.7719626203179359,0.2793344308601764,False,False,False,True
453,6174,CWS,Transponder,False,0.19911067187786102,2,T1014; T1620,MEDIUM_CANDIDATE,0,4,1.6620557345449924,0.3982594795525074,0.2396186068101595,False,False,False,True
454,6277,CWS,CWS,True,0.9796510338783264,1,T1014,MEDIUM_CANDIDATE,0,2,4.415953986346722,0.18413810431957245,0.04169837477675084,False,False,False,True
455,6016,CWS,Transponder,False,0.4719751179218292,1,T1620,MEDIUM_CANDIDATE,0,3,2.789886452257633,0.8373490199446678,0.3001373117773549,False,False,False,True
456,6048,CWS,CWS,True,0.18138179183006287,2,T1014; T1620,MEDIUM_CANDIDATE,0,2,1.3387030474841595,0.1641554906964302,0.12262278106031772,False,False,False,True
457,6216,CWS,CWS,True,0.8585898876190186,1,T1620,MEDIUM_CANDIDATE,0,1,3.8202035762369633,0.0768258273601532,0.020110401403222962,False,False,False,True
458,6189,CWS,180solutions,False,0.4127275049686432,1,T1620,MEDIUM_CANDIDATE,0,3,2.5669345930218697,0.5657302364706993,0.2203913718754732,False,False,False,True
459,6052,CWS,CWS,True,0.3086179196834564,1,T1055,HIGH_CANDIDATE,1,0,2.2054596841335297,0.2979913353919983,0.13511529480035436,False,False,False,True
460,6240,CWS,Transponder,False,0.39224663376808167,2,T1055; T1620,HIGH_CANDIDATE,2,2,2.7411427721381187,0.7837919220328331,0.2859361905551047,False,False,False,True
461,6187,CWS,Transponder,False,0.5314423441886902,1,T1620,MEDIUM_CANDIDATE,0,3,3.077283050864935,0.8245725482702255,0.26795472975372286,False,False,False,True
462,6077,CWS,TIBS,False,0.4903072118759155,2,T1014; T1620,MEDIUM_CANDIDATE,0,5,3.5774374678730965,1.4312634989619255,0.4000806476186594,False,False,False,True
463,6182,CWS,Transponder,False,0.17123225331306458,1,T1620,MEDIUM_CANDIDATE,0,1,1.1627786662429571,0.0720912367105484,0.061999105077737364,False,False,False,True
464,6133,CWS,Scar,False,0.25620242953300476,1,T1620,MEDIUM_CANDIDATE,0,2,1.9294664096087217,0.46733151376247406,0.24220764426639832,False,False,False,True
465,6211,CWS,CWS,True,0.5194621682167053,2,T1014; T1620,MEDIUM_CANDIDATE,0,2,3.5320910960435867,0.15243341773748398,0.043156706209596274,False,False,False,True
466,6292,CWS,Transponder,False,0.46610385179519653,2,T1055; T1620,HIGH_CANDIDATE,2,2,2.6519096717238426,0.684575229883194,0.25814424872103353,False,False,False,True
467,5997,CWS,CWS,True,0.38200101256370544,1,T1620,MEDIUM_CANDIDATE,0,1,2.0471327751874924,0.14379075169563293,0.07024007110748517,False,False,False,True
468,6059,CWS,CWS,True,0.27823129296302795,1,T1620,MEDIUM_CANDIDATE,0,2,2.034000813961029,0.18262983858585358,0.08978847861432208,False,False,False,True
469,6090,CWS,Transponder,False,0.47795042395591736,3,T1014; T1055; T1620,HIGH_CANDIDATE,2,7,2.7168284505605698,1.3412288576364517,0.4936744744997472,False,False,False,True
470,6022,CWS,CWS,True,0.948104739189148,2,T1014; T1620,MEDIUM_CANDIDATE,0,2,4.1451109647750854,0.21789123117923737,0.05256583793072478,False,False,False,True
471,6051,CWS,CWS,True,0.20459751784801483,1,T1620,MEDIUM_CANDIDATE,0,3,1.3382219038903713,0.3006562069058418,0.2246684245952022,False,False,False,True
472,6234,CWS,Transponder,False,0.3918392062187195,3,T1014; T1055; T1620,HIGH_CANDIDATE,2,5,2.5470512434840202,1.1445368379354477,0.44935760160438576,False,False,False,True
473,6169,CWS,CWS,True,0.3630095422267914,2,T1055; T1620,HIGH_CANDIDATE,1,1,2.562911704182625,0.38233857601881027,0.1491813297332252,False,False,False,True
474,6011,CWS,180solutions,False,0.3378210961818695,2,T1014; T1620,MEDIUM_CANDIDATE,0,4,1.7395532168447971,0.2672809027135372,0.15364916699607012,False,False,False,True
475,6267,CWS,Transponder,False,0.34856662154197693,1,T1620,MEDIUM_CANDIDATE,0,3,2.568558756262064,0.7397831752896309,0.288014892976874,False,False,False,True
476,6236,CWS,Transponder,False,0.624587893486023,3,T1014; T1055; T1620,HIGH_CANDIDATE,2,6,2.946409024298191,1.271787166595459,0.4316397201160445,False,False,False,True
477,6155,CWS,CWS,True,0.37857747077941895,3,T1014; T1055; T1620,HIGH_CANDIDATE,1,2,2.2228499576449394,0.41021347790956497,0.18454393491505702,False,False,False,True
478,6275,CWS,CWS,True,0.34803852438926697,3,T1014; T1055; T1620,HIGH_CANDIDATE,1,2,2.3299927338957787,0.4297894090414047,0.1844595490745549,False,False,False,True
479,6065,CWS,Transponder,False,0.4616723954677582,2,T1055; T1620,HIGH_CANDIDATE,2,2,2.52145229652524,0.8228720165789127,0.32634843725296536,False,False,False,True
480,6029,CWS,Transponder,False,0.4357345402240753,3,T1014; T1055; T1620,HIGH_CANDIDATE,2,5,2.5513792857527733,1.0475273132324219,0.4105729473786778,False,False,False,True
481,6290,CWS,Scar,False,0.2637583017349243,2,T1014; T1620,MEDIUM_CANDIDATE,0,6,2.0294405333697796,0.8415765389800072,0.414684010268886,False,False,False,True
482,6083,CWS,CWS,True,0.25236761569976807,1,T1620,MEDIUM_CANDIDATE,0,4,2.451283425092697,0.7266223728656769,0.2964252788672118,False,False,False,True
483,6175,CWS,180solutions,False,0.20884178578853607,3,T1014; T1055; T1620,HIGH_CANDIDATE,1,3,1.6041065640747547,0.41479892656207085,0.2585856425326244,False,False,False,True
484,6195,CWS,Transponder,False,0.3163537085056305,1,T1620,MEDIUM_CANDIDATE,0,2,1.8264486342668533,0.2223939672112465,0.12176305593204742,False,False,False,True
485,6010,CWS,CWS,True,0.17824073135852814,2,T1014; T1620,MEDIUM_CANDIDATE,0,5,1.4931589514017105,0.5238262936472893,0.35081750215242974,False,False,False,True
486,6256,CWS,CWS,True,0.3020729422569275,1,T1620,MEDIUM_CANDIDATE,0,3,2.4633620232343674,0.5172797292470932,0.20998932530749603,False,False,False,True
487,5998,CWS,Conti,False,0.30440372228622437,3,T1014; T1055; T1620,HIGH_CANDIDATE,1,5,1.8831809312105179,1.2545174732804298,0.6661693799511977,False,False,False,True
488,6066,CWS,CWS,True,0.40787971019744873,3,T1014; T1055; T1620,HIGH_CANDIDATE,1,4,2.504385143518448,0.7259397618472576,0.2898674605725276,False,False,False,True
489,6225,CWS,Conti,False,0.14832918345928192,2,T1014; T1055,HIGH_CANDIDATE,1,1,1.5094889178872108,0.5103191956877708,0.3380741585052842,False,False,False,True
490,6272,CWS,CWS,True,0.312516987323761,1,T1620,MEDIUM_CANDIDATE,0,1,2.2406566813588142,0.05135075002908707,0.022917723387210813,False,False,False,True
491,6067,CWS,CWS,True,0.8582419753074646,2,T1055; T1620,HIGH_CANDIDATE,1,4,3.8771530985832214,1.2698538601398468,0.3275222380575772,False,False,False,True
492,6164,CWS,Ako,False,0.56309974193573,3,T1014; T1055; T1620,HIGH_CANDIDATE,2,2,3.012095481157303,1.5132097601890564,0.5023777531805377,False,False,False,True
493,6294,CWS,Transponder,False,0.3054063022136688,2,T1055; T1620,HIGH_CANDIDATE,2,3,2.1371042728424072,0.6319172456860542,0.29568854160100805,False,False,False,True
494,6212,CWS,Transponder,False,0.5199165344238281,2,T1014; T1055,HIGH_CANDIDATE,2,4,2.9039831161499023,1.078771397471428,0.37147991373367967,False,False,False,True
495,6162,CWS,Transponder,False,0.34139102697372437,1,T1014,MEDIUM_CANDIDATE,0,3,2.759180337190628,0.5689722672104836,0.20621061245667105,False,False,False,True
496,6089,CWS,Transponder,False,0.42676296830177307,3,T1014; T1055; T1620,HIGH_CANDIDATE,2,5,2.5159226432442665,1.0421375259757042,0.4142168396051615,False,False,False,True
497,6259,CWS,CWS,True,0.3079156279563904,2,T1014; T1620,MEDIUM_CANDIDATE,0,4,1.8743791617453098,0.3468671515583992,0.18505708910859703,False,False,False,True
498,6180,CWS,Transponder,False,0.3110147714614868,1,T1620,MEDIUM_CANDIDATE,0,3,2.349823333323002,0.744915995746851,0.31700936201592156,False,False,False,True
499,6102,CWS,Shade,False,0.27625855803489685,3,T1014; T1055; T1620,HIGH_CANDIDATE,2,2,1.9016374796628952,0.2673262543976307,0.14057687506507277,False,False,False,True
500,5019,Conti,Conti,True,0.4944380223751068,3,T1014; T1055; T1620,HIGH_CANDIDATE,1,3,2.538039594888687,0.813154473900795,0.320386835389957,False,False,False,True
501,4752,Conti,Gator,False,0.240935280919075,2,T1014; T1620,MEDIUM_CANDIDATE,0,4,1.9257793836295605,0.4777005687355995,0.24805570814413141,False,False,False,True
502,4967,Conti,Gator,False,0.27663537859916687,1,T1620,MEDIUM_CANDIDATE,0,4,2.0641669929027557,0.9673713743686676,0.46864976413962117,False,False,False,True
503,4707,Conti,Refroso,False,0.3111591637134552,1,T1620,MEDIUM_CANDIDATE,0,3,3.332470051944256,1.6822514533996582,0.5048061729521578,False,False,False,True
504,4855,Conti,CWS,False,0.2982633709907532,2,T1014; T1620,MEDIUM_CANDIDATE,0,3,1.9552688002586365,0.24692197516560555,0.12628543713935575,False,False,False,True
505,4916,Conti,Pysa,False,0.2177242785692215,2,T1014; T1620,MEDIUM_CANDIDATE,0,5,1.422697551548481,0.516386840492487,0.36296318914054876,False,False,False,True
506,4787,Conti,Conti,True,0.34581995010375977,3,T1014; T1055; T1620,HIGH_CANDIDATE,1,4,2.1856824718415737,0.814905371516943,0.3728379497092889,False,False,False,True
507,4814,Conti,Conti,True,0.875478208065033,2,T1055; T1620,HIGH_CANDIDATE,1,5,4.367183219641447,2.5404713079333305,0.5817185082841355,False,False,False,True
508,4975,Conti,CWS,False,0.32675912976264954,1,T1620,MEDIUM_CANDIDATE,0,1,2.5578503385186195,0.19925910234451294,0.07790100122117151,False,False,False,True
509,4828,Conti,Conti,True,0.524472177028656,3,T1014; T1055; T1620,HIGH_CANDIDATE,1,5,2.349799808114767,0.9615032225847244,0.4091851651635523,False,False,False,True
510,4709,Conti,TIBS,False,0.17282579839229584,1,T1620,MEDIUM_CANDIDATE,0,1,2.6087921112775803,0.4884377121925354,0.1872275334171174,False,False,False,True
511,4891,Conti,Conti,True,0.4028438627719879,3,T1014; T1055; T1620,HIGH_CANDIDATE,1,4,2.452922500669956,0.659656785428524,0.26892687610324206,False,False,False,True
512,4739,Conti,Conti,True,0.48096567392349243,3,T1014; T1055; T1620,HIGH_CANDIDATE,1,4,2.628086857497692,1.1862101182341576,0.4513587954104364,False,False,False,True
513,4943,Conti,Emotet,False,0.13799980282783508,2,T1014; T1620,MEDIUM_CANDIDATE,0,4,1.3463116511702538,0.2535155266523361,0.18830374559409996,False,False,False,True
514,4906,Conti,Conti,True,0.5241537690162659,3,T1014; T1055; T1620,HIGH_CANDIDATE,1,4,2.574959024786949,0.8782014697790146,0.34105454157728843,False,False,False,True
515,4794,Conti,Conti,True,0.7702354192733765,3,T1014; T1055; T1620,HIGH_CANDIDATE,2,4,3.080328106880188,1.4616653695702553,0.4745161290790728,False,False,False,True
516,4871,Conti,Reconyc,False,0.27779683470726013,2,T1055; T1620,HIGH_CANDIDATE,2,4,2.6881373077630997,1.4371409639716148,0.534623346739499,False,False,False,True
517,4890,Conti,Conti,True,0.5154524445533752,3,T1014; T1055; T1620,HIGH_CANDIDATE,1,5,2.7891914173960686,1.33915314078331,0.48012235102656226,False,False,False,True
518,4908,Conti,Conti,True,0.1563010811805725,3,T1014; T1055; T1620,HIGH_CANDIDATE,1,2,1.406013660132885,0.5808206684887409,0.4130974576974213,False,False,False,True
519,4987,Conti,Shade,False,0.23572614789009094,2,T1055; T1620,HIGH_CANDIDATE,1,2,1.6767840646207333,0.3500121608376503,0.20874015218937478,False,False,False,True
520,5017,Conti,Conti,True,0.9199719429016113,2,T1055; T1620,HIGH_CANDIDATE,1,6,4.677383657544851,2.1499214246869087,0.459641881464861,False,False,False,True
521,4704,Conti,Pysa,False,0.3303545415401459,2,T1014; T1620,MEDIUM_CANDIDATE,0,4,2.3272134214639664,0.6535430699586868,0.2808264441632372,False,False,False,True
522,4800,Conti,180solutions,False,0.6747720241546631,2,T1014; T1620,MEDIUM_CANDIDATE,0,4,2.951989859342575,0.439855620265007,0.14900309324333702,False,False,False,True
523,4790,Conti,Conti,True,0.2670363783836365,1,T1620,MEDIUM_CANDIDATE,0,1,2.4683460034430027,0.32559967041015625,0.13191006040319694,False,False,False,True
524,4990,Conti,Zeus,False,0.2419184148311615,1,T1620,MEDIUM_CANDIDATE,0,4,1.8152261935174465,0.45471546053886414,0.25050071564786164,False,False,False,True
525,4748,Conti,Conti,True,0.18680745363235474,2,T1055; T1620,HIGH_CANDIDATE,1,2,1.648407969623804,0.541716743260622,0.32863026219428637,False,False,False,True
526,4806,Conti,Shade,False,0.35377615690231323,3,T1014; T1055; T1620,HIGH_CANDIDATE,1,2,2.1122540086507797,0.22610939666628838,0.10704649901965042,False,False,False,True
527,4945,Conti,CWS,False,0.18068638443946838,1,T1620,MEDIUM_CANDIDATE,0,3,1.4411017782986164,0.25466956198215485,0.17671865083868057,False,False,False,True
528,4778,Conti,Conti,True,0.8721916675567627,2,T1055; T1620,HIGH_CANDIDATE,1,5,4.169187668710947,1.908266570419073,0.457707045605141,False,False,False,True
529,4996,Conti,Scar,False,0.2531673312187195,1,T1620,MEDIUM_CANDIDATE,0,3,2.172243408858776,0.3960498049855232,0.1823229401320152,False,False,False,True
530,4804,Conti,Shade,False,0.6959616541862488,3,T1014; T1055; T1620,HIGH_CANDIDATE,1,4,3.375601377338171,0.7500193230807781,0.22218835675206577,False,False,False,True
531,4903,Conti,Conti,True,0.9513260126113892,2,T1055; T1620,HIGH_CANDIDATE,1,4,5.287788473069668,2.6235848665237427,0.4961591939400516,False,False,False,True
532,4888,Conti,Conti,True,0.6997250914573669,3,T1014; T1055; T1620,HIGH_CANDIDATE,2,4,3.624857820570469,1.0707718506455421,0.2953969241411591,False,False,False,True
533,4829,Conti,Conti,True,0.21961194276809692,3,T1014; T1055; T1620,HIGH_CANDIDATE,2,3,1.420841258019209,0.7088986858725548,0.49892884364916923,False,False,False,True
534,4693,Conti,Transponder,False,0.25888314843177795,2,T1014; T1620,MEDIUM_CANDIDATE,0,4,2.360775366425514,0.4803683012723923,0.20347903832956593,False,False,False,True
535,4802,Conti,Transponder,False,0.15534915030002594,0,,CONTEXT_ONLY,0,0,1.0679468549787998,0.0,0.0,False,False,False,True
536,4731,Conti,TIBS,False,0.1994972825050354,1,T1620,MEDIUM_CANDIDATE,0,3,1.8460520654916763,0.5642267540097237,0.3056396753682285,False,False,False,True
537,4949,Conti,Shade,False,0.3570677936077118,3,T1014; T1055; T1620,HIGH_CANDIDATE,1,4,2.176870159804821,0.4515007734298706,0.2074082238650156,False,False,False,True
538,4971,Conti,Scar,False,0.2697101831436157,2,T1014; T1620,MEDIUM_CANDIDATE,0,7,1.6814215406775475,0.6327862814068794,0.37634005875284027,False,False,False,True
539,4782,Conti,Emotet,False,0.13130412995815277,1,T1620,MEDIUM_CANDIDATE,0,1,1.3769725300371647,0.05988449975848198,0.04348997416590852,False,False,False,True
540,4961,Conti,Conti,True,0.291448175907135,3,T1014; T1055; T1620,HIGH_CANDIDATE,1,4,2.0532918982207775,1.1006992012262344,0.5360656232949707,False,False,False,True
541,4852,Conti,Shade,False,0.43003326654434204,2,T1055; T1620,HIGH_CANDIDATE,2,1,2.625820256769657,0.1560867317020893,0.05944303738981384,False,False,False,True
542,4994,Conti,Ako,False,0.3037111759185791,2,T1014; T1620,MEDIUM_CANDIDATE,0,3,2.8010200932621956,0.6957563906908035,0.2483939306127911,False,False,False,True
543,4907,Conti,Conti,True,0.8617668151855469,3,T1014; T1055; T1620,HIGH_CANDIDATE,1,4,3.8362180590629578,1.3270562067627907,0.34592825181760917,False,False,False,True
544,4809,Conti,Scar,False,0.7141364216804504,2,T1055; T1620,HIGH_CANDIDATE,1,3,3.667415775358677,0.7557345181703568,0.20606731400571707,False,False,False,True
545,4788,Conti,Conti,True,0.5396884679794312,3,T1014; T1055; T1620,HIGH_CANDIDATE,1,6,2.654084388166666,1.306610219180584,0.4923016860376235,False,False,False,True
546,4856,Conti,Reconyc,False,0.18605028092861176,2,T1055; T1620,HIGH_CANDIDATE,2,4,1.8623196743428707,0.9574782624840736,0.5141320664090202,False,False,False,True
547,4947,Conti,Shade,False,0.4592950642108917,2,T1014; T1055,HIGH_CANDIDATE,1,1,2.4749112129211426,0.21496537327766418,0.08685781217336687,False,False,False,True
548,4957,Conti,Maze,False,0.24098068475723267,2,T1014; T1620,MEDIUM_CANDIDATE,0,6,2.1506579592823982,1.572054497897625,0.7309644432823554,False,False,False,True
549,4711,Conti,Conti,True,0.36948081851005554,3,T1014; T1055; T1620,HIGH_CANDIDATE,1,3,2.273124285042286,0.8280618339776993,0.3642835719219353,False,False,False,True
550,5015,Conti,Conti,True,0.8189358711242676,3,T1014; T1055; T1620,HIGH_CANDIDATE,1,6,3.932088363915682,2.2683245725929737,0.5768752791542339,False,False,False,True
551,4897,Conti,Maze,False,0.21887263655662537,1,T1620,MEDIUM_CANDIDATE,0,2,1.714505173265934,0.48451489210128784,0.2825975095650152,False,False,False,True
552,4770,Conti,Pysa,False,0.1969567984342575,2,T1014; T1620,MEDIUM_CANDIDATE,0,5,2.069288533180952,0.666221234947443,0.32195666494286046,False,False,False,True
553,4900,Conti,Maze,False,0.24943336844444275,2,T1014; T1620,MEDIUM_CANDIDATE,0,4,1.8521678633987904,0.8166452348232269,0.44091318662912954,False,False,False,True
554,4877,Conti,Zeus,False,0.3270881175994873,2,T1014; T1620,MEDIUM_CANDIDATE,0,3,2.8941464461386204,0.3590768203139305,0.1240700244429621,False,False,False,True
555,4718,Conti,Conti,True,0.3745419681072235,3,T1014; T1055; T1620,HIGH_CANDIDATE,1,6,2.215040247887373,1.4302161894738674,0.645684064132901,False,False,False,True
556,4992,Conti,Transponder,False,0.1360577642917633,1,T1620,MEDIUM_CANDIDATE,0,3,1.6783089712262154,0.5389951169490814,0.32115368873663225,False,False,False,True
557,4832,Conti,Zeus,False,0.30167511105537415,1,T1620,MEDIUM_CANDIDATE,0,3,2.479598820209503,0.30608396232128143,0.12344092109844615,False,False,False,True
558,4831,Conti,Conti,True,0.4320506751537323,3,T1014; T1055; T1620,HIGH_CANDIDATE,1,4,2.0985376350581646,0.8131597824394703,0.38748877735372717,False,False,False,True
559,5016,Conti,Conti,True,0.9128237962722778,3,T1014; T1055; T1620,HIGH_CANDIDATE,1,6,4.741088390350342,2.4600879997015,0.5188867612568835,False,False,False,True
560,4813,Conti,Conti,True,0.9229620099067688,2,T1055; T1620,HIGH_CANDIDATE,1,5,4.889702569693327,2.6631201319396496,0.5446384711507464,False,False,False,True
561,4935,Conti,Ako,False,0.18612705171108246,2,T1014; T1620,MEDIUM_CANDIDATE,0,3,1.4504776000976562,0.2342560924589634,0.16150273016501024,False,False,False,True
562,4982,Conti,Pysa,False,0.17873981595039368,1,T1620,MEDIUM_CANDIDATE,0,5,1.6066360622644424,0.5341710671782494,0.33247795174308,False,False,False,True
563,4830,Conti,Emotet,False,0.1649685502052307,2,T1014; T1620,MEDIUM_CANDIDATE,0,3,1.8316923044621944,0.19745946303009987,0.10780165563237228,False,False,False,True
564,4815,Conti,Ako,False,0.2267749309539795,1,T1620,MEDIUM_CANDIDATE,0,3,1.833454754203558,0.2504066340625286,0.13657639136631097,False,False,False,True
565,4842,Conti,Shade,False,0.2957538664340973,1,T1055,HIGH_CANDIDATE,2,0,2.0880028568208218,0.09736714884638786,0.04663171246548886,False,False,False,True
566,4749,Conti,Conti,True,0.1668330430984497,2,T1055; T1620,HIGH_CANDIDATE,1,2,1.4016796611249447,0.44758784025907516,0.319322490489628,False,False,False,True
567,4764,Conti,Gator,False,0.29301273822784424,2,T1014; T1620,MEDIUM_CANDIDATE,0,4,2.052444666624069,0.4752941355109215,0.23157464034959901,False,False,False,True
568,4811,Conti,Scar,False,0.18929928541183472,2,T1014; T1620,MEDIUM_CANDIDATE,0,4,1.39841603115201,0.24274367094039917,0.17358473124798765,False,False,False,True
569,4700,Conti,Zeus,False,0.40060415863990784,2,T1014; T1620,MEDIUM_CANDIDATE,0,3,2.7129046842455864,0.16614354401826859,0.06124193930700899,False,False,False,True
570,4703,Conti,Pysa,False,0.2172892987728119,2,T1014; T1620,MEDIUM_CANDIDATE,0,4,1.4379348084330559,0.4922802560031414,0.3423522771102456,False,False,False,True
571,4805,Conti,Shade,False,0.25803202390670776,3,T1014; T1055; T1620,HIGH_CANDIDATE,1,3,1.835246630012989,0.33825547993183136,0.18431063945309484,False,False,False,True
572,4860,Conti,Refroso,False,0.3312983214855194,1,T1620,MEDIUM_CANDIDATE,0,3,2.8161638230085373,0.5398197919130325,0.19168621779124248,False,False,False,True
573,5000,Conti,Conti,True,0.6570669412612915,3,T1014; T1055; T1620,HIGH_CANDIDATE,1,6,3.002356491982937,1.1277897767722607,0.3756348654078052,False,False,False,True
574,4997,Conti,Zeus,False,0.43089327216148376,1,T1620,MEDIUM_CANDIDATE,0,3,2.582394801080227,0.25402670353651047,0.09836865510658943,False,False,False,True
575,4847,Conti,Conti,True,0.3134360611438751,3,T1014; T1055; T1620,HIGH_CANDIDATE,1,2,1.8277929835021496,0.4598187394440174,0.251570469738307,False,False,False,True
576,4958,Conti,Conti,True,0.21617798507213593,2,T1055; T1620,HIGH_CANDIDATE,1,3,1.3686399199068546,0.648813046514988,0.4740567895748241,False,False,False,True
577,4901,Conti,Ako,False,0.21539996564388275,1,T1620,MEDIUM_CANDIDATE,0,5,1.325194451957941,0.40049829706549644,0.3022185132708414,False,False,False,True
578,4760,Conti,Gator,False,0.23160305619239807,1,T1620,MEDIUM_CANDIDATE,0,1,1.7183870300650597,0.08507196605205536,0.049506871597392386,False,False,False,True
579,4769,Conti,Pysa,False,0.21092909574508667,2,T1014; T1620,MEDIUM_CANDIDATE,0,4,1.5858938954770565,0.34108250215649605,0.21507271270118244,False,False,False,True
580,4719,Conti,Scar,False,0.37279102206230164,1,T1620,MEDIUM_CANDIDATE,0,5,2.497749552130699,1.1852425187826157,0.4745241642708123,False,False,False,True
581,5001,Conti,Reconyc,False,0.33361947536468506,2,T1055; T1620,HIGH_CANDIDATE,1,2,3.11443093419075,0.7980652749538422,0.2562475430720092,False,False,False,True
582,4876,Conti,Conti,True,0.18465012311935425,3,T1014; T1055; T1620,HIGH_CANDIDATE,1,6,1.4295031689107418,0.9273319989442825,0.6487092992251947,False,False,False,True
583,4980,Conti,Conti,True,0.4021444320678711,3,T1014; T1055; T1620,HIGH_CANDIDATE,1,5,2.3293402194976807,1.2892416343092918,0.5534793172408774,False,False,False,True
584,4951,Conti,Conti,True,0.36882051825523376,2,T1014; T1055,HIGH_CANDIDATE,1,2,1.9956999123096466,0.6483249142765999,0.32486092236496916,False,False,False,True
585,4754,Conti,Refroso,False,0.206248939037323,1,T1620,MEDIUM_CANDIDATE,0,3,2.317395895719528,0.745347186923027,0.3216313571193256,False,False,False,True
586,4937,Conti,Zeus,False,0.44147250056266785,1,T1620,MEDIUM_CANDIDATE,0,4,2.979416146874428,0.47186677530407906,0.15837558502832624,False,False,False,True
587,4932,Conti,Conti,True,0.290393203496933,3,T1014; T1055; T1620,HIGH_CANDIDATE,1,6,1.7456639781594276,1.398383241146803,0.8010609479501396,False,False,False,True
588,5025,Conti,Shade,False,0.22918452322483063,1,T1620,MEDIUM_CANDIDATE,0,3,1.6407877244055271,0.19515100866556168,0.11893738950068433,False,False,False,True
589,4694,Conti,Scar,False,0.2886735796928406,1,T1620,MEDIUM_CANDIDATE,0,5,2.4178525656461716,1.0316447168588638,0.42667809092948417,False,False,False,True
590,4715,Conti,Scar,False,0.2892063856124878,2,T1055; T1620,HIGH_CANDIDATE,1,1,1.9364688359200954,0.10323283821344376,0.0533098371110081,False,False,False,True
591,4893,Conti,Conti,True,0.17286421358585358,3,T1014; T1055; T1620,HIGH_CANDIDATE,1,2,1.452757727354765,0.5129815153777599,0.3531087845678272,False,False,False,True
592,4969,Conti,Conti,True,0.349591463804245,3,T1014; T1055; T1620,HIGH_CANDIDATE,1,6,2.03638219460845,1.015122588723898,0.49849315684037543,False,False,False,True
593,4924,Conti,Zeus,False,0.18420074880123138,2,T1014; T1620,MEDIUM_CANDIDATE,0,3,1.6637873463332653,0.17906173318624496,0.10762296851269475,False,False,False,True
594,4768,Conti,Conti,True,0.7461382746696472,3,T1014; T1055; T1620,HIGH_CANDIDATE,2,4,3.0405924171209335,1.2785576060414314,0.4204962160801769,False,False,False,True
595,5013,Conti,Conti,True,0.15630483627319336,3,T1014; T1055; T1620,HIGH_CANDIDATE,2,2,1.7641839161515236,0.7753010429441929,0.4394672436621416,False,False,False,True
596,4991,Conti,Zeus,False,0.21713723242282867,1,T1620,MEDIUM_CANDIDATE,0,1,1.8200009241700172,0.07125402987003326,0.039150545982567314,False,False,False,True
597,4892,Conti,Conti,True,0.7366833090782166,2,T1014; T1055,HIGH_CANDIDATE,2,2,3.2668420672416687,0.8702822849154472,0.26639864033900573,False,False,False,True
598,4913,Conti,Conti,True,0.33442169427871704,2,T1055; T1620,HIGH_CANDIDATE,2,3,1.896903034299612,0.7087528854608536,0.37363685578295486,False,False,False,True
599,4722,Conti,Scar,False,0.23813357949256897,1,T1620,MEDIUM_CANDIDATE,0,3,2.3745181001722813,1.0336726754903793,0.43531892867667843,False,False,False,True
600,4880,Conti,180solutions,False,0.15713484585285187,1,T1620,MEDIUM_CANDIDATE,0,2,1.4401374533772469,0.23671209812164307,0.16436771196147473,False,False,False,True
601,4859,Conti,Zeus,False,0.22395451366901398,1,T1620,MEDIUM_CANDIDATE,0,2,2.026742033660412,0.15806333720684052,0.0779888780030723,False,False,False,True
602,5021,Conti,Conti,True,0.5156991481781006,3,T1014; T1055; T1620,HIGH_CANDIDATE,1,5,2.762921564280987,1.3368395864963531,0.48384999551887303,False,False,False,True
603,4956,Conti,Shade,False,0.3084733188152313,3,T1014; T1055; T1620,HIGH_CANDIDATE,1,6,1.8259318508207798,0.758207768201828,0.415244286286481,False,False,False,True
604,4734,Conti,Transponder,False,0.425888329744339,1,T1620,MEDIUM_CANDIDATE,0,3,2.6919896975159645,0.7006714940071106,0.2602801543607896,False,False,False,True
605,5002,Conti,Reconyc,False,0.3076252341270447,2,T1055; T1620,HIGH_CANDIDATE,1,4,2.6588710248470306,1.2399379834532738,0.46634002622395326,False,False,False,True
606,4955,Conti,Conti,True,0.6740391254425049,3,T1014; T1055; T1620,HIGH_CANDIDATE,1,6,3.0925616398453712,1.518658198416233,0.491068044966168,False,False,False,True
607,4989,Conti,Shade,False,0.3504936695098877,2,T1055; T1620,HIGH_CANDIDATE,1,3,2.343470763415098,0.3825792744755745,0.16325327392523067,False,False,False,True
608,4882,Conti,Conti,True,0.3016726076602936,3,T1014; T1055; T1620,HIGH_CANDIDATE,1,2,1.8001157231628895,0.4634617827832699,0.25746221580074047,False,False,False,True
609,4738,Conti,Conti,True,0.2694432735443115,2,T1055; T1620,HIGH_CANDIDATE,1,3,2.042998507618904,0.665400467813015,0.32569797057195754,False,False,False,True
610,4816,Conti,Refroso,False,0.4402424991130829,1,T1620,MEDIUM_CANDIDATE,0,3,3.346682697534561,0.5170465260744095,0.15449523387900144,False,False,False,True
611,4977,Conti,Conti,True,0.20149067044258118,2,T1055; T1620,HIGH_CANDIDATE,1,3,1.492719430476427,1.2187258303165436,0.8164466847782414,False,False,False,True
612,4983,Conti,Pysa,False,0.23174940049648285,1,T1620,MEDIUM_CANDIDATE,0,2,1.7768787816166878,0.27389249205589294,0.15414247437109507,False,False,False,True
613,4999,Conti,Scar,False,0.2154707908630371,2,T1014; T1620,MEDIUM_CANDIDATE,0,6,2.3153815865516663,0.77199487388134,0.33342014913018464,False,False,False,True
614,4845,Conti,Conti,True,0.17753921449184418,2,T1055; T1620,HIGH_CANDIDATE,1,3,1.5253390595316887,0.5985215194523335,0.3923858867392357,False,False,False,True
615,4789,Conti,Conti,True,0.46427640318870544,3,T1014; T1055; T1620,HIGH_CANDIDATE,1,4,2.558346502482891,1.1647524610161781,0.4552754913713911,False,False,False,True
616,4755,Conti,Transponder,False,0.264146089553833,2,T1014; T1620,MEDIUM_CANDIDATE,0,6,1.7133449018001556,0.8900226354598999,0.5194649568366428,False,False,False,True
617,4974,Conti,Zeus,False,0.13958841562271118,1,T1620,MEDIUM_CANDIDATE,0,2,1.8242122940719128,0.1669248640537262,0.09150517436823381,False,False,False,True
618,4751,Conti,Gator,False,0.24326470494270325,1,T1620,MEDIUM_CANDIDATE,0,3,2.3101466931402683,0.5908423662185669,0.2557596744713267,False,False,False,True
619,5028,Conti,Zeus,False,0.29422199726104736,1,T1620,MEDIUM_CANDIDATE,0,4,2.1293082162737846,0.5942812263965607,0.2790959156850163,False,False,False,True
620,4889,Conti,Conti,True,0.5411366820335388,3,T1014; T1055; T1620,HIGH_CANDIDATE,1,5,2.598210521042347,1.0457247123122215,0.4024788229603115,False,False,False,True
621,5011,Conti,Shade,False,0.4389205276966095,2,T1055; T1620,HIGH_CANDIDATE,1,3,2.65887588635087,0.4754421226680279,0.17881320640375603,False,False,False,True
622,4938,Conti,Conti,True,0.2215830385684967,2,T1055; T1620,HIGH_CANDIDATE,1,4,1.5614194460213184,0.9202439934015274,0.5893637329459538,False,False,False,True
623,4774,Conti,Shade,False,0.27775660157203674,2,T1055; T1620,HIGH_CANDIDATE,1,4,2.0688233636319637,0.5712496489286423,0.2761229687225562,False,False,False,True
624,4885,Conti,Conti,True,0.5655316710472107,3,T1014; T1055; T1620,HIGH_CANDIDATE,1,5,2.8635799139738083,0.9491920955479145,0.33147044051957836,False,False,False,True
625,7346,Emotet,Emotet,True,0.9414508938789368,2,T1014; T1620,MEDIUM_CANDIDATE,0,2,5.107264589518309,0.22947429865598679,0.04493095954475106,False,False,False,True
626,7430,Emotet,Emotet,True,0.896794319152832,2,T1055; T1620,HIGH_CANDIDATE,2,1,4.723912805318832,1.8509549424052238,0.39182665275302364,False,False,False,True
627,7304,Emotet,Gator,False,0.2215099185705185,2,T1014; T1620,MEDIUM_CANDIDATE,0,4,1.7022577300667763,0.47086310386657715,0.2766109359057551,False,False,False,True
628,7379,Emotet,Emotet,True,0.6208292841911316,1,T1620,MEDIUM_CANDIDATE,0,5,2.7358641400933266,1.0830939039587975,0.39588731329394544,False,False,False,True
629,7568,Emotet,180solutions,False,0.1345318704843521,2,T1055; T1620,HIGH_CANDIDATE,1,2,1.1279540657997131,0.23786016553640366,0.21087752839275606,False,False,False,True
630,7371,Emotet,Emotet,True,0.2839367389678955,1,T1620,MEDIUM_CANDIDATE,0,3,2.4278417713940144,0.39710407331585884,0.1635625838531686,False,False,False,True
631,7503,Emotet,Emotet,True,0.33330389857292175,1,T1620,MEDIUM_CANDIDATE,0,2,2.336961794644594,0.23582076281309128,0.1009091219862903,False,False,False,True
632,7406,Emotet,Emotet,True,0.6389944553375244,1,T1620,MEDIUM_CANDIDATE,0,1,3.80591407045722,0.06127352640032768,0.016099555919024372,False,False,False,True
633,7359,Emotet,Pysa,False,0.15396736562252045,1,T1620,MEDIUM_CANDIDATE,0,3,1.497597698122263,0.34194349497556686,0.22832800518076837,False,False,False,True
634,7423,Emotet,Emotet,True,0.3473608195781708,1,T1620,MEDIUM_CANDIDATE,0,2,2.9258240684866905,0.4302989989519119,0.1470693346146658,False,False,False,True
635,7356,Emotet,Emotet,True,0.926703155040741,3,T1014; T1055; T1620,HIGH_CANDIDATE,2,2,5.425630792975426,2.313523106276989,0.42640629164673566,False,False,False,True
636,7264,Emotet,Scar,False,0.28261348605155945,2,T1014; T1620,MEDIUM_CANDIDATE,0,6,1.9747097305953503,0.8504889234900475,0.43069060242774804,False,False,False,True
637,7254,Emotet,Emotet,True,0.911694347858429,2,T1014; T1055,HIGH_CANDIDATE,2,1,5.165329694747925,2.276878461241722,0.4408002191141522,False,False,False,True
638,7548,Emotet,Shade,False,0.46767088770866394,2,T1055; T1620,HIGH_CANDIDATE,1,3,2.6113180071115494,0.48794786259531975,0.1868588434141165,False,False,False,True
639,7310,Emotet,Emotet,True,0.3385750651359558,2,T1014; T1620,MEDIUM_CANDIDATE,0,2,2.67668779194355,0.2072671800851822,0.07743420084666838,False,False,False,True
640,7522,Emotet,Pysa,False,0.43930622935295105,2,T1014; T1620,MEDIUM_CANDIDATE,0,4,2.8995563238859177,0.7119167745113373,0.24552610640694264,False,False,False,True
641,7441,Emotet,Emotet,True,0.5510607957839966,1,T1620,MEDIUM_CANDIDATE,0,3,3.656846344470978,0.5079458355903625,0.1389027013285255,False,False,False,True
642,7540,Emotet,Shade,False,0.3141092360019684,2,T1055; T1620,HIGH_CANDIDATE,1,3,2.3754178397357464,0.39525508508086205,0.1663939196166146,False,False,False,True
643,7468,Emotet,Emotet,True,0.746530294418335,2,T1014; T1620,MEDIUM_CANDIDATE,0,3,3.6956896930933,0.3223654255270958,0.08722740605888783,False,False,False,True
644,7301,Emotet,Shade,False,0.2211315780878067,2,T1055; T1620,HIGH_CANDIDATE,1,3,1.8352801650762558,0.3705924302339554,0.2019268977489098,False,False,False,True
645,7370,Emotet,Emotet,True,0.665601909160614,1,T1620,MEDIUM_CANDIDATE,0,2,3.4416817352175713,0.18206750601530075,0.052900738656995856,False,False,False,True
646,7536,Emotet,Emotet,True,0.3700796067714691,1,T1620,MEDIUM_CANDIDATE,0,3,2.1647085025906563,0.6196931079030037,0.2862709261599768,False,False,False,True
647,7298,Emotet,Emotet,True,0.1921989768743515,1,T1620,MEDIUM_CANDIDATE,0,2,1.752980511635542,0.10936075076460838,0.06238560556647268,False,False,False,True
648,7552,Emotet,180solutions,False,0.2678569257259369,1,T1620,MEDIUM_CANDIDATE,0,2,2.011639591306448,0.2081645429134369,0.10348003877684948,False,False,False,True
649,7527,Emotet,Emotet,True,0.9194334149360657,2,T1055; T1620,HIGH_CANDIDATE,2,1,5.267995983362198,2.4192719012498856,0.4592395113607948,False,False,False,True
650,7407,Emotet,Emotet,True,0.7123908996582031,1,T1620,MEDIUM_CANDIDATE,0,2,3.50992813706398,0.18864580243825912,0.05374634325022377,False,False,False,True
651,7267,Emotet,Transponder,False,0.22907114028930664,0,,CONTEXT_ONLY,0,0,2.028260011225939,0.0,0.0,False,False,False,True
652,7244,Emotet,Emotet,True,0.18755100667476654,1,T1620,MEDIUM_CANDIDATE,0,1,1.668479796499014,0.05975056067109108,0.03581137799598546,False,False,False,True
653,7248,Emotet,Emotet,True,0.19370156526565552,1,T1620,MEDIUM_CANDIDATE,0,2,1.7050297111272812,0.12522636726498604,0.07344526986699403,False,False,False,True
654,7314,Emotet,Emotet,True,0.5945347547531128,2,T1055; T1620,HIGH_CANDIDATE,1,1,3.428711097687483,0.28575780242681503,0.08334263059362053,False,False,False,True
655,7268,Emotet,Gator,False,0.22405335307121277,2,T1014; T1620,MEDIUM_CANDIDATE,0,4,1.955160602927208,0.5250752829015255,0.26855864531813833,False,False,False,True
656,7435,Emotet,Emotet,True,0.18121422827243805,2,T1014; T1620,MEDIUM_CANDIDATE,0,4,1.7987056747078896,0.3337525278329849,0.18555149545919258,False,False,False,True
657,7505,Emotet,Refroso,False,0.3869696855545044,1,T1620,MEDIUM_CANDIDATE,0,3,2.832619696855545,0.5709792673587799,0.20157286486167442,False,False,False,True
658,7479,Emotet,Scar,False,0.17895422875881195,2,T1055; T1620,HIGH_CANDIDATE,1,4,1.4830176010727882,0.5223928168416023,0.35224991022609087,False,False,False,True
659,7480,Emotet,Emotet,True,0.21804246306419373,2,T1014; T1620,MEDIUM_CANDIDATE,0,2,2.48134183883667,0.2050643339753151,0.08264251654719836,False,False,False,True
660,7353,Emotet,Scar,False,0.22673359513282776,1,T1620,MEDIUM_CANDIDATE,0,1,2.030654262751341,0.20748521387577057,0.10217653378111156,False,False,False,True
661,7391,Emotet,Conti,False,0.21734943985939026,2,T1014; T1055,HIGH_CANDIDATE,1,1,1.4755181670188904,0.38463369756937027,0.2606770327650232,False,False,False,True
662,7372,Emotet,CWS,False,0.21087273955345154,1,T1620,MEDIUM_CANDIDATE,0,2,2.3162882775068283,0.48795779049396515,0.21066367050788076,False,False,False,True
663,7449,Emotet,Emotet,True,0.47515028715133667,1,T1620,MEDIUM_CANDIDATE,0,2,2.5501180924475193,0.17293647304177284,0.06781508415392407,False,False,False,True
664,7516,Emotet,180solutions,False,0.13915549218654633,3,T1014; T1055; T1620,HIGH_CANDIDATE,1,2,0.888910785317421,0.15106352046132088,0.16994227424901548,False,False,False,True
665,7474,Emotet,Emotet,True,0.9455879926681519,2,T1014; T1620,MEDIUM_CANDIDATE,0,2,5.119601048529148,0.23295573145151138,0.04550271187994993,False,False,False,True
666,7501,Emotet,Emotet,True,0.590173065662384,0,,CONTEXT_ONLY,0,0,4.052664637565613,0.0,0.0,False,False,False,True
667,7567,Emotet,Scar,False,0.2660311162471771,1,T1620,MEDIUM_CANDIDATE,0,3,2.2525518126785755,1.040494590997696,0.4619181610568208,False,False,False,True
668,7426,Emotet,Shade,False,0.15482890605926514,2,T1055; T1620,HIGH_CANDIDATE,1,1,1.437836680561304,0.12848978862166405,0.0893632707794769,False,False,False,True
669,7551,Emotet,Ako,False,0.18906843662261963,1,T1620,MEDIUM_CANDIDATE,0,3,1.2199196964502335,0.4232872687280178,0.3469796167401137,False,False,False,True
670,7462,Emotet,Emotet,True,0.8393446207046509,2,T1055; T1620,HIGH_CANDIDATE,2,1,4.2892814092338085,1.7981912232935429,0.4192290157093592,False,False,False,True
671,7466,Emotet,Refroso,False,0.23326155543327332,1,T1620,MEDIUM_CANDIDATE,0,4,2.523327521979809,0.8487107157707214,0.3363458403151807,False,False,False,True
672,7488,Emotet,Zeus,False,0.31122514605522156,2,T1014; T1620,MEDIUM_CANDIDATE,0,4,2.5446356013417244,0.31426556780934334,0.12350120686971398,False,False,False,True
673,7507,Emotet,Gator,False,0.2334199845790863,2,T1014; T1620,MEDIUM_CANDIDATE,0,4,1.8709468059241772,0.4290984310209751,0.22934827952471726,False,False,False,True
674,7432,Emotet,Emotet,True,0.6828949451446533,3,T1014; T1055; T1620,HIGH_CANDIDATE,2,2,3.95682006329298,1.6778638884425163,0.42404351514689537,False,False,False,True
675,7258,Emotet,Ako,False,0.3101325035095215,2,T1055; T1620,HIGH_CANDIDATE,1,2,2.372906520962715,0.6696675717830658,0.28221405515434045,False,False,False,True
676,7555,Emotet,Scar,False,0.33885976672172546,2,T1014; T1620,MEDIUM_CANDIDATE,0,4,2.439152218401432,1.0780908092856407,0.4419940670993458,False,False,False,True
677,7511,Emotet,180solutions,False,0.2587403655052185,2,T1014; T1620,MEDIUM_CANDIDATE,0,4,1.9034230522811413,0.6339988633990288,0.3330835268802793,False,False,False,True
678,7334,Emotet,Reconyc,False,0.2682581841945648,2,T1055; T1620,HIGH_CANDIDATE,2,3,2.2337526343762875,0.8974775448441505,0.40178018417636735,False,False,False,True
679,7414,Emotet,Emotet,True,0.40642523765563965,2,T1014; T1620,MEDIUM_CANDIDATE,0,4,2.474855028092861,0.5407818853855133,0.21851053061570366,False,False,False,True
680,7387,Emotet,Emotet,True,0.36785221099853516,1,T1620,MEDIUM_CANDIDATE,0,2,2.3461912646889687,0.18237150460481644,0.07773087699608036,False,False,False,True
681,7328,Emotet,Emotet,True,0.6482254862785339,1,T1620,MEDIUM_CANDIDATE,0,3,3.8487059250473976,0.49715955555438995,0.1291757710868147,False,False,False,True
682,7343,Emotet,Emotet,True,0.27174219489097595,2,T1014; T1620,MEDIUM_CANDIDATE,0,6,1.8340594694018364,0.5122166723012924,0.27928029643899593,False,False,False,True
683,7571,Emotet,Conti,False,0.1622748076915741,2,T1055; T1620,HIGH_CANDIDATE,1,5,1.2079338766634464,0.8594340123236179,0.7114909424492222,False,False,False,True
684,7335,Emotet,Emotet,True,0.8187013268470764,2,T1055; T1620,HIGH_CANDIDATE,2,1,4.708896987140179,1.35945425927639,0.2886990866415232,False,False,False,True
685,7299,Emotet,Shade,False,0.2935595214366913,2,T1055; T1620,HIGH_CANDIDATE,2,3,2.121915865689516,0.3194943331182003,0.15056880354414084,False,False,False,True
686,7405,Emotet,Shade,False,0.2945345938205719,2,T1055; T1620,HIGH_CANDIDATE,1,3,2.218400787562132,0.4414066784083843,0.19897517206233034,False,False,False,True
687,7261,Emotet,Gator,False,0.3178127706050873,1,T1620,MEDIUM_CANDIDATE,0,1,1.7689196579158306,0.11771706491708755,0.06654743441303812,False,False,False,True
688,7293,Emotet,Emotet,True,0.21572040021419525,1,T1014,MEDIUM_CANDIDATE,0,1,1.8860214874148369,0.08087383955717087,0.04288065650197038,False,False,False,True
689,7579,Emotet,Shade,False,0.21711167693138123,2,T1055; T1620,HIGH_CANDIDATE,1,3,1.674030963331461,0.30184370651841164,0.18030951226715516,False,False,False,True
690,7583,Emotet,Refroso,False,0.46666231751441956,1,T1620,MEDIUM_CANDIDATE,0,3,3.0398945212364197,0.5893651396036148,0.1938768386489613,False,False,False,True
691,7347,Emotet,Emotet,True,0.7724842429161072,1,T1620,MEDIUM_CANDIDATE,0,2,3.825969249010086,0.19812442362308502,0.05178411292101912,False,False,False,True
692,7425,Emotet,180solutions,False,0.35191211104393005,1,T1620,MEDIUM_CANDIDATE,0,3,2.059496283531189,0.5140197426080704,0.24958517610274,False,False,False,True
693,7471,Emotet,Emotet,True,0.5854341983795166,3,T1014; T1055; T1620,HIGH_CANDIDATE,1,4,3.159659754484892,0.6983112916350365,0.22100838251455326,False,False,False,True
694,7436,Emotet,Reconyc,False,0.22189846634864807,2,T1055; T1620,HIGH_CANDIDATE,2,3,1.938843697309494,0.6675381734967232,0.3442970541787646,False,False,False,True
695,7438,Emotet,Emotet,True,0.5534781813621521,1,T1620,MEDIUM_CANDIDATE,0,3,3.6425299793481827,0.4754747301340103,0.1305341981616565,False,False,False,True
696,7243,Emotet,Emotet,True,0.4700821340084076,1,T1620,MEDIUM_CANDIDATE,0,3,2.9306435212492943,0.22312524914741516,0.07613524044449455,False,False,False,True
697,7460,Emotet,Scar,False,0.2129933089017868,1,T1620,MEDIUM_CANDIDATE,0,3,2.2298884615302086,0.9553986266255379,0.42845130736714876,False,False,False,True
698,7373,Emotet,Shade,False,0.375161737203598,2,T1055; T1620,HIGH_CANDIDATE,1,4,2.1477847918868065,0.55785271525383,0.2597339907429749,False,False,False,True
699,7533,Emotet,Emotet,True,0.5527474284172058,3,T1014; T1055; T1620,HIGH_CANDIDATE,1,3,2.9355791471898556,0.5420680493116379,0.18465455098716851,False,False,False,True
700,7498,Emotet,Emotet,True,0.13120156526565552,2,T1014; T1620,MEDIUM_CANDIDATE,0,2,1.3667773753404617,0.13960083574056625,0.10213867909965363,False,False,False,True
701,7528,Emotet,Emotet,True,0.2980155348777771,1,T1620,MEDIUM_CANDIDATE,0,4,1.91218601167202,0.39762600138783455,0.2079431597975918,False,False,False,True
702,7496,Emotet,Reconyc,False,0.28520438075065613,3,T1014; T1055; T1620,HIGH_CANDIDATE,2,4,2.1985864527523518,1.164209071546793,0.529526173550897,False,False,False,True
703,7381,Emotet,Reconyc,False,0.2238931953907013,2,T1055; T1620,HIGH_CANDIDATE,2,1,2.1837681122124195,0.6218554303050041,0.28476257475661637,False,False,False,True
704,7581,Emotet,Conti,False,0.16328684985637665,2,T1055; T1620,HIGH_CANDIDATE,1,3,1.2062947489321232,0.7905608117580414,0.655362889093141,False,False,False,True
705,7545,Emotet,Shade,False,0.43899956345558167,2,T1055; T1620,HIGH_CANDIDATE,1,4,2.4696147963404655,0.3236996755003929,0.13107294140772838,False,False,False,True
706,7279,Emotet,Emotet,True,0.6021703481674194,0,,CONTEXT_ONLY,0,0,3.4055588617920876,0.0,0.0,False,False,False,True
707,7250,Emotet,Emotet,True,0.4184955954551697,1,T1620,MEDIUM_CANDIDATE,0,2,3.0202413201332092,0.3149462193250656,0.10427849497508854,False,False,False,True
708,7360,Emotet,Emotet,True,0.23430772125720978,1,T1620,MEDIUM_CANDIDATE,0,2,2.217161640524864,0.1408965066075325,0.06354814373127002,False,False,False,True
709,7296,Emotet,Emotet,True,0.4930385947227478,2,T1014; T1620,MEDIUM_CANDIDATE,0,5,2.4227053076028824,0.9574974328279495,0.3952182833888841,False,False,False,True
710,7253,Emotet,Emotet,True,0.6450926661491394,1,T1620,MEDIUM_CANDIDATE,0,3,3.895183652639389,0.504608541727066,0.12954679078742326,False,False,False,True
711,7459,Emotet,Scar,False,0.4930731952190399,1,T1620,MEDIUM_CANDIDATE,0,6,2.5875154472887516,0.8989760056138039,0.3474282661986688,False,False,False,True
712,7323,Emotet,Emotet,True,0.36084771156311035,1,T1620,MEDIUM_CANDIDATE,0,3,2.467113181948662,0.4483601897954941,0.1817347469406955,False,False,False,True
713,7421,Emotet,Refroso,False,0.4884173572063446,1,T1620,MEDIUM_CANDIDATE,0,1,3.2515959553420544,0.1576738804578781,0.048491227884213395,False,False,False,True
714,7368,Emotet,Scar,False,0.31943801045417786,1,T1620,MEDIUM_CANDIDATE,0,5,2.3466980159282684,1.1513770297169685,0.4906370661678536,False,False,False,True
715,7461,Emotet,Emotet,True,0.8352574706077576,2,T1055; T1620,HIGH_CANDIDATE,2,1,4.858021646738052,1.4949255287647247,0.3077231098318595,False,False,False,True
716,7491,Emotet,Scar,False,0.2036730945110321,1,T1620,MEDIUM_CANDIDATE,0,2,1.85383016243577,0.29625360667705536,0.15980622857479249,False,False,False,True
717,7473,Emotet,Emotet,True,0.2798852324485779,1,T1620,MEDIUM_CANDIDATE,0,1,2.426371391862631,0.057409197092056274,0.02366051515633205,False,False,False,True
718,7332,Emotet,Emotet,True,0.20963111519813538,1,T1620,MEDIUM_CANDIDATE,0,2,2.0291359536349773,0.10433577373623848,0.05141881870918123,False,False,False,True
719,7447,Emotet,Emotet,True,0.4466972053050995,1,T1620,MEDIUM_CANDIDATE,0,2,2.5261658802628517,0.17992543056607246,0.07122470933989138,False,False,False,True
720,7410,Emotet,Conti,False,0.2233484834432602,3,T1014; T1055; T1620,HIGH_CANDIDATE,1,4,1.7053896822035313,1.0440193116664886,0.6121881248381384,False,False,False,True
721,7345,Emotet,Emotet,True,0.8417328000068665,2,T1014; T1620,MEDIUM_CANDIDATE,0,4,4.395245686173439,0.5118216574192047,0.11644893004031445,False,False,False,True
722,7485,Emotet,Refroso,False,0.22032082080841064,1,T1620,MEDIUM_CANDIDATE,0,4,2.214829534292221,0.5812438875436783,0.26243278705845086,False,False,False,True
723,7543,Emotet,Shade,False,0.25040385127067566,1,T1620,MEDIUM_CANDIDATE,0,4,1.6296460963785648,0.2643328681588173,0.16220262101460162,False,False,False,True
724,7412,Emotet,Emotet,True,0.32237282395362854,1,T1620,MEDIUM_CANDIDATE,0,2,2.534961998462677,0.2192351147532463,0.08648457644974601,False,False,False,True
725,7255,Emotet,Emotet,True,0.7776326537132263,1,T1055,HIGH_CANDIDATE,2,0,4.657395787537098,1.6017535030841827,0.3439161231197863,False,False,False,True
726,7275,Emotet,Pysa,False,0.40921616554260254,2,T1014; T1620,MEDIUM_CANDIDATE,0,5,2.5579391047358513,0.7637995183467865,0.29859957062021664,False,False,False,True
727,7517,Emotet,Emotet,True,0.643500566482544,1,T1620,MEDIUM_CANDIDATE,0,3,3.757906638085842,0.5628606826066971,0.14978037956083987,False,False,False,True
728,7397,Emotet,Reconyc,False,0.24495884776115417,2,T1055; T1620,HIGH_CANDIDATE,2,4,2.2723214104771614,1.3190083280205727,0.5804673238296848,False,False,False,True
729,7276,Emotet,Shade,False,0.24675044417381287,3,T1014; T1055; T1620,HIGH_CANDIDATE,1,4,1.8237493000924587,0.3400105647742748,0.1864349254346731,False,False,False,True
730,7285,Emotet,Pysa,False,0.579841673374176,1,T1620,MEDIUM_CANDIDATE,0,3,3.1994656175374985,0.6758953407406807,0.21125257200322423,False,False,False,True
731,7557,Emotet,Zeus,False,0.37777891755104065,1,T1620,MEDIUM_CANDIDATE,0,1,2.6103922203183174,0.08059436827898026,0.030874428620980332,False,False,False,True
732,7431,Emotet,Emotet,True,0.9290032982826233,2,T1055; T1620,HIGH_CANDIDATE,2,4,5.309820249676704,2.4347904473543167,0.4585447967852701,False,False,False,True
733,7523,Emotet,Pysa,False,0.5869572758674622,1,T1620,MEDIUM_CANDIDATE,0,4,3.642203811556101,1.4780611507594585,0.40581505792449585,False,False,False,True
734,7487,Emotet,Conti,False,0.20194411277770996,3,T1014; T1055; T1620,HIGH_CANDIDATE,1,3,1.4585672654211521,0.7572498396039009,0.5191737519114347,False,False,False,True
735,7573,Emotet,Refroso,False,0.2280741184949875,1,T1620,MEDIUM_CANDIDATE,0,3,2.426146376878023,0.5821217894554138,0.23993679647824503,False,False,False,True
736,7562,Emotet,Emotet,True,0.7318596243858337,1,T1620,MEDIUM_CANDIDATE,0,3,3.9033092483878136,0.5329385623335838,0.13653505997602003,False,False,False,True
737,7341,Emotet,Zeus,False,0.429299533367157,1,T1620,MEDIUM_CANDIDATE,0,1,2.8175070844590664,0.08242925256490707,0.02925609416195405,False,False,False,True
738,7437,Emotet,Refroso,False,0.242506742477417,1,T1620,MEDIUM_CANDIDATE,0,3,2.34524342790246,0.5520262569189072,0.23538121900319264,False,False,False,True
739,7286,Emotet,Shade,False,0.15853212773799896,3,T1014; T1055; T1620,HIGH_CANDIDATE,1,2,1.432550098747015,0.18111535534262657,0.12642863624877046,False,False,False,True
740,7309,Emotet,Zeus,False,0.2406259924173355,1,T1620,MEDIUM_CANDIDATE,0,2,2.223192237317562,0.19545937329530716,0.08791834102980796,False,False,False,True
741,7520,Emotet,Emotet,True,0.6564624309539795,1,T1620,MEDIUM_CANDIDATE,0,3,3.8390083461999893,0.4915683642029762,0.12804566176303084,False,False,False,True
742,7550,Emotet,Ako,False,0.20590472221374512,1,T1620,MEDIUM_CANDIDATE,0,4,1.739693496376276,0.26196984574198723,0.1505839081928292,False,False,False,True
743,7364,Emotet,180solutions,False,0.1077759712934494,2,T1055; T1620,HIGH_CANDIDATE,1,1,0.9533803053200245,0.10231979563832283,0.10732316900963965,False,False,False,True
744,7269,Emotet,Conti,False,0.19932886958122253,3,T1014; T1055; T1620,HIGH_CANDIDATE,2,2,1.9840129241347313,0.592772226780653,0.29877437771186555,False,False,False,True
745,7404,Emotet,Conti,False,0.21801789104938507,3,T1014; T1055; T1620,HIGH_CANDIDATE,1,3,1.5922597125172615,0.7790370658040047,0.4892650738317033,False,False,False,True
746,7313,Emotet,Emotet,True,0.5193482041358948,2,T1055; T1620,HIGH_CANDIDATE,1,1,3.9211257994174957,0.30046384036540985,0.0766269320943606,False,False,False,True
747,7451,Emotet,Refroso,False,0.3871428668498993,1,T1620,MEDIUM_CANDIDATE,0,3,2.866370987147093,0.5509640723466873,0.1922165954153281,False,False,False,True
748,7303,Emotet,Gator,False,0.16074329614639282,2,T1014; T1620,MEDIUM_CANDIDATE,0,3,1.5619556680321693,0.3139592334628105,0.20100393365091612,False,False,False,True
749,7572,Emotet,180solutions,False,0.17659378051757812,1,T1055,HIGH_CANDIDATE,1,0,1.2410222291946411,0.04908258095383644,0.039550122309806236,False,False,False,True
750,6468,Gator,Gator,True,0.21432094275951385,1,T1620,MEDIUM_CANDIDATE,0,2,1.8172571957111359,0.1766335815191269,0.0971978990843979,False,False,False,True
751,6364,Gator,Gator,True,0.37444230914115906,1,T1620,MEDIUM_CANDIDATE,0,4,2.7334395311772823,0.6720119118690491,0.245848464619086,False,False,False,True
752,6472,Gator,180solutions,False,0.18204951286315918,2,T1014; T1620,MEDIUM_CANDIDATE,0,3,1.449938777834177,0.5148247927427292,0.3550665728878157,False,False,False,True
753,6611,Gator,Reconyc,False,0.2874187231063843,2,T1055; T1620,HIGH_CANDIDATE,1,4,2.2872688844799995,1.2892957776784897,0.5636835207381424,False,False,False,True
754,6470,Gator,180solutions,False,0.2334299087524414,2,T1014; T1620,MEDIUM_CANDIDATE,0,4,1.6536219082772732,0.4967394694685936,0.3003948284563379,False,False,False,True
755,6415,Gator,Gator,True,0.2495928555727005,2,T1014; T1620,MEDIUM_CANDIDATE,0,3,1.9253500141203403,0.19529840350151062,0.10143527258379519,False,False,False,True
756,6546,Gator,Gator,True,0.25256648659706116,2,T1014; T1620,MEDIUM_CANDIDATE,0,2,2.0694857984781265,0.17948612570762634,0.0867298175419315,False,False,False,True
757,6395,Gator,Gator,True,0.5732446908950806,2,T1014; T1620,MEDIUM_CANDIDATE,0,6,3.029510226100683,1.6688909344375134,0.5508781320687476,False,False,False,True
758,6559,Gator,Gator,True,0.6779756546020508,2,T1014; T1620,MEDIUM_CANDIDATE,0,5,3.4263722375035286,1.7300142124295235,0.5049113442764819,False,False,False,True
759,6530,Gator,Gator,True,0.38227611780166626,2,T1014; T1620,MEDIUM_CANDIDATE,0,4,2.4710346050560474,0.34673113748431206,0.14031820387090355,False,False,False,True
760,6633,Gator,Gator,True,0.41280418634414673,1,T1620,MEDIUM_CANDIDATE,0,5,3.0045535564422607,0.7935572862625122,0.2641182030391816,False,False,False,True
761,6527,Gator,Gator,True,0.3013816475868225,1,T1620,MEDIUM_CANDIDATE,0,3,2.4890299774706364,0.662392158061266,0.26612462045732044,False,False,False,True
762,6346,Gator,Shade,False,0.13754890859127045,1,T1055,HIGH_CANDIDATE,1,0,1.328318975865841,0.04622006416320801,0.03479590746121826,False,False,False,True
763,6610,Gator,Gator,True,0.7840853929519653,2,T1014; T1620,MEDIUM_CANDIDATE,0,5,3.5521114952862263,1.3577996641397476,0.38225142030074066,False,False,False,True
764,6550,Gator,Gator,True,0.4131820499897003,1,T1014,MEDIUM_CANDIDATE,0,4,2.6589499041438103,0.4468199983239174,0.16804378210645332,False,False,False,True
765,6563,Gator,Gator,True,0.7417754530906677,1,T1620,MEDIUM_CANDIDATE,0,4,3.423390746116638,1.4152687713503838,0.41341140299447554,False,False,False,True
766,6370,Gator,Refroso,False,0.5772039890289307,1,T1620,MEDIUM_CANDIDATE,0,3,3.6127722039818764,0.6881976425647736,0.19049018418771746,False,False,False,True
767,6404,Gator,Transponder,False,0.4264882206916809,1,T1620,MEDIUM_CANDIDATE,0,3,2.586472637951374,0.7860626503825188,0.3039129967387255,False,False,False,True
768,6571,Gator,Gator,True,0.4305139482021332,1,T1620,MEDIUM_CANDIDATE,0,5,3.243707574903965,1.4610930159687996,0.4504391910272792,False,False,False,True
769,6590,Gator,Gator,True,0.2513216733932495,1,T1014,MEDIUM_CANDIDATE,0,2,2.203847400844097,0.22086743265390396,0.1002190226824731,False,False,False,True
770,6636,Gator,Gator,True,0.8272285461425781,2,T1014; T1620,MEDIUM_CANDIDATE,0,5,3.704889692366123,1.652130089700222,0.445932329133689,False,False,False,True
771,6601,Gator,Gator,True,0.42773333191871643,2,T1014; T1620,MEDIUM_CANDIDATE,0,4,2.354440651834011,0.5048100128769875,0.21440761842255887,False,False,False,True
772,6308,Gator,Gator,True,0.36422979831695557,2,T1014; T1620,MEDIUM_CANDIDATE,0,6,2.951600596308708,1.4821538776159286,0.5021525878093128,False,False,False,True
773,6343,Gator,Refroso,False,0.41172677278518677,2,T1014; T1620,MEDIUM_CANDIDATE,0,5,3.380573593080044,0.5854204520583153,0.1731719295378327,False,False,False,True
774,6505,Gator,Gator,True,0.5345742702484131,2,T1055; T1620,HIGH_CANDIDATE,2,3,3.004186011850834,0.7310129106044769,0.2433314407699112,False,False,False,True
775,6506,Gator,Gator,True,0.19700075685977936,2,T1055; T1620,HIGH_CANDIDATE,2,1,2.1601139530539513,0.4135706350207329,0.19145778602838529,False,False,False,True
776,6555,Gator,180solutions,False,0.16839705407619476,2,T1055; T1620,HIGH_CANDIDATE,1,2,1.414463222026825,0.20547401905059814,0.14526642746933252,False,False,False,True
777,6471,Gator,180solutions,False,0.18204951286315918,2,T1014; T1620,MEDIUM_CANDIDATE,0,3,1.449938777834177,0.5148247927427292,0.3550665728878157,False,False,False,True
778,6409,Gator,Gator,True,0.7522262930870056,2,T1014; T1620,MEDIUM_CANDIDATE,0,6,3.557883270084858,1.8734243139624596,0.526555868123739,False,False,False,True
779,6428,Gator,Gator,True,0.44808048009872437,2,T1014; T1620,MEDIUM_CANDIDATE,0,4,2.4761971943080425,0.46828098595142365,0.18911296201604888,False,False,False,True
780,6300,Gator,Gator,True,0.645803689956665,2,T1014; T1620,MEDIUM_CANDIDATE,0,5,3.1852285154163837,1.6868642754852772,0.5295897193312564,False,False,False,True
781,6457,Gator,Gator,True,0.19081296026706696,2,T1014; T1620,MEDIUM_CANDIDATE,0,2,1.5958570502698421,0.16680720821022987,0.10452515667491934,False,False,False,True
782,6392,Gator,Gator,True,0.8088951110839844,2,T1014; T1620,MEDIUM_CANDIDATE,0,5,3.795292764902115,1.6778839826583862,0.44209606125119594,False,False,False,True
783,6342,Gator,Refroso,False,0.2627353370189667,1,T1620,MEDIUM_CANDIDATE,0,1,3.0974584966897964,0.1984783262014389,0.06407780004592457,False,False,False,True
784,6606,Gator,Gator,True,0.6850752234458923,2,T1014; T1620,MEDIUM_CANDIDATE,0,5,3.468625519424677,1.637895554304123,0.47220305136191015,False,False,False,True
785,6528,Gator,Gator,True,0.2764699161052704,1,T1620,MEDIUM_CANDIDATE,0,5,2.5254688896238804,0.8485476411879063,0.33599607766868234,False,False,False,True
786,6534,Gator,Gator,True,0.23329812288284302,2,T1014; T1620,MEDIUM_CANDIDATE,0,5,1.869171503931284,0.5036668889224529,0.26945996547835727,False,False,False,True
787,6301,Gator,Gator,True,0.7336832880973816,2,T1014; T1620,MEDIUM_CANDIDATE,0,5,3.5252428464591503,1.477663867175579,0.4191665458337955,False,False,False,True
788,6513,Gator,Shade,False,0.22743858397006989,2,T1055; T1620,HIGH_CANDIDATE,1,3,1.9974682480096817,0.32906845957040787,0.1647427737078166,False,False,False,True
789,6321,Gator,Shade,False,0.3710949122905731,3,T1014; T1055; T1620,HIGH_CANDIDATE,1,4,2.449613928794861,0.5958962850272655,0.2432613066175817,False,False,False,True
790,6448,Gator,Gator,True,0.41454899311065674,1,T1620,MEDIUM_CANDIDATE,0,5,2.945520758628845,0.8131599426269531,0.27606661411053274,False,False,False,True
791,6618,Gator,Gator,True,0.2847616672515869,1,T1620,MEDIUM_CANDIDATE,0,2,1.9375654086470604,0.24717487394809723,0.12756982182123672,False,False,False,True
792,6422,Gator,Gator,True,0.41531649231910706,2,T1014; T1620,MEDIUM_CANDIDATE,0,3,2.3796343877911568,0.306646890938282,0.1288630272413067,False,False,False,True
793,6353,Gator,Gator,True,0.2748090326786041,2,T1014; T1620,MEDIUM_CANDIDATE,0,3,2.1907091215252876,0.2452814057469368,0.11196438784906272,False,False,False,True
794,6327,Gator,Gator,True,0.6877453327178955,2,T1014; T1620,MEDIUM_CANDIDATE,0,6,3.5276319421827793,1.9132900685071945,0.5423723619316463,False,False,False,True
795,6375,Gator,CWS,False,0.2604452073574066,2,T1014; T1620,MEDIUM_CANDIDATE,0,3,1.8689801134169102,0.2487741783261299,0.13310691565964045,False,False,False,True
796,6356,Gator,Gator,True,0.6348065733909607,2,T1014; T1620,MEDIUM_CANDIDATE,0,6,3.1377596706151962,1.6784864664077759,0.5349314933602572,False,False,False,True
797,6412,Gator,Gator,True,0.4192696511745453,1,T1620,MEDIUM_CANDIDATE,0,5,2.946884620934725,0.8233974426984787,0.2794128541202623,False,False,False,True
798,6608,Gator,Gator,True,0.23485475778579712,1,T1620,MEDIUM_CANDIDATE,0,2,1.5123855099081993,0.2404269278049469,0.15897198579979827,False,False,False,True
799,6349,Gator,Gator,True,0.8235712647438049,2,T1014; T1620,MEDIUM_CANDIDATE,0,6,3.6998144313693047,1.7097338363528252,0.46211340273086376,False,False,False,True
800,6454,Gator,Gator,True,0.2861570417881012,1,T1620,MEDIUM_CANDIDATE,0,2,1.929468035697937,0.24413768202066422,0.12653108395877286,False,False,False,True
801,6304,Gator,Gator,True,0.27273038029670715,1,T1620,MEDIUM_CANDIDATE,0,5,2.4373284950852394,0.7928133942186832,0.3252796641147695,False,False,False,True
802,6362,Gator,Gator,True,0.349402517080307,1,T1620,MEDIUM_CANDIDATE,0,3,2.4120955653488636,0.17019928619265556,0.07056075581650492,False,False,False,True
803,6478,Gator,Gator,True,0.6012583374977112,2,T1014; T1620,MEDIUM_CANDIDATE,0,6,3.1277592331171036,0.904541552066803,0.2891979480036074,False,False,False,True
804,6507,Gator,Gator,True,0.19700075685977936,2,T1055; T1620,HIGH_CANDIDATE,2,1,2.1601139530539513,0.4135706350207329,0.19145778602838529,False,False,False,True
805,6387,Gator,Gator,True,0.5806069374084473,2,T1014; T1620,MEDIUM_CANDIDATE,0,5,3.3890213072299957,1.4133772626519203,0.417045847317832,False,False,False,True
806,6310,Gator,Refroso,False,0.3769688606262207,1,T1620,MEDIUM_CANDIDATE,0,4,3.180771328508854,0.47438908368349075,0.1491427816365172,False,False,False,True
807,6416,Gator,Gator,True,0.5914284586906433,2,T1014; T1620,MEDIUM_CANDIDATE,0,6,3.0280148833990097,1.6733644232153893,0.5526275423511139,False,False,False,True
808,6446,Gator,Gator,True,0.6584712862968445,2,T1014; T1620,MEDIUM_CANDIDATE,0,5,3.528469119220972,1.4843937754631042,0.4206905956401948,False,False,False,True
809,6332,Gator,Scar,False,0.15301267802715302,1,T1620,MEDIUM_CANDIDATE,0,4,1.8934687674045563,0.6430565267801285,0.3396182381511307,False,False,False,True
810,6322,Gator,Conti,False,0.2691298723220825,2,T1014; T1055,HIGH_CANDIDATE,1,2,1.8510068953037262,0.6031390465795994,0.3258437600150766,False,False,False,True
811,6319,Gator,Gator,True,0.6559895873069763,2,T1014; T1620,MEDIUM_CANDIDATE,0,6,3.612322971224785,1.8274664282798767,0.5058978510053492,False,False,False,True
812,6565,Gator,180solutions,False,0.256342351436615,1,T1620,MEDIUM_CANDIDATE,0,3,2.0990473926067352,0.44651611521840096,0.21272321758485302,False,False,False,True
813,6493,Gator,CWS,False,0.34845736622810364,2,T1014; T1620,MEDIUM_CANDIDATE,0,5,2.018566656857729,0.4324289485812187,0.21422574632951388,False,False,False,True
814,6339,Gator,Gator,True,0.8140478730201721,2,T1014; T1620,MEDIUM_CANDIDATE,0,5,3.7435765713453293,1.6320370584726334,0.43595663862329603,False,False,False,True
815,6519,Gator,Gator,True,0.2443019300699234,2,T1014; T1620,MEDIUM_CANDIDATE,0,3,2.1243788674473763,0.30671925097703934,0.14438067318264602,False,False,False,True
816,6567,Gator,Gator,True,0.4343196153640747,2,T1014; T1620,MEDIUM_CANDIDATE,0,3,2.620716832578182,0.30349400639533997,0.11580572254987645,False,False,False,True
817,6623,Gator,Refroso,False,0.4111759662628174,2,T1014; T1620,MEDIUM_CANDIDATE,0,5,3.380573593080044,0.5854204520583153,0.1731719295378327,False,False,False,True
818,6579,Gator,Zeus,False,0.1475684642791748,1,T1620,MEDIUM_CANDIDATE,0,1,1.7708743829280138,0.07733218371868134,0.043668926754035546,False,False,False,True
819,6461,Gator,Transponder,False,0.19649246335029602,1,T1620,MEDIUM_CANDIDATE,0,1,1.3799927458167076,0.03284475579857826,0.02380067279204433,False,False,False,True
820,6525,Gator,Gator,True,0.29493415355682373,2,T1014; T1620,MEDIUM_CANDIDATE,0,4,2.3668604344129562,0.5711124092340469,0.24129534675148595,False,False,False,True
821,6524,Gator,Gator,True,0.3182774484157562,1,T1620,MEDIUM_CANDIDATE,0,4,2.647737503051758,0.7804943695664406,0.29477785039749976,False,False,False,True
822,6306,Gator,Maze,False,0.13582172989845276,2,T1014; T1620,MEDIUM_CANDIDATE,0,5,1.382610384374857,0.8678228631615639,0.6276698576612726,False,False,False,True
823,6374,Gator,Gator,True,0.27809086441993713,2,T1014; T1620,MEDIUM_CANDIDATE,0,3,2.0882714986801147,0.19504760950803757,0.09340146127135135,False,False,False,True
824,6492,Gator,Conti,False,0.14839623868465424,2,T1055; T1620,HIGH_CANDIDATE,1,2,1.3152353949844837,0.46956947073340416,0.3570231401345033,False,False,False,True
825,6552,Gator,Gator,True,0.17848125100135803,2,T1014; T1620,MEDIUM_CANDIDATE,0,5,1.6971403919160366,0.709072083234787,0.4178040229389975,False,False,False,True
826,6536,Gator,Gator,True,0.47585824131965637,2,T1014; T1620,MEDIUM_CANDIDATE,0,4,2.2910998091101646,0.4032764434814453,0.17601871462687302,False,False,False,True
827,6620,Gator,Gator,True,0.6592650413513184,2,T1014; T1620,MEDIUM_CANDIDATE,0,6,3.3229127638041973,1.7352998852729797,0.5222225224132403,False,False,False,True
828,6543,Gator,Gator,True,0.34462088346481323,1,T1620,MEDIUM_CANDIDATE,0,1,2.4815240167081356,0.07696837186813354,0.03101657342419595,False,False,False,True
829,6338,Gator,Gator,True,0.4680635631084442,2,T1014; T1620,MEDIUM_CANDIDATE,0,4,3.2098568603396416,1.3938612639904022,0.4342440565536355,False,False,False,True
830,6481,Gator,CWS,False,0.28827545046806335,1,T1014,MEDIUM_CANDIDATE,0,3,1.5989855155348778,0.1981394849717617,0.1239157472326958,False,False,False,True
831,6455,Gator,Shade,False,0.1598251610994339,1,T1055,HIGH_CANDIDATE,1,0,1.375196684151888,0.06824171543121338,0.04962324023730427,False,False,False,True
832,6359,Gator,Pysa,False,0.166815847158432,2,T1055; T1620,HIGH_CANDIDATE,1,3,1.9225586131215096,0.6225390061736107,0.32380755620388724,False,False,False,True
833,6564,Gator,Transponder,False,0.3188246786594391,1,T1014,MEDIUM_CANDIDATE,0,4,1.9200786426663399,0.43481679633259773,0.22645780577444696,False,False,False,True
834,6517,Gator,Gator,True,0.28829795122146606,2,T1014; T1620,MEDIUM_CANDIDATE,0,5,2.2100525721907616,0.6014814674854279,0.2721570857878718,False,False,False,True
835,6584,Gator,Gator,True,0.7899358868598938,1,T1620,MEDIUM_CANDIDATE,0,5,3.6761622838675976,1.6833227910101414,0.4579021982781348,False,False,False,True
836,6588,Gator,Gator,True,0.18752016127109528,1,T1014,MEDIUM_CANDIDATE,0,2,1.8778609074652195,0.13510778173804283,0.07194770454027634,False,False,False,True
837,6560,Gator,Gator,True,0.6138947606086731,2,T1014; T1620,MEDIUM_CANDIDATE,0,5,3.1834514252841473,1.2029518336057663,0.37787661028890795,False,False,False,True
838,6532,Gator,Gator,True,0.3646629750728607,2,T1014; T1620,MEDIUM_CANDIDATE,0,4,2.2642669901251793,0.5208803042769432,0.23004367707014378,False,False,False,True
839,6626,Gator,Gator,True,0.6763049960136414,2,T1014; T1620,MEDIUM_CANDIDATE,0,6,3.511973712593317,1.8359748646616936,0.5227757992829537,False,False,False,True
840,6431,Gator,Gator,True,0.6305246949195862,2,T1014; T1620,MEDIUM_CANDIDATE,0,5,3.3897913582623005,1.4899203479290009,0.4395315789266672,False,False,False,True
841,6400,Gator,Gator,True,0.5938165187835693,2,T1014; T1620,MEDIUM_CANDIDATE,0,5,3.3043842539191246,1.645226776599884,0.4978920882607956,False,False,False,True
842,6391,Gator,Gator,True,0.6152894496917725,2,T1014; T1620,MEDIUM_CANDIDATE,0,6,3.2653250619769096,1.6946063116192818,0.5189701727868173,False,False,False,True
843,6619,Gator,Gator,True,0.49275586009025574,1,T1620,MEDIUM_CANDIDATE,0,5,3.090779982507229,0.8534221351146698,0.2761186949393845,False,False,False,True
844,6591,Gator,Conti,False,0.17205044627189636,3,T1014; T1055; T1620,HIGH_CANDIDATE,1,5,1.5187866017222404,0.8465312346816063,0.557373388546933,False,False,False,True
845,6605,Gator,Gator,True,0.673319935798645,2,T1014; T1620,MEDIUM_CANDIDATE,0,5,3.548304334282875,1.5451749861240387,0.43546856203818946,False,False,False,True
846,6575,Gator,Gator,True,0.6257249712944031,2,T1014; T1620,MEDIUM_CANDIDATE,0,5,3.3804877921938896,1.6722616627812386,0.4946805803123353,False,False,False,True
847,6333,Gator,Gator,True,0.24310070276260376,2,T1014; T1620,MEDIUM_CANDIDATE,0,3,1.849256493151188,0.23187679052352905,0.12538919905502352,False,False,False,True
848,6335,Gator,Reconyc,False,0.24888089299201965,2,T1055; T1620,HIGH_CANDIDATE,2,4,2.0295537561178207,1.070049338042736,0.5272337994582377,False,False,False,True
849,6407,Gator,Gator,True,0.34113380312919617,2,T1014; T1620,MEDIUM_CANDIDATE,0,4,2.4649653881788254,0.4196739047765732,0.17025549599568138,False,False,False,True
850,6424,Gator,Transponder,False,0.20645691454410553,1,T1620,MEDIUM_CANDIDATE,0,2,1.6603307034820318,0.15194620192050934,0.09151562493053282,False,False,False,True
851,6401,Gator,Gator,True,0.6915407776832581,2,T1014; T1620,MEDIUM_CANDIDATE,0,5,3.3966809138655663,1.496535524725914,0.4405876096918369,False,False,False,True
852,6483,Gator,Gator,True,0.45717260241508484,2,T1055; T1620,HIGH_CANDIDATE,2,1,2.771309070289135,0.38348863273859024,0.13837815379378823,False,False,False,True
853,6583,Gator,Gator,True,0.6813315153121948,2,T1014; T1620,MEDIUM_CANDIDATE,0,6,3.554020743817091,1.5870650596916676,0.446554810478435,False,False,False,True
854,6345,Gator,Gator,True,0.2930276393890381,2,T1014; T1620,MEDIUM_CANDIDATE,0,3,2.0341945998370647,0.2431662268936634,0.1195393139442709,False,False,False,True
855,6376,Gator,Gator,True,0.42675670981407166,1,T1620,MEDIUM_CANDIDATE,0,3,2.626578461378813,0.17946807295084,0.06832770297546295,False,False,False,True
856,6529,Gator,Gator,True,0.36717185378074646,2,T1014; T1620,MEDIUM_CANDIDATE,0,4,2.208637434989214,0.36878539621829987,0.1669741671385285,False,False,False,True
857,6351,Gator,Gator,True,0.18220537900924683,1,T1620,MEDIUM_CANDIDATE,0,2,1.7059715390205383,0.2836667001247406,0.1662786826371114,False,False,False,True
858,6444,Gator,Gator,True,0.5570266842842102,2,T1014; T1620,MEDIUM_CANDIDATE,0,5,3.3310339003801346,1.622960552573204,0.4872242676329392,False,False,False,True
859,6340,Gator,Gator,True,0.8177956938743591,2,T1014; T1620,MEDIUM_CANDIDATE,0,5,3.788429342210293,1.7182346731424332,0.45354803216151823,False,False,False,True
860,6406,Gator,CWS,False,0.18917779624462128,2,T1014; T1620,MEDIUM_CANDIDATE,0,3,1.6647934094071388,0.2655999884009361,0.15953930794062957,False,False,False,True
861,6432,Gator,Scar,False,0.19468975067138672,1,T1620,MEDIUM_CANDIDATE,0,3,2.1184345073997974,0.6641539707779884,0.31351168443398436,False,False,False,True
862,6613,Gator,Pysa,False,0.1626662164926529,2,T1014; T1620,MEDIUM_CANDIDATE,0,4,2.039160594344139,0.3623415380716324,0.1776915163409056,False,False,False,True
863,6537,Gator,Gator,True,0.3126150369644165,2,T1014; T1620,MEDIUM_CANDIDATE,0,5,2.357759092003107,0.6216719411313534,0.2636706791800314,False,False,False,True
864,6495,Gator,Emotet,False,0.20695973932743073,2,T1014; T1620,MEDIUM_CANDIDATE,0,4,1.522397704422474,0.3065924495458603,0.20138788219085435,False,False,False,True
865,6459,Gator,Gator,True,0.2847980260848999,2,T1014; T1620,MEDIUM_CANDIDATE,0,3,2.091334395110607,0.4963725134730339,0.23734727197789027,False,False,False,True
866,6629,Gator,Gator,True,0.8370425701141357,2,T1014; T1620,MEDIUM_CANDIDATE,0,5,3.7763987369835377,1.64877387881279,0.4365995207724743,False,False,False,True
867,6369,Gator,Gator,True,0.40292373299598694,1,T1620,MEDIUM_CANDIDATE,0,4,2.714329317212105,0.6889476254582405,0.2538187319753303,False,False,False,True
868,6521,Gator,Gator,True,0.3245919644832611,1,T1620,MEDIUM_CANDIDATE,0,5,2.5621338561177254,0.7696320936083794,0.30038715259575266,False,False,False,True
869,6380,Gator,Gator,True,0.7380117774009705,2,T1014; T1620,MEDIUM_CANDIDATE,0,5,3.5029233917593956,1.6614592373371124,0.4743064724868618,False,False,False,True
870,6418,Gator,Gator,True,0.7209507822990417,2,T1014; T1620,MEDIUM_CANDIDATE,0,5,3.3831583969295025,1.6070611327886581,0.47501799923030497,False,False,False,True
871,6347,Gator,Gator,True,0.8503590226173401,2,T1014; T1620,MEDIUM_CANDIDATE,0,5,3.842998944222927,1.7037290185689926,0.4433331997475984,False,False,False,True
872,6386,Gator,Gator,True,0.3967108130455017,2,T1014; T1620,MEDIUM_CANDIDATE,0,4,2.2360118441283703,0.3809697702527046,0.170379137862399,False,False,False,True
873,6377,Gator,Emotet,False,0.17770542204380035,2,T1014; T1620,MEDIUM_CANDIDATE,0,4,1.3773216530680656,0.31029219180345535,0.22528665770429232,False,False,False,True
874,6469,Gator,180solutions,False,0.2334299087524414,2,T1014; T1620,MEDIUM_CANDIDATE,0,4,1.6536219082772732,0.4967394694685936,0.3003948284563379,False,False,False,True
875,5118,Maze,Maze,True,0.7203088998794556,2,T1014; T1620,MEDIUM_CANDIDATE,0,6,3.6704408675432205,2.137962266802788,0.5824810544445075,False,False,False,True
876,5146,Maze,Reconyc,False,0.24652521312236786,1,T1014,MEDIUM_CANDIDATE,0,1,1.6399377509951591,0.16114942729473114,0.09826557574940954,False,False,False,True
877,5332,Maze,Ako,False,0.4085732698440552,2,T1055; T1620,HIGH_CANDIDATE,2,3,2.41185849159956,1.3561745211482048,0.5622943990585374,False,False,False,True
878,5245,Maze,Maze,True,0.29702454805374146,1,T1620,MEDIUM_CANDIDATE,0,5,2.33653312176466,1.4151749536395073,0.6056729692625544,False,False,False,True
879,5148,Maze,180solutions,False,0.49039170145988464,2,T1014; T1620,MEDIUM_CANDIDATE,0,3,2.0917093977332115,0.44143934547901154,0.21104238760766672,False,False,False,True
880,5073,Maze,Maze,True,0.8896188735961914,1,T1620,MEDIUM_CANDIDATE,0,5,4.312297455966473,1.9993284717202187,0.4636341746216876,False,False,False,True
881,5204,Maze,Shade,False,0.3160077929496765,2,T1055; T1620,HIGH_CANDIDATE,1,3,2.377144642174244,0.3753494881093502,0.15789930551556114,False,False,False,True
882,5199,Maze,Zeus,False,0.49423789978027344,2,T1014; T1620,MEDIUM_CANDIDATE,0,5,3.1540730595588684,0.35092806816101074,0.1112618704558771,False,False,False,True
883,5155,Maze,Maze,True,0.8088463544845581,1,T1620,MEDIUM_CANDIDATE,0,4,3.9516184329986572,1.2956048026680946,0.327866879010617,False,False,False,True
884,5150,Maze,Zeus,False,0.4224778711795807,2,T1014; T1620,MEDIUM_CANDIDATE,0,4,2.8728351071476936,0.37017982453107834,0.1288552286241771,False,False,False,True
885,5163,Maze,Scar,False,0.17511238157749176,1,T1620,MEDIUM_CANDIDATE,0,5,1.582377802580595,0.5048186480998993,0.3190253599845903,False,False,False,True
886,5341,Maze,Conti,False,0.22601613402366638,3,T1014; T1055; T1620,HIGH_CANDIDATE,1,5,1.5305998660624027,0.9141224287450314,0.597231483559899,False,False,False,True
887,5079,Maze,Maze,True,0.8932373523712158,1,T1620,MEDIUM_CANDIDATE,0,3,4.749165400862694,1.355138123035431,0.28534237253334405,False,False,False,True
888,5274,Maze,Ako,False,0.3024671971797943,2,T1055; T1620,HIGH_CANDIDATE,2,2,2.2865236215293407,1.149129532277584,0.5025662195035576,False,False,False,True
889,5243,Maze,Maze,True,0.8612396121025085,1,T1620,MEDIUM_CANDIDATE,0,5,4.2101370841264725,1.509485550224781,0.3585359621462236,False,False,False,True
890,5174,Maze,Maze,True,0.8903945088386536,1,T1620,MEDIUM_CANDIDATE,0,5,4.306565053761005,1.9953003376722336,0.4633159635960218,False,False,False,True
891,5272,Maze,Maze,True,0.4465249180793762,2,T1014; T1620,MEDIUM_CANDIDATE,0,6,2.8329960629343987,1.6226176619529724,0.5727567655961638,False,False,False,True
892,5289,Maze,Maze,True,0.95438551902771,1,T1620,MEDIUM_CANDIDATE,0,5,4.803119532763958,1.6393453404307365,0.34130846197937,False,False,False,True
893,5077,Maze,Scar,False,0.3644745349884033,1,T1620,MEDIUM_CANDIDATE,0,5,2.5704133473336697,0.8108896911144257,0.3154705417148469,False,False,False,True
894,5300,Maze,Conti,False,0.48123353719711304,3,T1014; T1055; T1620,HIGH_CANDIDATE,1,5,2.270062893629074,1.3705221191048622,0.6037375100712976,False,False,False,True
895,5189,Maze,Scar,False,0.27929261326789856,1,T1620,MEDIUM_CANDIDATE,0,3,2.333255585283041,1.0203326046466827,0.4372999730858499,False,False,False,True
896,5066,Maze,Gator,False,0.4629245102405548,1,T1620,MEDIUM_CANDIDATE,0,3,2.512386303395033,0.4607609063386917,0.18339572450146588,False,False,False,True
897,5104,Maze,Zeus,False,0.3471672236919403,1,T1620,MEDIUM_CANDIDATE,0,1,2.697518702596426,0.07848768681287766,0.029096253062983916,False,False,False,True
898,5306,Maze,Zeus,False,0.4809243083000183,2,T1014; T1620,MEDIUM_CANDIDATE,0,4,2.7027412429451942,0.41527317091822624,0.15364888222362733,False,False,False,True
899,5063,Maze,Transponder,False,0.3394887447357178,3,T1014; T1055; T1620,HIGH_CANDIDATE,2,2,2.3079502880573273,0.6175227388739586,0.2675632755477357,False,False,False,True
900,5099,Maze,Gator,False,0.24689429998397827,1,T1620,MEDIUM_CANDIDATE,0,2,1.688024241477251,0.146273422986269,0.08665362699901741,False,False,False,True
901,5114,Maze,Maze,True,0.9268423318862915,1,T1620,MEDIUM_CANDIDATE,0,5,4.503209039568901,1.5908371731638908,0.353267449764265,False,False,False,True
902,5162,Maze,Ako,False,0.15849699079990387,2,T1014; T1620,MEDIUM_CANDIDATE,0,3,1.170038066804409,0.18158825486898422,0.15519858714078888,False,False,False,True
903,5070,Maze,Maze,True,0.7575213313102722,2,T1055; T1620,HIGH_CANDIDATE,1,5,3.3297175616025925,1.3608218804001808,0.40868988291764224,False,False,False,True
904,5282,Maze,Maze,True,0.235417440533638,1,T1620,MEDIUM_CANDIDATE,0,2,1.650601401925087,0.5497609227895737,0.3330670397761632,False,False,False,True
905,5108,Maze,Maze,True,0.9513558745384216,2,T1055; T1620,HIGH_CANDIDATE,2,3,3.8371946215629578,0.9433718249201775,0.24584935557319354,False,False,False,True
906,5322,Maze,Maze,True,0.3419046700000763,2,T1014; T1620,MEDIUM_CANDIDATE,0,4,2.2462193928658962,0.8913460373878479,0.39682056001244,False,False,False,True
907,5261,Maze,TIBS,False,0.4709312915802002,2,T1014; T1620,MEDIUM_CANDIDATE,0,2,3.587943196296692,0.8217319250106812,0.22902590148551813,False,False,False,True
908,5308,Maze,Maze,True,0.2738395631313324,1,T1620,MEDIUM_CANDIDATE,0,4,1.6403103657066822,0.9737581759691238,0.593642640031484,False,False,False,True
909,5142,Maze,Zeus,False,0.28200772404670715,1,T1620,MEDIUM_CANDIDATE,0,1,2.5895097106695175,0.06797738373279572,0.026251063455259325,False,False,False,True
910,5190,Maze,Conti,False,0.17452968657016754,3,T1014; T1055; T1620,HIGH_CANDIDATE,1,5,1.2066041640937328,0.9635592140257359,0.7985710995365698,False,False,False,True
911,5215,Maze,Ako,False,0.16272960603237152,1,T1014,MEDIUM_CANDIDATE,0,1,1.353217950090766,0.03832436725497246,0.02832091257169762,False,False,False,True
912,5152,Maze,Zeus,False,0.39085686206817627,2,T1014; T1620,MEDIUM_CANDIDATE,0,3,2.535923432558775,0.28239110112190247,0.11135631994889006,False,False,False,True
913,5301,Maze,Conti,False,0.36630478501319885,3,T1014; T1055; T1620,HIGH_CANDIDATE,1,5,2.0964535027742386,1.3079917058348656,0.6239068522645501,False,False,False,True
914,5317,Maze,Maze,True,0.7952863574028015,2,T1014; T1620,MEDIUM_CANDIDATE,0,4,3.3914965987205505,1.205649495124817,0.35549187800443344,False,False,False,True
915,5224,Maze,Maze,True,0.4884509742259979,1,T1620,MEDIUM_CANDIDATE,0,4,2.9763548225164413,1.5520301461219788,0.5214533342532636,False,False,False,True
916,5069,Maze,Zeus,False,0.17112186551094055,1,T1620,MEDIUM_CANDIDATE,0,2,1.490383893251419,0.24929340928792953,0.16726791695532311,False,False,False,True
917,5346,Maze,Zeus,False,0.4068416357040405,1,T1620,MEDIUM_CANDIDATE,0,1,2.7077544145286083,0.0850130245089531,0.03139613550357852,False,False,False,True
918,5263,Maze,Shade,False,0.33993539214134216,3,T1014; T1055; T1620,HIGH_CANDIDATE,1,3,1.914659023284912,0.3365105390548706,0.17575481323955608,False,False,False,True
919,5273,Maze,Maze,True,0.2587887942790985,1,T1620,MEDIUM_CANDIDATE,0,5,2.025835856795311,1.0051139369606972,0.49614776714965275,False,False,False,True
920,5091,Maze,Zeus,False,0.43895065784454346,2,T1014; T1620,MEDIUM_CANDIDATE,0,4,2.4423894584178925,0.28874871134757996,0.11822386079844237,False,False,False,True
921,5220,Maze,Conti,False,0.2314777672290802,3,T1014; T1055; T1620,HIGH_CANDIDATE,1,2,1.654090579599142,0.5145990028977394,0.3111069062629261,False,False,False,True
922,5116,Maze,Emotet,False,0.2297687977552414,1,T1014,MEDIUM_CANDIDATE,0,1,3.1368317678570747,0.12458065897226334,0.03971544162770659,False,False,False,True
923,5120,Maze,Maze,True,0.5992780923843384,1,T1620,MEDIUM_CANDIDATE,0,5,3.158181332051754,1.7199188694357872,0.5445915508335993,False,False,False,True
924,5074,Maze,Maze,True,0.9418357610702515,1,T1620,MEDIUM_CANDIDATE,0,5,4.650579273700714,1.6206285282969475,0.34847885240053694,False,False,False,True
925,5057,Maze,CWS,False,0.3002179265022278,2,T1055; T1620,HIGH_CANDIDATE,1,3,2.2452917620539665,0.551313541829586,0.24554204987829772,False,False,False,True
926,5311,Maze,Conti,False,0.3286956548690796,2,T1055; T1620,HIGH_CANDIDATE,1,3,2.2197476774454117,0.90964225679636,0.4097953411728393,False,False,False,True
927,5320,Maze,Maze,True,0.9200340509414673,1,T1620,MEDIUM_CANDIDATE,0,5,4.4097920358181,1.5770865306258202,0.35763285837882847,False,False,False,True
928,5290,Maze,Maze,True,0.95438551902771,1,T1620,MEDIUM_CANDIDATE,0,5,4.803119532763958,1.6393453404307365,0.34130846197937,False,False,False,True
929,5083,Maze,Maze,True,0.3758288621902466,1,T1620,MEDIUM_CANDIDATE,0,3,2.332657016813755,0.7252922803163528,0.31092967165273655,False,False,False,True
930,5171,Maze,Ako,False,0.20362970232963562,1,T1620,MEDIUM_CANDIDATE,0,1,1.8348250091075897,0.10512810200452805,0.05729598271371915,False,False,False,True
931,5113,Maze,Zeus,False,0.45691174268722534,1,T1620,MEDIUM_CANDIDATE,0,3,2.6572595462203026,0.25525321438908577,0.09605881922680795,False,False,False,True
932,5161,Maze,Ako,False,0.23277196288108826,1,T1014,MEDIUM_CANDIDATE,0,1,1.5515020154416561,0.030601151287555695,0.019723565282539875,False,False,False,True
933,5054,Maze,Maze,True,0.6541300415992737,2,T1014; T1620,MEDIUM_CANDIDATE,0,6,3.1799578592181206,1.609537348151207,0.5061505275881095,False,False,False,True
934,5283,Maze,Maze,True,0.9627587199211121,1,T1620,MEDIUM_CANDIDATE,0,5,5.104359857738018,2.6215355843305588,0.5135875325005562,False,False,False,True
935,5101,Maze,Shade,False,0.3407728672027588,1,T1620,MEDIUM_CANDIDATE,0,4,1.7785786055028439,0.6332148350775242,0.35602296863258415,False,False,False,True
936,5326,Maze,Conti,False,0.3171027600765228,2,T1055; T1620,HIGH_CANDIDATE,1,3,2.2137963846325874,0.8720266669988632,0.3939055430084592,False,False,False,True
937,5348,Maze,Scar,False,0.17966440320014954,1,T1620,MEDIUM_CANDIDATE,0,3,2.0460586063563824,0.9622786045074463,0.4703084269033087,False,False,False,True
938,5286,Maze,Maze,True,0.8435410857200623,1,T1620,MEDIUM_CANDIDATE,0,5,4.005223177373409,1.6059572845697403,0.40096574234420396,False,False,False,True
939,5339,Maze,Conti,False,0.2002885341644287,2,T1055; T1620,HIGH_CANDIDATE,1,4,1.0928814206272364,0.7331968881189823,0.6708842096502833,False,False,False,True
940,5110,Maze,Transponder,False,0.17980502545833588,2,T1014; T1620,MEDIUM_CANDIDATE,0,2,1.2993111796677113,0.0959821306169033,0.07387154987879808,False,False,False,True
941,5294,Maze,Conti,False,0.1619795858860016,3,T1014; T1055; T1620,HIGH_CANDIDATE,1,3,1.5551360175013542,0.5364319011569023,0.34494211124940083,False,False,False,True
942,5212,Maze,Zeus,False,0.4930066168308258,1,T1620,MEDIUM_CANDIDATE,0,3,3.1810889653861523,0.36007221043109894,0.11319149333737348,False,False,False,True
943,5135,Maze,Transponder,False,0.2318568080663681,2,T1055; T1620,HIGH_CANDIDATE,1,3,1.995495516806841,0.5829339288175106,0.2921249002605187,False,False,False,True
944,5121,Maze,Maze,True,0.7743015289306641,2,T1014; T1620,MEDIUM_CANDIDATE,0,6,3.708447754383087,2.1518306881189346,0.5802510458926228,False,False,False,True
945,5151,Maze,Zeus,False,0.39085686206817627,2,T1014; T1620,MEDIUM_CANDIDATE,0,3,2.535923432558775,0.28239110112190247,0.11135631994889006,False,False,False,True
946,5112,Maze,180solutions,False,0.17490215599536896,2,T1055; T1620,HIGH_CANDIDATE,1,1,1.4588998705148697,0.120986707508564,0.08293009681731331,False,False,False,True
947,5117,Maze,Maze,True,0.6025949120521545,2,T1014; T1620,MEDIUM_CANDIDATE,0,5,3.0964878648519516,1.4704950079321861,0.4748912549032363,False,False,False,True
948,5039,Maze,Transponder,False,0.5193842053413391,3,T1014; T1055; T1620,HIGH_CANDIDATE,2,6,2.4615824036300182,1.1344516836106777,0.4608627693867723,False,False,False,True
949,5109,Maze,Ako,False,0.3739965856075287,2,T1055; T1620,HIGH_CANDIDATE,2,2,2.529128797352314,1.2527451664209366,0.4953267574717453,False,False,False,True
950,5044,Maze,Gator,False,0.2425062358379364,1,T1620,MEDIUM_CANDIDATE,0,5,2.4484821893274784,0.7907565273344517,0.3229578433452472,False,False,False,True
951,5133,Maze,Maze,True,0.24402879178524017,1,T1620,MEDIUM_CANDIDATE,0,5,2.210141707211733,1.1261748597025871,0.5095487117535757,False,False,False,True
952,5256,Maze,Conti,False,0.1897675096988678,2,T1055; T1620,HIGH_CANDIDATE,1,3,1.5244172997772694,0.6903878375887871,0.4528863833345756,False,False,False,True
953,5312,Maze,180solutions,False,0.12114116549491882,2,T1055; T1620,HIGH_CANDIDATE,1,1,0.9309501610696316,0.08255424723029137,0.08867740796718829,False,False,False,True
954,5045,Maze,Ako,False,0.5060919523239136,3,T1014; T1055; T1620,HIGH_CANDIDATE,2,4,2.624416194856167,1.4312686994671822,0.5453665094250129,False,False,False,True
955,5038,Maze,CWS,False,0.3678721487522125,2,T1055; T1620,HIGH_CANDIDATE,1,2,2.4798581674695015,0.4369417428970337,0.17619626341086195,False,False,False,True
956,5298,Maze,Maze,True,0.15351708233356476,1,T1620,MEDIUM_CANDIDATE,0,3,1.4671978317201138,0.7215348221361637,0.49177745941067164,False,False,False,True
957,5195,Maze,Zeus,False,0.37167516350746155,1,T1620,MEDIUM_CANDIDATE,0,4,2.511254671961069,0.3411984369158745,0.13586771613626447,False,False,False,True
958,5241,Maze,Zeus,False,0.3144265413284302,1,T1620,MEDIUM_CANDIDATE,0,2,2.788404870778322,0.2995615378022194,0.10743114851847298,False,False,False,True
959,5350,Maze,Zeus,False,0.252316951751709,2,T1014; T1620,MEDIUM_CANDIDATE,0,3,2.237768493592739,0.3555331975221634,0.15887845348620247,False,False,False,True
960,5062,Maze,Maze,True,0.8071148991584778,2,T1014; T1620,MEDIUM_CANDIDATE,0,6,3.8836859837174416,1.952491544187069,0.502741867486968,False,False,False,True
961,5252,Maze,Maze,True,0.8162285685539246,2,T1014; T1620,MEDIUM_CANDIDATE,0,5,3.701232835650444,1.4862296879291534,0.40154990348451497,False,False,False,True
962,5157,Maze,Maze,True,0.947499692440033,1,T1620,MEDIUM_CANDIDATE,0,5,4.681095913052559,1.635761208832264,0.3494397976916432,False,False,False,True
963,5337,Maze,Maze,True,0.8618791103363037,1,T1620,MEDIUM_CANDIDATE,0,5,4.107134684920311,1.7131040841341019,0.4171044330306252,False,False,False,True
964,5235,Maze,Maze,True,0.6107281446456909,2,T1055; T1620,HIGH_CANDIDATE,2,1,2.60260022431612,0.39321738481521606,0.15108635630681272,False,False,False,True
965,5291,Maze,Maze,True,0.9507128596305847,1,T1620,MEDIUM_CANDIDATE,0,5,4.7973463088274,1.6298015788197517,0.33972981600699137,False,False,False,True
966,5126,Maze,Transponder,False,0.3786589503288269,2,T1055; T1620,HIGH_CANDIDATE,2,4,2.3517746441066265,0.8497844748198986,0.36133754437288274,False,False,False,True
967,5275,Maze,Ako,False,0.44921717047691345,2,T1055; T1620,HIGH_CANDIDATE,2,3,2.557921752333641,1.4149184748530388,0.5531515862681028,False,False,False,True
968,5206,Maze,Maze,True,0.24699051678180695,1,T1620,MEDIUM_CANDIDATE,0,2,2.1517871618270874,0.6335238069295883,0.29441750474599065,False,False,False,True
969,5164,Maze,Maze,True,0.1808483749628067,1,T1620,MEDIUM_CANDIDATE,0,4,1.514682598412037,0.8403548821806908,0.5548059263780426,False,False,False,True
970,5323,Maze,Maze,True,0.5313990116119385,1,T1620,MEDIUM_CANDIDATE,0,4,3.1304877027869225,1.501263588666916,0.47956220601997995,False,False,False,True
971,5281,Maze,Maze,True,0.45583072304725647,2,T1014; T1620,MEDIUM_CANDIDATE,0,6,2.9280535727739334,1.8246918767690659,0.6231757143160526,False,False,False,True
972,5213,Maze,Zeus,False,0.17811354994773865,2,T1014; T1620,MEDIUM_CANDIDATE,0,4,1.7866027913987637,0.2905472703278065,0.162625554894791,False,False,False,True
973,5105,Maze,Zeus,False,0.4616010785102844,1,T1620,MEDIUM_CANDIDATE,0,2,2.4962298572063446,0.21940388157963753,0.08789410195789556,False,False,False,True
974,5267,Maze,Emotet,False,0.11874239891767502,1,T1620,MEDIUM_CANDIDATE,0,1,1.889664027839899,0.11014389991760254,0.05828755709739024,False,False,False,True
975,5314,Maze,Conti,False,0.32911747694015503,1,T1055,HIGH_CANDIDATE,1,0,2.1021205000579357,0.30297863483428955,0.1441300034065313,False,False,False,True
976,5296,Maze,Transponder,False,0.3824239671230316,2,T1014; T1620,MEDIUM_CANDIDATE,0,7,2.308488555252552,0.8902903273701668,0.38565940703689894,False,False,False,True
977,5058,Maze,Transponder,False,0.2929343581199646,2,T1014; T1055,HIGH_CANDIDATE,2,4,2.206506982445717,0.7719104066491127,0.34983365690214974,False,False,False,True
978,5214,Maze,Refroso,False,0.1984768509864807,1,T1620,MEDIUM_CANDIDATE,0,1,2.6348061114549637,0.15540046989917755,0.058979850252952395,False,False,False,True
979,5177,Maze,Maze,True,0.9489494562149048,1,T1620,MEDIUM_CANDIDATE,0,5,4.809120386838913,1.6504653990268707,0.3431948602375786,False,False,False,True
980,5345,Maze,Maze,True,0.9070000648498535,1,T1620,MEDIUM_CANDIDATE,0,5,4.496554598212242,1.9318401515483856,0.42962675296246916,False,False,False,True
981,5210,Maze,Maze,True,0.5201060175895691,3,T1014; T1055; T1620,HIGH_CANDIDATE,2,5,2.603198081254959,1.542670138180256,0.592605744944526,False,False,False,True
982,5082,Maze,Maze,True,0.6564314961433411,1,T1620,MEDIUM_CANDIDATE,0,1,3.784505046904087,0.4729854464530945,0.12497947303307735,False,False,False,True
983,5097,Maze,Gator,False,0.25591084361076355,2,T1014; T1620,MEDIUM_CANDIDATE,0,4,1.855688501149416,0.440499022603035,0.2373776753642593,False,False,False,True
984,5303,Maze,Zeus,False,0.42241400480270386,2,T1014; T1620,MEDIUM_CANDIDATE,0,4,2.894888747483492,0.33268873021006584,0.11492280333718179,False,False,False,True
985,5036,Maze,Transponder,False,0.30046209692955017,3,T1014; T1055; T1620,HIGH_CANDIDATE,2,3,2.4640763215720654,0.6885734684765339,0.27944486233982735,False,False,False,True
986,5255,Maze,Maze,True,0.7554193735122681,1,T1620,MEDIUM_CANDIDATE,0,5,3.3849265947937965,1.554772488772869,0.4593223649706894,False,False,False,True
987,5080,Maze,Maze,True,0.5628128051757812,3,T1014; T1055; T1620,HIGH_CANDIDATE,1,6,2.920758195221424,1.3557806387543678,0.46418790880139443,False,False,False,True
988,5237,Maze,Scar,False,0.17813076078891754,1,T1620,MEDIUM_CANDIDATE,0,2,1.5078261829912663,0.16051306203007698,0.10645329272081404,False,False,False,True
989,5309,Maze,Maze,True,0.1757681518793106,1,T1620,MEDIUM_CANDIDATE,0,4,1.4536746591329575,0.8955586925148964,0.6160654221275697,False,False,False,True
990,5153,Maze,Zeus,False,0.40075206756591797,2,T1014; T1620,MEDIUM_CANDIDATE,0,3,2.698769949376583,0.15959811955690384,0.05913735611061294,False,False,False,True
991,5253,Maze,Maze,True,0.5393419861793518,1,T1620,MEDIUM_CANDIDATE,0,5,3.059873580932617,1.4905898496508598,0.4871409913596966,False,False,False,True
992,5160,Maze,Pysa,False,0.4287618100643158,1,T1620,MEDIUM_CANDIDATE,0,5,3.3441679179668427,1.1510483995079994,0.3441957544427983,False,False,False,True
993,5246,Maze,Zeus,False,0.42939817905426025,1,T1620,MEDIUM_CANDIDATE,0,4,2.617634776979685,0.404499389231205,0.15452858159912208,False,False,False,True
994,5293,Maze,Conti,False,0.1619795858860016,3,T1014; T1055; T1620,HIGH_CANDIDATE,1,3,1.5551360175013542,0.5364319011569023,0.34494211124940083,False,False,False,True
995,5096,Maze,TIBS,False,0.3010280132293701,1,T1620,MEDIUM_CANDIDATE,0,1,3.0616879761219025,0.6222712397575378,0.20324449931234986,False,False,False,True
996,5048,Maze,Transponder,False,0.18197456002235413,2,T1014; T1620,MEDIUM_CANDIDATE,0,5,1.2921161577105522,0.3505311571061611,0.27128455519606914,False,False,False,True
997,5193,Maze,Shade,False,0.6325886845588684,3,T1014; T1055; T1620,HIGH_CANDIDATE,1,3,3.739052399992943,0.7672371864318848,0.2051956229426827,False,False,False,True
998,5098,Maze,Zeus,False,0.25382646918296814,2,T1014; T1620,MEDIUM_CANDIDATE,0,4,2.047221653163433,0.3054692782461643,0.1492116292215566,False,False,False,True
999,5227,Maze,Maze,True,0.7935023903846741,1,T1620,MEDIUM_CANDIDATE,0,5,3.504810981452465,1.5399158596992493,0.4393720140254402,False,False,False,True
1000,5492,Pysa,Pysa,True,0.5929962396621704,1,T1620,MEDIUM_CANDIDATE,0,5,3.1687193661928177,1.082466945052147,0.34161022796812684,False,False,False,True
1001,8793,Pysa,Ako,False,0.6737707853317261,2,T1055; T1620,HIGH_CANDIDATE,2,4,3.1619924418628216,1.6219710744917393,0.5129585551874972,False,False,False,True
1002,8775,Pysa,Ako,False,0.25599226355552673,2,T1014; T1620,MEDIUM_CANDIDATE,0,4,2.2399739772081375,0.412690956145525,0.1842391743585769,False,False,False,True
1003,5544,Pysa,Maze,False,0.2457572966814041,1,T1620,MEDIUM_CANDIDATE,0,4,1.644920963793993,0.7330339178442955,0.44563473502918977,False,False,False,True
1004,5400,Pysa,Ako,False,0.23285502195358276,2,T1014; T1620,MEDIUM_CANDIDATE,0,2,2.075941141694784,0.2985854372382164,0.14383135978241332,False,False,False,True
1005,5453,Pysa,Pysa,True,0.1365579217672348,1,T1620,MEDIUM_CANDIDATE,0,5,1.3806750029325485,0.45141876488924026,0.32695512262511345,False,False,False,True
1006,5488,Pysa,Zeus,False,0.2865494191646576,2,T1014; T1620,MEDIUM_CANDIDATE,0,6,2.0980072170495987,0.8680540323257446,0.4137516903047065,False,False,False,True
1007,8791,Pysa,Zeus,False,0.2937920391559601,3,T1014; T1055; T1620,HIGH_CANDIDATE,2,3,2.1759730130434036,1.5627766847610474,0.7181967218312533,False,False,False,True
1008,5381,Pysa,Pysa,True,0.2389976978302002,1,T1620,MEDIUM_CANDIDATE,0,3,2.128630928695202,0.365340881049633,0.17163185788791388,False,False,False,True
1009,5359,Pysa,Pysa,True,0.29420411586761475,2,T1055; T1620,HIGH_CANDIDATE,2,1,1.725321602076292,0.5020081400871277,0.29096496530443916,False,False,False,True
1010,5382,Pysa,Pysa,True,0.21459487080574036,1,T1620,MEDIUM_CANDIDATE,0,3,2.2492807134985924,0.6652154698967934,0.29574586484676657,False,False,False,True
1011,5409,Pysa,Zeus,False,0.40151166915893555,2,T1014; T1620,MEDIUM_CANDIDATE,0,4,2.7194778211414814,0.37003736570477486,0.13606927139764438,False,False,False,True
1012,5466,Pysa,Pysa,True,0.14630065858364105,2,T1014; T1620,MEDIUM_CANDIDATE,0,5,1.4076511822640896,0.4205831103026867,0.29878361599939396,False,False,False,True
1013,8799,Pysa,Zeus,False,0.34009984135627747,1,T1620,MEDIUM_CANDIDATE,0,2,2.783633563667536,0.29941732436418533,0.10756348402757883,False,False,False,True
1014,5454,Pysa,Shade,False,0.2531740367412567,1,T1620,MEDIUM_CANDIDATE,0,4,2.1839101687073708,0.35622214898467064,0.16311208862382562,False,False,False,True
1015,5513,Pysa,Ako,False,0.30772748589515686,2,T1055; T1620,HIGH_CANDIDATE,2,2,2.5638874024152756,1.3239001408219337,0.5163643846351331,False,False,False,True
1016,5509,Pysa,Shade,False,0.30480411648750305,3,T1014; T1055; T1620,HIGH_CANDIDATE,1,5,1.9984967336058617,0.404093936085701,0.20219894748419207,False,False,False,True
1017,5429,Pysa,Emotet,False,0.2676815986633301,1,T1620,MEDIUM_CANDIDATE,0,2,2.373357094824314,0.26348721235990524,0.11101878134331475,False,False,False,True
1018,5474,Pysa,Reconyc,False,0.22038331627845764,2,T1055; T1620,HIGH_CANDIDATE,2,4,2.2678099051117897,1.325064592063427,0.5842926204161318,False,False,False,True
1019,5371,Pysa,Shade,False,0.42839285731315613,2,T1014; T1620,MEDIUM_CANDIDATE,0,7,2.732332117855549,0.8386876881122589,0.3069493941206887,False,False,False,True
1020,5500,Pysa,Shade,False,0.3027585446834564,3,T1014; T1055; T1620,HIGH_CANDIDATE,1,4,2.3232186809182167,0.4993470497429371,0.21493760094317846,False,False,False,True
1021,5487,Pysa,Zeus,False,0.2865494191646576,2,T1014; T1620,MEDIUM_CANDIDATE,0,6,2.0980072170495987,0.8680540323257446,0.4137516903047065,False,False,False,True
1022,5380,Pysa,Refroso,False,0.14704693853855133,1,T1620,MEDIUM_CANDIDATE,0,2,2.6561939157545567,0.25560634955763817,0.09623030458791897,False,False,False,True
1023,5497,Pysa,Pysa,True,0.27598461508750916,3,T1014; T1055; T1620,HIGH_CANDIDATE,2,2,1.2763071060180664,0.38568682968616486,0.3021896750927479,False,False,False,True
1024,8776,Pysa,Shade,False,0.2076692432165146,1,T1620,MEDIUM_CANDIDATE,0,1,1.631375964730978,0.07839005440473557,0.048051495240499315,False,False,False,True
1025,5416,Pysa,Pysa,True,0.7527129650115967,2,T1055; T1620,HIGH_CANDIDATE,2,1,2.705528110265732,1.0744960084557533,0.3971483439328296,False,False,False,True
1026,5517,Pysa,Scar,False,0.20324239134788513,1,T1620,MEDIUM_CANDIDATE,0,3,2.2148891426622868,0.9311850517988205,0.4204206133222272,False,False,False,True
1027,5421,Pysa,180solutions,False,0.24388349056243896,1,T1620,MEDIUM_CANDIDATE,0,2,2.092803742736578,0.21065052598714828,0.10065469670447878,False,False,False,True
1028,5351,Pysa,Shade,False,0.1447136253118515,1,T1620,MEDIUM_CANDIDATE,0,4,1.29267543181777,0.31554486230015755,0.24410215784517228,False,False,False,True
1029,5564,Pysa,Pysa,True,0.9471415281295776,2,T1055; T1620,HIGH_CANDIDATE,1,3,4.3074022233486176,2.028581738471985,0.47095247513127414,False,False,False,True
1030,8769,Pysa,Ako,False,0.27926427125930786,2,T1014; T1620,MEDIUM_CANDIDATE,0,4,2.0213316157460213,0.45656637102365494,0.22587405622463788,False,False,False,True
1031,5451,Pysa,Zeus,False,0.21472901105880737,2,T1014; T1620,MEDIUM_CANDIDATE,0,2,1.8269907794892788,0.1209384873509407,0.06619545577824325,False,False,False,True
1032,5355,Pysa,Shade,False,0.2529795467853546,2,T1055; T1620,HIGH_CANDIDATE,1,4,2.038803566247225,0.5409970954060555,0.26535027913545167,False,False,False,True
1033,8822,Pysa,Shade,False,0.33080798387527466,2,T1055; T1620,HIGH_CANDIDATE,1,3,2.351500980556011,0.6695401445031166,0.28472883917097247,False,False,False,True
1034,8795,Pysa,Scar,False,0.2179131656885147,1,T1620,MEDIUM_CANDIDATE,0,4,1.7588552720844746,0.4329163581132889,0.24613529321274177,False,False,False,True
1035,5426,Pysa,180solutions,False,0.14298281073570251,2,T1055; T1620,HIGH_CANDIDATE,1,1,1.53482985496521,0.10604078322649002,0.06908960161508824,False,False,False,True
1036,5423,Pysa,Shade,False,0.2973346412181854,2,T1014; T1055,HIGH_CANDIDATE,2,1,2.271277282387018,0.18179665133357048,0.0800415927827666,False,False,False,True
1037,5450,Pysa,Ako,False,0.2309846132993698,2,T1014; T1620,MEDIUM_CANDIDATE,0,3,1.6562171578407288,0.27923664078116417,0.16859905083051746,False,False,False,True
1038,5358,Pysa,Shade,False,0.3299623727798462,1,T1620,MEDIUM_CANDIDATE,0,1,1.9784083813428879,0.3763132691383362,0.1902101066125212,False,False,False,True
1039,5561,Pysa,CWS,False,0.593157947063446,0,,CONTEXT_ONLY,0,0,2.465652748942375,0.0,0.0,False,False,False,True
1040,5389,Pysa,Ako,False,0.29131439328193665,2,T1055; T1620,HIGH_CANDIDATE,2,2,2.3214009143412113,1.11592872813344,0.48071348694636346,False,False,False,True
1041,8823,Pysa,Maze,False,0.37144792079925537,2,T1014; T1620,MEDIUM_CANDIDATE,0,7,2.577835187315941,1.9340648278594017,0.7502670602743858,False,False,False,True
1042,5418,Pysa,Pysa,True,0.31782788038253784,1,T1620,MEDIUM_CANDIDATE,0,4,2.006647326052189,0.5547047480940819,0.27643360190521843,False,False,False,True
1043,5465,Pysa,180solutions,False,0.250812292098999,2,T1055; T1620,HIGH_CANDIDATE,1,3,2.0098178386688232,0.9145454615354538,0.45503898111541846,False,False,False,True
1044,5527,Pysa,Pysa,True,0.30224764347076416,1,T1620,MEDIUM_CANDIDATE,0,5,2.031694047152996,0.7452020943164825,0.3667885405092026,False,False,False,True
1045,5369,Pysa,Shade,False,0.43362611532211304,3,T1014; T1055; T1620,HIGH_CANDIDATE,1,4,2.2907068878412247,0.3896961398422718,0.17012047325248308,False,False,False,True
1046,5383,Pysa,Maze,False,0.12389427423477173,2,T1014; T1620,MEDIUM_CANDIDATE,0,3,1.3534633629024029,0.4585854038596153,0.33882365524561564,False,False,False,True
1047,8768,Pysa,Emotet,False,0.35030752420425415,2,T1014; T1620,MEDIUM_CANDIDATE,0,3,2.375911809504032,0.5692364498972893,0.23958652321195226,False,False,False,True
1048,5407,Pysa,CWS,False,0.39779144525527954,2,T1014; T1620,MEDIUM_CANDIDATE,0,4,2.2855945751070976,0.4029461443424225,0.17629817148281487,False,False,False,True
1049,5435,Pysa,Shade,False,0.26666709780693054,1,T1055,HIGH_CANDIDATE,2,0,2.2080047260969877,0.12678563222289085,0.057420906180307575,False,False,False,True
1050,5374,Pysa,CWS,False,0.15145562589168549,1,T1014,MEDIUM_CANDIDATE,0,2,1.0121239013969898,0.1127716414630413,0.11142078682994008,False,False,False,True
1051,5501,Pysa,Ako,False,0.6854746341705322,2,T1055; T1620,HIGH_CANDIDATE,2,4,3.3806836754083633,1.7640535458922386,0.5218037874185768,False,False,False,True
1052,5495,Pysa,Ako,False,0.45838260650634766,2,T1055; T1620,HIGH_CANDIDATE,2,2,2.8467290364205837,1.5579894557595253,0.547291096492453,False,False,False,True
1053,5558,Pysa,Ako,False,0.2571179270744324,2,T1014; T1055,HIGH_CANDIDATE,2,1,1.92063819617033,1.0411848649382591,0.5421035919281085,False,False,False,True
1054,5555,Pysa,Shade,False,0.16660672426223755,2,T1055; T1620,HIGH_CANDIDATE,1,2,1.7213593646883965,0.24633274972438812,0.14310361611735833,False,False,False,True
1055,5445,Pysa,Gator,False,0.26141607761383057,1,T1620,MEDIUM_CANDIDATE,0,5,2.4959053806960583,0.7924229353666306,0.3174891730653826,False,False,False,True
1056,5502,Pysa,Ako,False,0.4612552225589752,3,T1014; T1055; T1620,HIGH_CANDIDATE,2,3,2.7043782137334347,1.3500376120209694,0.4992044401057433,False,False,False,True
1057,5542,Pysa,Pysa,True,0.8622696995735168,2,T1055; T1620,HIGH_CANDIDATE,2,4,3.3811910524964333,1.7692992016673088,0.523276908697893,False,False,False,True
1058,8770,Pysa,Pysa,True,0.32748499512672424,1,T1620,MEDIUM_CANDIDATE,0,3,3.092472955584526,0.6322028785943985,0.20443279138552797,False,False,False,True
1059,8807,Pysa,Emotet,False,0.24396580457687378,2,T1014; T1620,MEDIUM_CANDIDATE,0,2,2.0176579877734184,0.22402618825435638,0.11103278633539866,False,False,False,True
1060,5414,Pysa,Pysa,True,0.8713828921318054,2,T1055; T1620,HIGH_CANDIDATE,1,1,3.4604032039642334,0.5814500749111176,0.16802957361876475,False,False,False,True
1061,8786,Pysa,Pysa,True,0.2942667007446289,2,T1014; T1620,MEDIUM_CANDIDATE,0,2,2.223375089466572,0.3296801596879959,0.14827914608285558,False,False,False,True
1062,5399,Pysa,Pysa,True,0.9227260947227478,2,T1055; T1620,HIGH_CANDIDATE,2,5,4.304313980042934,2.4698444455862045,0.5738067569042834,False,False,False,True
1063,5366,Pysa,Emotet,False,0.3960621654987335,0,,CONTEXT_ONLY,0,0,2.8183052018284798,0.0,0.0,False,False,False,True
1064,5449,Pysa,Pysa,True,0.32453781366348267,1,T1620,MEDIUM_CANDIDATE,0,4,2.4249322563409805,0.4791209101676941,0.19758115259295836,False,False,False,True
1065,5390,Pysa,Maze,False,0.28008508682250977,1,T1620,MEDIUM_CANDIDATE,0,2,2.3438423350453377,0.6458376944065094,0.27554656076899336,False,False,False,True
1066,5534,Pysa,Transponder,False,0.26735976338386536,1,T1014,MEDIUM_CANDIDATE,0,1,2.3414144814014435,0.1806567907333374,0.07715711684895964,False,False,False,True
1067,5373,Pysa,Transponder,False,0.2290918380022049,0,,CONTEXT_ONLY,0,0,2.1841188333928585,0.0,0.0,False,False,False,True
1068,5553,Pysa,Pysa,True,0.3518255352973938,2,T1055; T1620,HIGH_CANDIDATE,2,1,2.3190594241023064,1.0022320598363876,0.43217178888132435,False,False,False,True
1069,8797,Pysa,Pysa,True,0.6202868223190308,1,T1620,MEDIUM_CANDIDATE,0,3,3.7888524755835533,0.6854689195752144,0.18091728933564233,False,False,False,True
1070,5402,Pysa,Gator,False,0.24848319590091705,2,T1014; T1620,MEDIUM_CANDIDATE,0,4,1.8557596765458584,0.4405346140265465,0.23738774993026973,False,False,False,True
1071,5436,Pysa,Shade,False,0.33677512407302856,2,T1055; T1620,HIGH_CANDIDATE,2,1,2.2509738244116306,0.2219950444996357,0.09862177964582139,False,False,False,True
1072,5559,Pysa,Pysa,True,0.3059907853603363,2,T1014; T1620,MEDIUM_CANDIDATE,0,4,1.7655097283422947,0.4967213161289692,0.28134725521753995,False,False,False,True
1073,5521,Pysa,Pysa,True,0.6691572666168213,1,T1620,MEDIUM_CANDIDATE,0,3,3.8048653304576874,0.6862978786230087,0.18037376333118574,False,False,False,True
1074,5422,Pysa,Gator,False,0.25508221983909607,2,T1014; T1620,MEDIUM_CANDIDATE,0,5,1.9502643197774887,0.5175058469176292,0.2653516457588031,False,False,False,True
1075,5415,Pysa,Pysa,True,0.8122366070747375,1,T1055,HIGH_CANDIDATE,2,0,3.062247447669506,1.0358945429325104,0.33827917587811784,False,False,False,True
1076,5397,Pysa,CWS,False,0.3275811970233917,3,T1014; T1055; T1620,HIGH_CANDIDATE,1,2,2.0105661898851395,0.2752016633749008,0.13687769383539802,False,False,False,True
1077,5557,Pysa,Zeus,False,0.3835779130458832,1,T1620,MEDIUM_CANDIDATE,0,3,2.681412484496832,0.31334366649389267,0.11685768911182337,False,False,False,True
1078,8815,Pysa,Pysa,True,0.9277006387710571,2,T1055; T1620,HIGH_CANDIDATE,2,5,4.289567053318024,2.4504454433918,0.5712570553003374,False,False,False,True
1079,5363,Pysa,Scar,False,0.20624437928199768,2,T1014; T1620,MEDIUM_CANDIDATE,0,3,1.568959105759859,0.3443935252726078,0.21950446254991163,False,False,False,True
1080,5410,Pysa,Scar,False,0.15798987448215485,1,T1620,MEDIUM_CANDIDATE,0,2,1.8393080085515976,0.19771698862314224,0.10749531220648505,False,False,False,True
1081,5549,Pysa,Ako,False,0.3485073745250702,2,T1055; T1620,HIGH_CANDIDATE,2,3,2.5409820675849915,1.4196959808468819,0.5587194018241121,False,False,False,True
1082,5424,Pysa,Maze,False,0.36732926964759827,2,T1014; T1620,MEDIUM_CANDIDATE,0,7,2.584849938750267,1.9189486280083656,0.7423829906877094,False,False,False,True
1083,5530,Pysa,Ako,False,0.26125451922416687,1,T1620,MEDIUM_CANDIDATE,0,2,1.4189602211117744,0.14253871142864227,0.10045292976357101,False,False,False,True
1084,5535,Pysa,CWS,False,0.6339399814605713,2,T1014; T1620,MEDIUM_CANDIDATE,0,4,2.87827105820179,0.695550300180912,0.24165559327670116,False,False,False,True
1085,5446,Pysa,Pysa,True,0.17967134714126587,2,T1055; T1620,HIGH_CANDIDATE,1,2,1.666962631046772,0.42767854034900665,0.2565615643587914,False,False,False,True
1086,5523,Pysa,Pysa,True,0.532529890537262,2,T1014; T1620,MEDIUM_CANDIDATE,0,6,3.0637030079960823,1.2091851457953453,0.39468092783126957,False,False,False,True
1087,5545,Pysa,Zeus,False,0.28063127398490906,2,T1014; T1620,MEDIUM_CANDIDATE,0,6,1.7952166944742203,0.47038422524929047,0.2620208617138867,False,False,False,True
1088,5403,Pysa,Gator,False,0.15749035775661469,2,T1014; T1620,MEDIUM_CANDIDATE,0,3,1.6228154227137566,0.35612205415964127,0.21944704812092272,False,False,False,True
1089,5560,Pysa,CWS,False,0.332912415266037,1,T1620,MEDIUM_CANDIDATE,0,1,2.2304148077964783,0.08075815439224243,0.03620768392944219,False,False,False,True
1090,8813,Pysa,Conti,False,0.2019331455230713,3,T1014; T1055; T1620,HIGH_CANDIDATE,1,2,1.5223694294691086,0.4550328925251961,0.29889781265765325,False,False,False,True
1091,5458,Pysa,Pysa,True,0.18319189548492432,1,T1620,MEDIUM_CANDIDATE,0,4,1.4962010234594345,0.4336320832371712,0.28982207366397245,False,False,False,True
1092,8821,Pysa,Emotet,False,0.17144568264484406,1,T1620,MEDIUM_CANDIDATE,0,2,1.5501019284129143,0.23439224436879158,0.15121085915219534,False,False,False,True
1093,5562,Pysa,Pysa,True,0.8549451231956482,2,T1055; T1620,HIGH_CANDIDATE,2,4,4.009749419987202,2.239705316722393,0.558564908210534,False,False,False,True
1094,5538,Pysa,CWS,False,0.382396936416626,2,T1014; T1055,HIGH_CANDIDATE,1,1,2.104460209608078,0.17430095374584198,0.08282454234585064,False,False,False,True
1095,5468,Pysa,Conti,False,0.2519817352294922,2,T1055; T1620,HIGH_CANDIDATE,1,5,2.038413632661104,1.0782499462366104,0.5289652350043297,False,False,False,True
1096,5392,Pysa,Pysa,True,0.7251242995262146,2,T1055; T1620,HIGH_CANDIDATE,2,4,3.1169848069548607,1.5982671231031418,0.5127606395568445,False,False,False,True
1097,8818,Pysa,Maze,False,0.2523534595966339,1,T1620,MEDIUM_CANDIDATE,0,4,1.6968826204538345,1.032517358660698,0.6084789520588932,False,False,False,True
1098,5420,Pysa,Emotet,False,0.45093289017677307,1,T1620,MEDIUM_CANDIDATE,0,1,2.88452086225152,0.06187548115849495,0.02145086969840734,False,False,False,True
1099,8783,Pysa,Shade,False,0.26539546251296997,2,T1055; T1620,HIGH_CANDIDATE,1,4,1.7519101463258266,0.3554873876273632,0.20291416678698107,False,False,False,True
1100,5533,Pysa,Conti,False,0.1877022087574005,2,T1014; T1055,HIGH_CANDIDATE,1,3,1.6347566321492195,0.6777405142784119,0.4145819022537834,False,False,False,True
1101,5540,Pysa,Zeus,False,0.3815605938434601,2,T1014; T1620,MEDIUM_CANDIDATE,0,4,2.377288084477186,0.38352081924676895,0.16132702710749208,False,False,False,True
1102,5524,Pysa,Pysa,True,0.6662931442260742,1,T1620,MEDIUM_CANDIDATE,0,4,3.863572273403406,0.8492466770112514,0.21980866848471126,False,False,False,True
1103,5539,Pysa,Pysa,True,0.3964911699295044,3,T1014; T1055; T1620,HIGH_CANDIDATE,2,5,2.631398782134056,1.5562934130430222,0.5914319880397881,False,False,False,True
1104,5452,Pysa,Pysa,True,0.19364598393440247,1,T1620,MEDIUM_CANDIDATE,0,5,1.920641541481018,0.6908741965889931,0.3597101185556238,False,False,False,True
1105,5512,Pysa,Emotet,False,0.621396005153656,0,,CONTEXT_ONLY,0,0,3.5653433203697205,0.0,0.0,False,False,False,True
1106,5455,Pysa,Zeus,False,0.21109525859355927,1,T1620,MEDIUM_CANDIDATE,0,3,2.3009401112794876,0.32541901618242264,0.14142872062909378,False,False,False,True
1107,5431,Pysa,Pysa,True,0.22377543151378632,1,T1620,MEDIUM_CANDIDATE,0,3,2.0544429048895836,0.44083354622125626,0.21457571060849168,False,False,False,True
1108,5499,Pysa,Pysa,True,0.20963327586650848,1,T1620,MEDIUM_CANDIDATE,0,3,2.35096687823534,0.5172274336218834,0.22000626142811489,False,False,False,True
1109,5476,Pysa,Zeus,False,0.3140258491039276,2,T1055; T1620,HIGH_CANDIDATE,1,4,2.3014698326587677,0.7033036574721336,0.30558890996178895,False,False,False,True
1110,8773,Pysa,Conti,False,0.34144678711891174,3,T1014; T1055; T1620,HIGH_CANDIDATE,1,2,2.0848085805773735,0.47568410634994507,0.22816680187406346,False,False,False,True
1111,5563,Pysa,Pysa,True,0.861038327217102,2,T1055; T1620,HIGH_CANDIDATE,1,4,3.978860780596733,2.0507770031690598,0.5154181350525898,False,False,False,True
1112,5439,Pysa,Emotet,False,0.4203709661960602,1,T1620,MEDIUM_CANDIDATE,0,1,3.1332569122314453,0.08521365374326706,0.02719651025443028,False,False,False,True
1113,5490,Pysa,Shade,False,0.2625819742679596,2,T1014; T1055,HIGH_CANDIDATE,1,2,1.8447452448308468,0.1940668411552906,0.10519980560951954,False,False,False,True
1114,5554,Pysa,Pysa,True,0.5666529536247253,2,T1055; T1620,HIGH_CANDIDATE,2,4,2.9876114949584007,1.784987561404705,0.5974630785886567,False,False,False,True
1115,5510,Pysa,Pysa,True,0.5554001927375793,1,T1620,MEDIUM_CANDIDATE,0,3,3.663019023835659,0.6828404143452644,0.18641465138508656,False,False,False,True
1116,5457,Pysa,Ako,False,0.3947978615760803,2,T1055; T1620,HIGH_CANDIDATE,2,4,2.507062379270792,1.4820300713181496,0.5911420806965382,False,False,False,True
1117,5378,Pysa,Shade,False,0.354895681142807,1,T1620,MEDIUM_CANDIDATE,0,1,2.4157710187137127,0.08100274205207825,0.033530802971222205,False,False,False,True
1118,5471,Pysa,Reconyc,False,0.22277559340000153,2,T1055; T1620,HIGH_CANDIDATE,2,4,2.3559062406420708,1.3179372251033783,0.5594183683405806,False,False,False,True
1119,5464,Pysa,Ako,False,0.32955220341682434,2,T1055; T1620,HIGH_CANDIDATE,2,1,2.1098496355116367,0.8585020639002323,0.4069020130394488,False,False,False,True
1120,5385,Pysa,Zeus,False,0.15665411949157715,1,T1620,MEDIUM_CANDIDATE,0,2,1.787951622158289,0.18875523284077644,0.1055706600231859,False,False,False,True
1121,8778,Pysa,Pysa,True,0.5986573100090027,1,T1620,MEDIUM_CANDIDATE,0,4,3.260525979101658,0.577037937939167,0.17697694839350825,False,False,False,True
1122,8771,Pysa,Shade,False,0.38321948051452637,2,T1014; T1620,MEDIUM_CANDIDATE,0,4,2.023079976439476,0.3889650031924248,0.19226377984175622,False,False,False,True
1123,8810,Pysa,Emotet,False,0.7601325511932373,2,T1014; T1620,MEDIUM_CANDIDATE,0,2,3.8333341404795647,0.250627763569355,0.06538114194709896,False,False,False,True
1124,5550,Pysa,Ako,False,0.30243927240371704,2,T1055; T1620,HIGH_CANDIDATE,2,3,2.1169289648532867,1.3187881410121918,0.6229723164582379,False,False,False,True
1125,7796,Reconyc,180solutions,False,0.24941527843475342,1,T1055,HIGH_CANDIDATE,2,0,1.545475397258997,0.33873049169778824,0.21917559625895644,False,False,False,True
1126,7707,Reconyc,Reconyc,True,0.8266291618347168,3,T1014; T1055; T1620,HIGH_CANDIDATE,2,5,4.179705247282982,1.8936996832489967,0.45307014997768,False,False,False,True
1127,7597,Reconyc,Ako,False,0.215844064950943,1,T1620,MEDIUM_CANDIDATE,0,3,1.298487987369299,0.22543636336922646,0.17361451593091312,False,False,False,True
1128,7659,Reconyc,Reconyc,True,0.3642183244228363,3,T1014; T1055; T1620,HIGH_CANDIDATE,2,6,3.0626122653484344,1.777009978890419,0.5802268863728488,False,False,False,True
1129,7745,Reconyc,Reconyc,True,0.5851096510887146,2,T1055; T1620,HIGH_CANDIDATE,2,4,3.266970746219158,1.723735511302948,0.5276250218333955,False,False,False,True
1130,7656,Reconyc,Scar,False,0.11725154519081116,1,T1620,MEDIUM_CANDIDATE,0,3,1.9597644656896591,1.0104604214429855,0.5156029916520581,False,False,False,True
1131,7639,Reconyc,Reconyc,True,0.8822611570358276,2,T1055; T1620,HIGH_CANDIDATE,2,4,4.452823467552662,2.00007663667202,0.4491704311312597,False,False,False,True
1132,7697,Reconyc,Reconyc,True,0.7420926690101624,2,T1055; T1620,HIGH_CANDIDATE,2,4,4.029685154557228,1.802299365401268,0.4472556282376111,False,False,False,True
1133,7618,Reconyc,Reconyc,True,0.4837229251861572,2,T1055; T1620,HIGH_CANDIDATE,2,1,3.260524559766054,0.8058593794703484,0.2471563592602319,False,False,False,True
1134,7612,Reconyc,180solutions,False,0.23982737958431244,3,T1014; T1055; T1620,HIGH_CANDIDATE,1,3,1.4467469602823257,0.18594999238848686,0.12852972737692817,False,False,False,True
1135,7678,Reconyc,180solutions,False,0.27839431166648865,2,T1055; T1620,HIGH_CANDIDATE,1,3,1.6736239716410637,0.36619048565626144,0.21880093250408883,False,False,False,True
1136,7692,Reconyc,Reconyc,True,0.7617296576499939,2,T1055; T1620,HIGH_CANDIDATE,2,4,3.77774141728878,2.026883155107498,0.5365330580413725,False,False,False,True
1137,7617,Reconyc,Reconyc,True,0.39793214201927185,2,T1055; T1620,HIGH_CANDIDATE,2,4,2.7305344864726067,1.446791060268879,0.5298563586859841,False,False,False,True
1138,7821,Reconyc,Reconyc,True,0.7093563675880432,2,T1055; T1620,HIGH_CANDIDATE,2,4,3.7409300468862057,2.087202399969101,0.5579367627326796,False,False,False,True
1139,7725,Reconyc,Scar,False,0.27595996856689453,1,T1620,MEDIUM_CANDIDATE,0,5,1.9281239323318005,0.7618425637483597,0.39512115947184784,False,False,False,True
1140,7643,Reconyc,Reconyc,True,0.8110199570655823,2,T1055; T1620,HIGH_CANDIDATE,1,4,3.234599158167839,1.3791083842515945,0.426361449074499,False,False,False,True
1141,7783,Reconyc,180solutions,False,0.2794501781463623,3,T1014; T1055; T1620,HIGH_CANDIDATE,1,4,1.6490510813891888,0.4041142798960209,0.24505867917420007,False,False,False,True
1142,7718,Reconyc,Refroso,False,0.6473411917686462,1,T1620,MEDIUM_CANDIDATE,0,4,3.771437671035528,0.7721919268369675,0.204747365379353,False,False,False,True
1143,7768,Reconyc,Reconyc,True,0.5140842795372009,3,T1014; T1055; T1620,HIGH_CANDIDATE,1,6,3.0020696334540844,1.4585842601954937,0.4858595696587137,False,False,False,True
1144,7593,Reconyc,Reconyc,True,0.4344679117202759,2,T1055; T1620,HIGH_CANDIDATE,2,2,3.311486706137657,0.6851575374603271,0.20690330303619386,False,False,False,True
1145,7701,Reconyc,Refroso,False,0.501621425151825,2,T1055; T1620,HIGH_CANDIDATE,1,3,2.605654790997505,0.5334096550941467,0.2047123267967301,False,False,False,True
1146,7689,Reconyc,Reconyc,True,0.7881461977958679,2,T1055; T1620,HIGH_CANDIDATE,2,4,4.047984331846237,1.835184007883072,0.45335748793426445,False,False,False,True
1147,7592,Reconyc,Emotet,False,0.3234461545944214,1,T1620,MEDIUM_CANDIDATE,0,1,3.011400930583477,0.04985813796520233,0.016556459639381866,False,False,False,True
1148,7704,Reconyc,Reconyc,True,0.7468404173851013,2,T1055; T1620,HIGH_CANDIDATE,2,4,4.073369573801756,2.1042544692754745,0.5165881541437284,False,False,False,True
1149,7763,Reconyc,Scar,False,0.2053544521331787,2,T1055; T1620,HIGH_CANDIDATE,1,3,1.4836749248206615,0.36267177760601044,0.24444153603920227,False,False,False,True
1150,7825,Reconyc,Reconyc,True,0.9237692356109619,2,T1055; T1620,HIGH_CANDIDATE,2,3,5.33780825138092,1.6534705013036728,0.30976581087863375,False,False,False,True
1151,7652,Reconyc,Refroso,False,0.5205022692680359,1,T1620,MEDIUM_CANDIDATE,0,4,3.199084009975195,0.9660302549600601,0.30197089290179363,False,False,False,True
1152,7807,Reconyc,Reconyc,True,0.3740296959877014,3,T1014; T1055; T1620,HIGH_CANDIDATE,1,5,2.8897709399461746,1.529989942908287,0.5294502487234455,False,False,False,True
1153,7625,Reconyc,Shade,False,0.24133606255054474,2,T1055; T1620,HIGH_CANDIDATE,1,3,2.4922566786408424,0.43464837223291397,0.174399521509137,False,False,False,True
1154,7609,Reconyc,Reconyc,True,0.9377642869949341,2,T1055; T1620,HIGH_CANDIDATE,2,4,5.197303622961044,1.379343569278717,0.2653959955668066,False,False,False,True
1155,7684,Reconyc,Reconyc,True,0.796787679195404,2,T1055; T1620,HIGH_CANDIDATE,2,4,4.151900935918093,1.827986255288124,0.4402769438630426,False,False,False,True
1156,7641,Reconyc,Reconyc,True,0.2498217672109604,3,T1014; T1055; T1620,HIGH_CANDIDATE,1,3,1.6246020905673504,0.561850730329752,0.34583898025980014,False,False,False,True
1157,7818,Reconyc,Scar,False,0.2649126350879669,2,T1055; T1620,HIGH_CANDIDATE,1,5,2.026742599904537,0.8681743703782558,0.4283594623309088,False,False,False,True
1158,7616,Reconyc,Reconyc,True,0.26476964354515076,2,T1055; T1620,HIGH_CANDIDATE,2,3,2.338349636644125,0.7631637006998062,0.3263685159568601,False,False,False,True
1159,7634,Reconyc,Refroso,False,0.15664367377758026,1,T1620,MEDIUM_CANDIDATE,0,3,1.6966421715915203,0.6094757467508316,0.3592246832925992,False,False,False,True
1160,7646,Reconyc,Reconyc,True,0.4714645743370056,2,T1055; T1620,HIGH_CANDIDATE,2,3,2.9758853279054165,0.843518141657114,0.28345115779404917,False,False,False,True
1161,7790,Reconyc,Refroso,False,0.7235304713249207,2,T1014; T1620,MEDIUM_CANDIDATE,0,5,3.918731689453125,0.63685093075037,0.16251455348790292,False,False,False,True
1162,7587,Reconyc,Reconyc,True,0.39645180106163025,2,T1055; T1620,HIGH_CANDIDATE,1,5,2.7984968908131123,1.4875768907368183,0.5315628170323241,False,False,False,True
1163,7626,Reconyc,Transponder,False,0.15701013803482056,2,T1014; T1620,MEDIUM_CANDIDATE,0,4,2.2432932555675507,1.015783317387104,0.45280897397879977,False,False,False,True
1164,7759,Reconyc,Shade,False,0.13763900101184845,1,T1055,HIGH_CANDIDATE,1,0,1.5643807165324688,0.04556628316640854,0.029127361827502307,False,False,False,True
1165,7757,Reconyc,Reconyc,True,0.407967209815979,2,T1055; T1620,HIGH_CANDIDATE,2,4,2.9387247934937477,1.1709172278642654,0.398443988513876,False,False,False,True
1166,7686,Reconyc,Reconyc,True,0.5547705888748169,2,T1055; T1620,HIGH_CANDIDATE,2,4,3.387865923345089,1.392666444182396,0.4110748405318573,False,False,False,True
1167,7621,Reconyc,Reconyc,True,0.39276525378227234,2,T1055; T1620,HIGH_CANDIDATE,2,3,2.797953523695469,0.7363807410001755,0.26318547994592195,False,False,False,True
1168,7779,Reconyc,Reconyc,True,0.5009945631027222,2,T1055; T1620,HIGH_CANDIDATE,2,3,3.397269520908594,0.8098633252084255,0.23838653960897072,False,False,False,True
1169,7739,Reconyc,Reconyc,True,0.5571329593658447,2,T1055; T1620,HIGH_CANDIDATE,2,4,3.371921218931675,1.894649624824524,0.5618902405509952,False,False,False,True
1170,7638,Reconyc,Reconyc,True,0.6855712532997131,2,T1055; T1620,HIGH_CANDIDATE,1,3,2.940599884837866,0.5748046413064003,0.19547189818994806,False,False,False,True
1171,7781,Reconyc,Reconyc,True,0.23131930828094482,2,T1055; T1620,HIGH_CANDIDATE,2,4,2.1425697579979897,1.0573116168379784,0.4934782696764688,False,False,False,True
1172,7769,Reconyc,Scar,False,0.4914241433143616,2,T1055; T1620,HIGH_CANDIDATE,1,4,2.7528839968144894,1.1600713171064854,0.421402179840802,False,False,False,True
1173,7814,Reconyc,Maze,False,0.48990046977996826,1,T1620,MEDIUM_CANDIDATE,0,4,2.147124446928501,0.975291408598423,0.4542314303176951,False,False,False,True
1174,7795,Reconyc,180solutions,False,0.21833916008472443,2,T1055; T1620,HIGH_CANDIDATE,2,1,1.833370829001069,0.36221126839518547,0.19756574211041636,False,False,False,True
1175,7762,Reconyc,Reconyc,True,0.5254439115524292,2,T1055; T1620,HIGH_CANDIDATE,1,1,3.0939482860267162,0.4297035485506058,0.13888517480763585,False,False,False,True
1176,7784,Reconyc,Reconyc,True,0.2624824047088623,2,T1055; T1620,HIGH_CANDIDATE,2,1,2.79261552169919,0.5157968439161777,0.18470027109293471,False,False,False,True
1177,7749,Reconyc,Reconyc,True,0.17528408765792847,2,T1055; T1620,HIGH_CANDIDATE,2,4,2.386290229856968,1.4266168773174286,0.5978387957457039,False,False,False,True
1178,7603,Reconyc,Conti,False,0.24273455142974854,2,T1055; T1620,HIGH_CANDIDATE,1,4,1.536465983837843,1.1424001604318619,0.7435245377696755,False,False,False,True
1179,7619,Reconyc,Reconyc,True,0.23954196274280548,2,T1055; T1620,HIGH_CANDIDATE,2,4,2.351772114634514,1.2225373312830925,0.5198366472990882,False,False,False,True
1180,7737,Reconyc,Scar,False,0.3670395016670227,1,T1620,MEDIUM_CANDIDATE,0,2,2.424011692404747,0.4618770629167557,0.1905424236871355,False,False,False,True
1181,7685,Reconyc,Reconyc,True,0.40395811200141907,2,T1055; T1620,HIGH_CANDIDATE,2,4,2.8883232288062572,1.1543632745742798,0.3996655440296333,False,False,False,True
1182,7599,Reconyc,Reconyc,True,0.9486665725708008,2,T1055; T1620,HIGH_CANDIDATE,2,4,5.272311478853226,1.366988405585289,0.2592768676638621,False,False,False,True
1183,7651,Reconyc,Refroso,False,0.6495134830474854,1,T1620,MEDIUM_CANDIDATE,0,4,3.849112469702959,0.8009475022554398,0.20808628185324238,False,False,False,True
1184,7754,Reconyc,Reconyc,True,0.49070483446121216,2,T1055; T1620,HIGH_CANDIDATE,2,1,3.272612124681473,0.8645996823906898,0.2641925316691303,False,False,False,True
1185,7640,Reconyc,Benign,False,0.32332643866539,0,,CONTEXT_ONLY,0,0,1.833050511777401,0.0,0.0,False,False,False,True
1186,7675,Reconyc,Reconyc,True,0.5910893082618713,2,T1055; T1620,HIGH_CANDIDATE,2,4,3.487040713429451,2.0149277597665787,0.5778331615133131,False,False,False,True
1187,7734,Reconyc,Reconyc,True,0.8857083916664124,2,T1055; T1620,HIGH_CANDIDATE,2,4,4.422850016504526,2.0078516602516174,0.45397236007529507,False,False,False,True
1188,7729,Reconyc,Conti,False,0.35055825114250183,3,T1014; T1055; T1620,HIGH_CANDIDATE,1,3,2.2361379861831665,0.6907027214765549,0.3088819767582885,False,False,False,True
1189,7715,Reconyc,Reconyc,True,0.431310772895813,2,T1055; T1620,HIGH_CANDIDATE,1,4,2.614872921258211,1.3781401067972183,0.527039037191181,False,False,False,True
1190,7644,Reconyc,Scar,False,0.40266767144203186,2,T1014; T1620,MEDIUM_CANDIDATE,0,4,2.3562960028648376,0.4503912925720215,0.19114376632834992,False,False,False,True
1191,7660,Reconyc,Scar,False,0.3241294026374817,2,T1055; T1620,HIGH_CANDIDATE,1,5,2.180070199072361,1.005051527172327,0.46101796520129734,False,False,False,True
1192,7672,Reconyc,Reconyc,True,0.5036437511444092,2,T1055; T1620,HIGH_CANDIDATE,2,3,2.9755640737712383,0.865288008004427,0.29079797529204554,False,False,False,True
1193,7636,Reconyc,Reconyc,True,0.8861221075057983,2,T1055; T1620,HIGH_CANDIDATE,2,4,4.420461088418961,2.0013669282197952,0.45275071721887095,False,False,False,True
1194,7709,Reconyc,Reconyc,True,0.8611660599708557,2,T1055; T1620,HIGH_CANDIDATE,2,5,4.516178324818611,1.4263230860233307,0.3158252361703671,False,False,False,True
1195,7722,Reconyc,Zeus,False,0.3340544104576111,2,T1014; T1620,MEDIUM_CANDIDATE,0,2,2.655597686767578,0.12556082382798195,0.04728156845957188,False,False,False,True
1196,7735,Reconyc,Reconyc,True,0.7490724921226501,3,T1014; T1055; T1620,HIGH_CANDIDATE,2,5,3.7986855693161488,1.8784553669393063,0.49450140914860496,False,False,False,True
1197,7596,Reconyc,Reconyc,True,0.6461943984031677,2,T1055; T1620,HIGH_CANDIDATE,2,5,3.873613655567169,1.678839847445488,0.4334040502548968,False,False,False,True
1198,7679,Reconyc,Reconyc,True,0.7801833152770996,2,T1055; T1620,HIGH_CANDIDATE,1,3,3.9131240770220757,0.750037170946598,0.19167221794750333,False,False,False,True
1199,7782,Reconyc,Reconyc,True,0.25921830534935,2,T1055; T1620,HIGH_CANDIDATE,2,4,2.1070157289505005,1.1560714840888977,0.5486771969494192,False,False,False,True
1200,7594,Reconyc,Pysa,False,0.24654842913150787,1,T1620,MEDIUM_CANDIDATE,0,4,2.4294820837676525,0.7334965839982033,0.3019147944736819,False,False,False,True
1201,7730,Reconyc,180solutions,False,0.27657777070999146,2,T1055; T1620,HIGH_CANDIDATE,1,3,1.568779680877924,0.3604155331850052,0.2297426066758518,False,False,False,True
1202,7751,Reconyc,Reconyc,True,0.6511384844779968,2,T1055; T1620,HIGH_CANDIDATE,2,4,3.6143402606248856,2.0018917620182037,0.5538747372036564,False,False,False,True
1203,7694,Reconyc,Reconyc,True,0.5719043612480164,2,T1055; T1620,HIGH_CANDIDATE,2,4,3.1877597868442535,1.7230856716632843,0.5405318426985573,False,False,False,True
1204,7673,Reconyc,Reconyc,True,0.3768976628780365,2,T1055; T1620,HIGH_CANDIDATE,2,4,2.533849734812975,1.3628823980689049,0.537870253055673,False,False,False,True
1205,7632,Reconyc,Reconyc,True,0.5021235346794128,2,T1055; T1620,HIGH_CANDIDATE,2,1,3.3842664547264576,0.8779467083513737,0.25942009002430516,False,False,False,True
1206,7600,Reconyc,Reconyc,True,0.43266725540161133,2,T1055; T1620,HIGH_CANDIDATE,2,3,2.932998850941658,0.8484452068805695,0.28927566971537366,False,False,False,True
1207,7743,Reconyc,Reconyc,True,0.7470870018005371,2,T1055; T1620,HIGH_CANDIDATE,2,4,4.042632386088371,1.8046469241380692,0.44640391502038984,False,False,False,True
1208,7764,Reconyc,Reconyc,True,0.3796617090702057,2,T1055; T1620,HIGH_CANDIDATE,2,5,2.680781215429306,1.4557422921061516,0.5430291303622947,False,False,False,True
1209,7631,Reconyc,Reconyc,True,0.49993568658828735,2,T1055; T1620,HIGH_CANDIDATE,2,3,3.377696108072996,0.808316808193922,0.23931010438208827,False,False,False,True
1210,7683,Reconyc,Reconyc,True,0.23862296342849731,2,T1055; T1620,HIGH_CANDIDATE,1,3,1.8718446753919125,0.6099380999803543,0.3258486710990858,False,False,False,True
1211,7614,Reconyc,Reconyc,True,0.9445552825927734,2,T1055; T1620,HIGH_CANDIDATE,2,4,5.287938572466373,1.3891407400369644,0.2626998632832167,False,False,False,True
1212,7753,Reconyc,Reconyc,True,0.20818336308002472,2,T1055; T1620,HIGH_CANDIDATE,2,2,2.1966692842543125,0.5836295820772648,0.2656884157577618,False,False,False,True
1213,7615,Reconyc,Reconyc,True,0.487882524728775,2,T1055; T1620,HIGH_CANDIDATE,2,1,3.249730609357357,0.8013283610343933,0.24658301175089037,False,False,False,True
1214,7755,Reconyc,Reconyc,True,0.4390341639518738,2,T1055; T1620,HIGH_CANDIDATE,2,3,2.9698266871273518,0.8499602414667606,0.28619860046072537,False,False,False,True
1215,7665,Reconyc,Refroso,False,0.21165555715560913,1,T1620,MEDIUM_CANDIDATE,0,3,2.3199740573763847,0.5023587942123413,0.2165363843682155,False,False,False,True
1216,7772,Reconyc,Reconyc,True,0.5795100331306458,2,T1055; T1620,HIGH_CANDIDATE,2,4,3.439338941127062,1.4838565811514854,0.4314365657329573,False,False,False,True
1217,7602,Reconyc,Reconyc,True,0.9462761282920837,2,T1055; T1620,HIGH_CANDIDATE,2,3,5.545277886092663,1.6695847660303116,0.30108225418559525,False,False,False,True
1218,7604,Reconyc,Zeus,False,0.19233286380767822,2,T1014; T1620,MEDIUM_CANDIDATE,0,3,1.810372743755579,0.18656141683459282,0.10305138401916901,False,False,False,True
1219,7717,Reconyc,Refroso,False,0.6952601075172424,1,T1620,MEDIUM_CANDIDATE,0,2,4.208984326571226,0.2998792678117752,0.0712474185086991,False,False,False,True
1220,7746,Reconyc,Shade,False,0.2657797038555145,3,T1014; T1055; T1620,HIGH_CANDIDATE,1,5,2.0296912603080273,0.6695800498127937,0.32989256194125693,False,False,False,True
1221,7809,Reconyc,Reconyc,True,0.2171827256679535,2,T1055; T1620,HIGH_CANDIDATE,1,4,2.752473071217537,1.2155588418245316,0.4416242449510461,False,False,False,True
1222,7817,Reconyc,Scar,False,0.22141942381858826,2,T1014; T1620,MEDIUM_CANDIDATE,0,6,1.604036845266819,0.7342661544680595,0.45776140157548567,False,False,False,True
1223,7766,Reconyc,Reconyc,True,0.3378288745880127,2,T1055; T1620,HIGH_CANDIDATE,1,5,2.7660758271813393,1.4296556487679482,0.5168533829474886,False,False,False,True
1224,7756,Reconyc,Reconyc,True,0.21761822700500488,2,T1055; T1620,HIGH_CANDIDATE,2,4,2.479705896228552,1.7709062099456787,0.7141597770280319,False,False,False,True
1225,7750,Reconyc,Gator,False,0.1849951148033142,1,T1620,MEDIUM_CANDIDATE,0,3,1.9397054500877857,0.2914515323936939,0.15025556193622266,False,False,False,True
1226,7794,Reconyc,Zeus,False,0.25620654225349426,2,T1014; T1620,MEDIUM_CANDIDATE,0,2,1.9686659909784794,0.13874375075101852,0.07047602355443708,False,False,False,True
1227,7820,Reconyc,Reconyc,True,0.5371237993240356,2,T1055; T1620,HIGH_CANDIDATE,2,4,3.4436541609466076,1.4419072903692722,0.41871431420770605,False,False,False,True
1228,7806,Reconyc,Reconyc,True,0.43957120180130005,3,T1014; T1055; T1620,HIGH_CANDIDATE,1,6,2.5237786024808884,1.2211672142148018,0.4838646357546528,False,False,False,True
1229,7813,Reconyc,Maze,False,0.25215429067611694,1,T1620,MEDIUM_CANDIDATE,0,2,1.8256140500307083,0.6294310390949249,0.3447777141528558,False,False,False,True
1230,7760,Reconyc,Reconyc,True,0.781924843788147,3,T1014; T1055; T1620,HIGH_CANDIDATE,2,3,3.6371467113494873,1.365053430199623,0.3753088721827085,False,False,False,True
1231,7758,Reconyc,Zeus,False,0.2624368667602539,2,T1014; T1620,MEDIUM_CANDIDATE,0,2,2.0218951739370823,0.11705025658011436,0.0578913576178093,False,False,False,True
1232,7829,Reconyc,Reconyc,True,0.3014562726020813,2,T1055; T1620,HIGH_CANDIDATE,2,1,2.5648621432483196,0.7081627063453197,0.27610166425882576,False,False,False,True
1233,7805,Reconyc,Scar,False,0.3972189724445343,1,T1620,MEDIUM_CANDIDATE,0,4,2.0253042429685593,0.5793885625898838,0.2860748278197718,False,False,False,True
1234,7653,Reconyc,Refroso,False,0.3654009997844696,1,T1620,MEDIUM_CANDIDATE,0,5,3.318085730075836,0.6809707432985306,0.20523000268681024,False,False,False,True
1235,7827,Reconyc,Reconyc,True,0.6741020083427429,2,T1014; T1620,MEDIUM_CANDIDATE,0,2,4.312573954463005,0.9299287497997284,0.21563195428506493,False,False,False,True
1236,7630,Reconyc,Reconyc,True,0.4186781048774719,2,T1055; T1620,HIGH_CANDIDATE,1,3,2.799555815756321,0.6548875197768211,0.23392550921507466,False,False,False,True
1237,7816,Reconyc,Reconyc,True,0.3513900637626648,2,T1055; T1620,HIGH_CANDIDATE,2,4,2.4626701548695564,1.0282970070838928,0.4175536886458755,False,False,False,True
1238,7693,Reconyc,Reconyc,True,0.8886861205101013,2,T1055; T1620,HIGH_CANDIDATE,2,4,4.450618423521519,2.021748647093773,0.45426240910899734,False,False,False,True
1239,7741,Reconyc,Reconyc,True,0.25077614188194275,2,T1055; T1620,HIGH_CANDIDATE,2,3,2.509198810905218,0.7519794814288616,0.29968907930319705,False,False,False,True
1240,7819,Reconyc,Scar,False,0.2707429826259613,2,T1055; T1620,HIGH_CANDIDATE,1,4,2.0371822379529476,0.8696054928004742,0.4268668146617521,False,False,False,True
1241,7654,Reconyc,Refroso,False,0.25676825642585754,1,T1620,MEDIUM_CANDIDATE,0,3,2.636778362095356,0.44847874343395233,0.17008587065223105,False,False,False,True
1242,7742,Reconyc,Reconyc,True,0.8267244100570679,2,T1055; T1620,HIGH_CANDIDATE,2,4,4.275921929627657,1.9122374206781387,0.44721055532570364,False,False,False,True
1243,7606,Reconyc,Reconyc,True,0.8373885750770569,2,T1055; T1620,HIGH_CANDIDATE,2,4,4.053100451827049,2.129661113023758,0.5254400028658932,False,False,False,True
1244,7607,Reconyc,Conti,False,0.27290263772010803,3,T1014; T1055; T1620,HIGH_CANDIDATE,1,5,1.7208120301365852,1.1214463412761688,0.6516960142283272,False,False,False,True
1245,7658,Reconyc,Reconyc,True,0.740875244140625,2,T1055; T1620,HIGH_CANDIDATE,2,4,4.09994113445282,1.3837716057896614,0.3375101154895826,False,False,False,True
1246,7770,Reconyc,Reconyc,True,0.1664406955242157,2,T1055; T1620,HIGH_CANDIDATE,2,2,1.9983642064034939,0.34241602569818497,0.1713481579588736,False,False,False,True
1247,7590,Reconyc,Reconyc,True,0.37857115268707275,2,T1055; T1620,HIGH_CANDIDATE,2,4,2.861888565123081,1.1345843374729156,0.3964460221476585,False,False,False,True
1248,7591,Reconyc,Ako,False,0.10936251282691956,2,T1014; T1620,MEDIUM_CANDIDATE,0,2,1.0246954001486301,0.146926611661911,0.1433856457641945,False,False,False,True
1249,7713,Reconyc,Reconyc,True,0.5667773485183716,2,T1055; T1620,HIGH_CANDIDATE,2,5,3.4746372923254967,2.050092861056328,0.5900163638905305,False,False,False,True
1250,8045,Refroso,Refroso,True,0.6611816883087158,1,T1620,MEDIUM_CANDIDATE,0,4,3.8365821354091167,0.7960410118103027,0.20748702457413082,False,False,False,True
1251,7868,Refroso,Refroso,True,0.726408839225769,1,T1620,MEDIUM_CANDIDATE,0,4,4.040391344577074,1.1660469472408295,0.2885975262782088,False,False,False,True
1252,8027,Refroso,Conti,False,0.18317492306232452,2,T1055; T1620,HIGH_CANDIDATE,1,1,1.474118683487177,0.4809861406683922,0.32628725628154365,False,False,False,True
1253,7838,Refroso,Refroso,True,0.9804301261901855,2,T1055; T1620,HIGH_CANDIDATE,2,4,5.90808379650116,2.078824855387211,0.35186109862191134,False,False,False,True
1254,8036,Refroso,Refroso,True,0.7556799650192261,1,T1620,MEDIUM_CANDIDATE,0,3,4.256841570138931,0.6044894456863403,0.14200421503274585,False,False,False,True
1255,8042,Refroso,Refroso,True,0.713809609413147,1,T1620,MEDIUM_CANDIDATE,0,3,4.1086750254035,0.5477595776319504,0.13331781517039223,False,False,False,True
1256,8025,Refroso,Conti,False,0.198678657412529,3,T1014; T1055; T1620,HIGH_CANDIDATE,1,4,1.746026135981083,0.8495726399123669,0.4865749844202627,False,False,False,True
1257,7992,Refroso,Refroso,True,0.712292492389679,1,T1620,MEDIUM_CANDIDATE,0,3,3.892571844160557,0.4088243693113327,0.10502680122002905,False,False,False,True
1258,7982,Refroso,Refroso,True,0.2847341001033783,2,T1055; T1620,HIGH_CANDIDATE,1,4,2.6436683237552643,1.431026741862297,0.5413034339457378,False,False,False,True
1259,8107,Refroso,Refroso,True,0.7119513154029846,1,T1055,HIGH_CANDIDATE,2,0,4.930984437465668,2.848902016878128,0.5777552237302034,False,False,False,True
1260,8000,Refroso,180solutions,False,0.1803634762763977,1,T1620,MEDIUM_CANDIDATE,0,2,1.4043342471122742,0.17227516323328018,0.12267390301669903,False,False,False,True
1261,8002,Refroso,Refroso,True,0.7505128979682922,1,T1620,MEDIUM_CANDIDATE,0,3,4.175348997116089,0.5867021828889847,0.14051572294776307,False,False,False,True
1262,7880,Refroso,Refroso,True,0.8136938810348511,1,T1620,MEDIUM_CANDIDATE,0,2,4.334515910595655,0.31497228145599365,0.07266608035422108,False,False,False,True
1263,8084,Refroso,Refroso,True,0.8842422366142273,2,T1055; T1620,HIGH_CANDIDATE,2,2,4.897297352552414,2.407978393137455,0.4916953617044399,False,False,False,True
1264,7977,Refroso,Refroso,True,0.9776125550270081,2,T1055; T1620,HIGH_CANDIDATE,2,4,5.8043609373271465,2.4750257655978203,0.4264079702006861,False,False,False,True
1265,7906,Refroso,Refroso,True,0.984394371509552,2,T1055; T1620,HIGH_CANDIDATE,2,4,5.93862372636795,2.8461615443229675,0.4792628183674593,False,False,False,True
1266,7883,Refroso,Scar,False,0.3258194327354431,2,T1014; T1620,MEDIUM_CANDIDATE,0,7,1.9964103065431118,0.6688263416290283,0.3350144704407662,False,False,False,True
1267,7951,Refroso,Refroso,True,0.4601564109325409,1,T1620,MEDIUM_CANDIDATE,0,3,3.0015768595039845,0.6150857955217361,0.20492088802396355,False,False,False,True
1268,8010,Refroso,Conti,False,0.15746109187602997,3,T1014; T1055; T1620,HIGH_CANDIDATE,1,3,1.4320062287151814,0.6384684965014458,0.44585594929589784,False,False,False,True
1269,7993,Refroso,Refroso,True,0.4630758464336395,1,T1620,MEDIUM_CANDIDATE,0,3,3.017674308270216,0.5939883142709732,0.19683645536004107,False,False,False,True
1270,7936,Refroso,Refroso,True,0.9534674882888794,2,T1055; T1620,HIGH_CANDIDATE,2,4,5.4776732586324215,2.7443678602576256,0.5010097774511647,False,False,False,True
1271,8112,Refroso,Reconyc,False,0.17740876972675323,3,T1014; T1055; T1620,HIGH_CANDIDATE,2,4,2.0020941495895386,1.1097995340824127,0.5543193532181988,False,False,False,True
1272,8119,Refroso,Refroso,True,0.47885382175445557,1,T1620,MEDIUM_CANDIDATE,0,3,2.9798753783106804,0.5687382519245148,0.19085974402289865,False,False,False,True
1273,8087,Refroso,Refroso,True,0.3849441409111023,1,T1620,MEDIUM_CANDIDATE,0,3,2.8693332113325596,0.5670546591281891,0.1976259351436011,False,False,False,True
1274,7987,Refroso,180solutions,False,0.19382603466510773,1,T1620,MEDIUM_CANDIDATE,0,3,1.537951696664095,0.4375295042991638,0.28448845646335336,False,False,False,True
1275,8003,Refroso,Refroso,True,0.40266987681388855,1,T1620,MEDIUM_CANDIDATE,0,3,2.960432220250368,0.5677422434091568,0.19177680864490185,False,False,False,True
1276,7839,Refroso,Refroso,True,0.9839179515838623,2,T1055; T1620,HIGH_CANDIDATE,2,2,6.231560252606869,2.188452087342739,0.35118846623158895,False,False,False,True
1277,8011,Refroso,Conti,False,0.19962255656719208,3,T1014; T1055; T1620,HIGH_CANDIDATE,1,4,1.6364028453826904,0.8254279941320419,0.5044161322874054,False,False,False,True
1278,7922,Refroso,Refroso,True,0.6001603603363037,1,T1620,MEDIUM_CANDIDATE,0,1,3.503284312784672,0.1322173923254013,0.037740982609631546,False,False,False,True
1279,7875,Refroso,Refroso,True,0.657464325428009,2,T1055; T1620,HIGH_CANDIDATE,1,4,3.679466024041176,1.2255935966968536,0.3330900703224263,False,False,False,True
1280,7934,Refroso,Refroso,True,0.8338163495063782,1,T1620,MEDIUM_CANDIDATE,0,3,4.409672159701586,0.40911974012851715,0.09277781325045338,False,False,False,True
1281,7923,Refroso,Reconyc,False,0.2657742500305176,2,T1055; T1620,HIGH_CANDIDATE,2,4,2.5172044709324837,1.2544936314225197,0.498367790900117,False,False,False,True
1282,7956,Refroso,Refroso,True,0.5622003674507141,1,T1620,MEDIUM_CANDIDATE,0,4,3.8476793617010117,0.3981633260846138,0.1034814205278765,False,False,False,True
1283,7850,Refroso,Refroso,True,0.9644899368286133,2,T1055; T1620,HIGH_CANDIDATE,2,4,5.435458701103926,3.1433521434664726,0.5783048526940453,False,False,False,True
1284,7997,Refroso,Refroso,True,0.9871860146522522,2,T1055; T1620,HIGH_CANDIDATE,2,5,6.138271242380142,2.1515321359038353,0.3505110887002069,False,False,False,True
1285,8104,Refroso,Reconyc,False,0.23049253225326538,2,T1055; T1620,HIGH_CANDIDATE,2,4,1.946851547807455,0.7362479455769062,0.378173644727082,False,False,False,True
1286,8060,Refroso,Refroso,True,0.9725148677825928,2,T1055; T1620,HIGH_CANDIDATE,2,2,6.006557546555996,2.690114736557007,0.44786297570718336,False,False,False,True
1287,8105,Refroso,Refroso,True,0.9086683392524719,2,T1055; T1620,HIGH_CANDIDATE,2,3,5.012991160154343,2.729923278093338,0.5445697370847324,False,False,False,True
1288,7930,Refroso,Maze,False,0.16498960554599762,1,T1620,MEDIUM_CANDIDATE,0,3,1.952973149716854,0.557635210454464,0.2855314270630454,False,False,False,True
1289,8063,Refroso,Refroso,True,0.4660934507846832,1,T1620,MEDIUM_CANDIDATE,0,3,2.9881750531494617,0.5742809772491455,0.1921845163133491,False,False,False,True
1290,7860,Refroso,Refroso,True,0.9673086404800415,2,T1055; T1620,HIGH_CANDIDATE,2,5,5.619152314960957,2.2958490774035454,0.40857569767077895,False,False,False,True
1291,7928,Refroso,Refroso,True,0.9685924053192139,2,T1055; T1620,HIGH_CANDIDATE,2,4,5.429068140685558,3.057428538799286,0.5631589914826908,False,False,False,True
1292,7914,Refroso,Gator,False,0.27947166562080383,2,T1014; T1620,MEDIUM_CANDIDATE,0,2,2.016502544283867,0.14726930856704712,0.07303204698873703,False,False,False,True
1293,7937,Refroso,Refroso,True,0.9738223552703857,2,T1055; T1620,HIGH_CANDIDATE,2,4,5.868322849273682,2.820774272084236,0.4806780990983414,False,False,False,True
1294,8075,Refroso,Refroso,True,0.9759358763694763,2,T1055; T1620,HIGH_CANDIDATE,2,4,5.7328061908483505,2.7534215711057186,0.48029210816531415,False,False,False,True
1295,7938,Refroso,Refroso,True,0.9738866686820984,2,T1055; T1620,HIGH_CANDIDATE,2,2,5.907042309641838,2.731006257236004,0.46233057325123394,False,False,False,True
1296,8097,Refroso,Refroso,True,0.756236732006073,2,T1055; T1620,HIGH_CANDIDATE,1,2,4.392864592373371,1.6869815438985825,0.38402766769260743,False,False,False,True
1297,8095,Refroso,Refroso,True,0.9876527786254883,2,T1055; T1620,HIGH_CANDIDATE,2,1,6.583786077797413,2.2182194590568542,0.3369215574207954,False,False,False,True
1298,8052,Refroso,Refroso,True,0.6593942046165466,1,T1620,MEDIUM_CANDIDATE,0,3,3.832705933600664,0.3841921240091324,0.10024043865222924,False,False,False,True
1299,7926,Refroso,Transponder,False,0.29248514771461487,1,T1620,MEDIUM_CANDIDATE,0,3,2.3133877888321877,0.7089813351631165,0.3064688672542076,False,False,False,True
1300,7894,Refroso,Refroso,True,0.9791390299797058,2,T1055; T1620,HIGH_CANDIDATE,2,4,5.876514133065939,2.4276628717780113,0.41311274282793786,False,False,False,True
1301,7911,Refroso,CWS,False,0.21163402497768402,1,T1620,MEDIUM_CANDIDATE,0,1,1.6606418043375015,0.1262170523405075,0.07600498314015447,False,False,False,True
1302,8029,Refroso,Refroso,True,0.40269574522972107,1,T1620,MEDIUM_CANDIDATE,0,3,3.001585055142641,0.6059873104095459,0.20188910168355972,False,False,False,True
1303,8121,Refroso,Refroso,True,0.9267628788948059,2,T1055; T1620,HIGH_CANDIDATE,2,2,5.0412051901221275,2.6137875989079475,0.518484667918194,False,False,False,True
1304,7966,Refroso,Gator,False,0.16986462473869324,2,T1014; T1620,MEDIUM_CANDIDATE,0,3,1.4321629889309406,0.33806993067264557,0.2360554862020299,False,False,False,True
1305,7858,Refroso,Refroso,True,0.9760434031486511,1,T1055,HIGH_CANDIDATE,2,0,6.225186176598072,1.9670960754156113,0.3159899189538113,False,False,False,True
1306,8118,Refroso,Refroso,True,0.7161319255828857,2,T1055; T1620,HIGH_CANDIDATE,1,3,4.02946937456727,0.7865213453769684,0.19519228768463687,False,False,False,True
1307,8115,Refroso,Refroso,True,0.5280371904373169,1,T1620,MEDIUM_CANDIDATE,0,4,3.0883902572095394,0.9227056801319122,0.2987658952679143,False,False,False,True
1308,7916,Refroso,Refroso,True,0.9882263541221619,2,T1055; T1620,HIGH_CANDIDATE,2,3,6.167037300765514,2.062795616686344,0.33448729366859664,False,False,False,True
1309,7988,Refroso,CWS,False,0.20823520421981812,2,T1014; T1620,MEDIUM_CANDIDATE,0,6,1.4599758088588715,0.48817282542586327,0.3343704891983265,False,False,False,True
1310,8014,Refroso,Refroso,True,0.5920195579528809,2,T1014; T1620,MEDIUM_CANDIDATE,0,5,3.7177765890955925,0.7923602238297462,0.21312744454676882,False,False,False,True
1311,7896,Refroso,Refroso,True,0.5415381789207458,2,T1014; T1620,MEDIUM_CANDIDATE,0,3,3.3233342468738556,0.2580418139696121,0.07764545928906881,False,False,False,True
1312,7989,Refroso,Refroso,True,0.5787727236747742,1,T1620,MEDIUM_CANDIDATE,0,4,3.4863164499402046,0.7520299106836319,0.21570902168004005,False,False,False,True
1313,7854,Refroso,Pysa,False,0.2140716165304184,2,T1014; T1620,MEDIUM_CANDIDATE,0,5,1.7461773492395878,0.47843779250979424,0.2739915236663336,False,False,False,True
1314,8109,Refroso,Refroso,True,0.3636363446712494,1,T1620,MEDIUM_CANDIDATE,0,3,2.8186127319931984,0.5282640904188156,0.1874198907933161,False,False,False,True
1315,8081,Refroso,Reconyc,False,0.28806576132774353,2,T1055; T1620,HIGH_CANDIDATE,2,4,2.3466015830636024,1.3320954218506813,0.5676700431231986,False,False,False,True
1316,8117,Refroso,Refroso,True,0.6689971685409546,2,T1055; T1620,HIGH_CANDIDATE,1,1,3.9027386717498302,0.16007481515407562,0.0410160219829181,False,False,False,True
1317,7963,Refroso,Emotet,False,0.22151485085487366,1,T1620,MEDIUM_CANDIDATE,0,1,2.1741415709257126,0.06062621250748634,0.027885126395735458,False,False,False,True
1318,7859,Refroso,Refroso,True,0.974209725856781,2,T1055; T1620,HIGH_CANDIDATE,2,4,5.608514081686735,3.029125839471817,0.5400941845475087,False,False,False,True
1319,8065,Refroso,Refroso,True,0.7367702722549438,1,T1620,MEDIUM_CANDIDATE,0,3,4.266995120793581,0.3146634139120579,0.07374356075043657,False,False,False,True
1320,7837,Refroso,Refroso,True,0.9753526449203491,2,T1055; T1620,HIGH_CANDIDATE,2,4,6.0938614793121815,2.765704423189163,0.4538508846284655,False,False,False,True
1321,7866,Refroso,Refroso,True,0.6278948783874512,1,T1620,MEDIUM_CANDIDATE,0,4,3.777585994452238,0.78894904255867,0.20885005496031603,False,False,False,True
1322,7969,Refroso,Refroso,True,0.9878354668617249,2,T1055; T1620,HIGH_CANDIDATE,2,1,6.584857165813446,2.218176506459713,0.33686023107316637,False,False,False,True
1323,7946,Refroso,Scar,False,0.44547057151794434,3,T1014; T1055; T1620,HIGH_CANDIDATE,1,5,2.317182257771492,0.7783721759915352,0.33591322969135823,False,False,False,True
1324,8023,Refroso,Reconyc,False,0.1853296011686325,2,T1055; T1620,HIGH_CANDIDATE,2,4,1.9578874111175537,1.036369912326336,0.5293306992227814,False,False,False,True
1325,7915,Refroso,Refroso,True,0.9871792793273926,2,T1055; T1620,HIGH_CANDIDATE,1,4,6.254297740757465,2.025704048573971,0.32388992858031657,False,False,False,True
1326,8038,Refroso,Refroso,True,0.985668420791626,2,T1055; T1620,HIGH_CANDIDATE,2,4,6.058151960372925,2.4494421035051346,0.4043216676516568,False,False,False,True
1327,7848,Refroso,Zeus,False,0.15343549847602844,2,T1014; T1620,MEDIUM_CANDIDATE,0,2,1.8248029462993145,0.10043370723724365,0.05503811106888138,False,False,False,True
1328,7904,Refroso,Refroso,True,0.9857221841812134,2,T1055; T1620,HIGH_CANDIDATE,2,4,6.063258200883865,2.457866057753563,0.40537050811975484,False,False,False,True
1329,7855,Refroso,Scar,False,0.2532331049442291,1,T1620,MEDIUM_CANDIDATE,0,5,2.365934878587723,1.1708226799964905,0.49486682435459917,False,False,False,True
1330,7849,Refroso,Shade,False,0.21855252981185913,1,T1620,MEDIUM_CANDIDATE,0,2,1.5516046807169914,0.17647651582956314,0.11373806616000534,False,False,False,True
1331,7919,Refroso,Refroso,True,0.40108972787857056,1,T1620,MEDIUM_CANDIDATE,0,4,3.3861164525151253,0.7395686656236649,0.2184120587684842,False,False,False,True
1332,8015,Refroso,Reconyc,False,0.1951369047164917,2,T1055; T1620,HIGH_CANDIDATE,2,4,1.9406349658966064,1.0597207993268967,0.5460691051896448,False,False,False,True
1333,8072,Refroso,Refroso,True,0.3297401964664459,1,T1055,HIGH_CANDIDATE,2,0,3.7206561863422394,2.023391932249069,0.5438266345803526,False,False,False,True
1334,8048,Refroso,180solutions,False,0.17581844329833984,3,T1014; T1055; T1620,HIGH_CANDIDATE,1,3,1.5088198967278004,0.4979969374835491,0.33005724444883205,False,False,False,True
1335,8092,Refroso,Refroso,True,0.9267158508300781,2,T1055; T1620,HIGH_CANDIDATE,2,3,4.9564638659358025,2.308850087225437,0.46582607069798865,False,False,False,True
1336,7872,Refroso,Refroso,True,0.3129522502422333,1,T1620,MEDIUM_CANDIDATE,0,3,2.7617731764912605,0.8564169332385063,0.3100967670076929,False,False,False,True
1337,7950,Refroso,Refroso,True,0.24825681746006012,1,T1620,MEDIUM_CANDIDATE,0,4,2.6912394538521767,0.8894828259944916,0.33051047342565776,False,False,False,True
1338,7924,Refroso,Refroso,True,0.976534366607666,2,T1055; T1620,HIGH_CANDIDATE,1,4,5.9724791795015335,1.8827375322580338,0.31523551203324046,False,False,False,True
1339,8061,Refroso,Refroso,True,0.7129389643669128,1,T1620,MEDIUM_CANDIDATE,0,3,4.169938407838345,0.5694196075201035,0.1365534815693561,False,False,False,True
1340,7918,Refroso,Refroso,True,0.36898455023765564,1,T1620,MEDIUM_CANDIDATE,0,3,2.885388232767582,0.5929002910852432,0.20548371423714798,False,False,False,True
1341,8100,Refroso,Refroso,True,0.6493791341781616,2,T1055; T1620,HIGH_CANDIDATE,1,3,4.5073975175619125,1.4590358436107635,0.32369806255738626,False,False,False,True
1342,7929,Refroso,Refroso,True,0.2308381348848343,1,T1620,MEDIUM_CANDIDATE,0,2,2.6160103119909763,0.20211083814501762,0.07725919015632489,False,False,False,True
1343,8053,Refroso,Refroso,True,0.9705266356468201,2,T1055; T1620,HIGH_CANDIDATE,2,5,5.783985897898674,2.258328750729561,0.3904450651496251,False,False,False,True
1344,8050,Refroso,Refroso,True,0.6406953930854797,2,T1014; T1620,MEDIUM_CANDIDATE,0,5,3.7644747868180275,0.6334783956408501,0.1682780285470596,False,False,False,True
1345,8043,Refroso,Scar,False,0.2365991771221161,1,T1620,MEDIUM_CANDIDATE,0,3,2.233936071395874,0.994385689496994,0.44512719152059377,False,False,False,True
1346,8041,Refroso,Refroso,True,0.5349210500717163,2,T1014; T1620,MEDIUM_CANDIDATE,0,5,3.56452164798975,0.7736803665757179,0.21705026451783319,False,False,False,True
1347,7853,Refroso,Refroso,True,0.959378182888031,2,T1055; T1620,HIGH_CANDIDATE,2,3,5.310025233775377,2.689248025417328,0.5064473156006639,False,False,False,True
1348,8049,Refroso,Refroso,True,0.9835948348045349,2,T1055; T1620,HIGH_CANDIDATE,2,4,6.0235679261386395,2.433948650956154,0.40407092288181723,False,False,False,True
1349,7976,Refroso,Refroso,True,0.9773798584938049,2,T1055; T1620,HIGH_CANDIDATE,2,4,5.845230862498283,2.4273545295000076,0.415270942517152,False,False,False,True
1350,7899,Refroso,Refroso,True,0.9786491990089417,2,T1055; T1620,HIGH_CANDIDATE,2,2,5.804591096937656,2.028323397040367,0.34943432933810875,False,False,False,True
1351,7851,Refroso,Refroso,True,0.7868718504905701,1,T1620,MEDIUM_CANDIDATE,0,4,4.219717729836702,1.15920739620924,0.274712070907667,False,False,False,True
1352,8076,Refroso,Refroso,True,0.6776962876319885,1,T1620,MEDIUM_CANDIDATE,0,3,4.074261091649532,0.5577096790075302,0.13688609209424332,False,False,False,True
1353,7842,Refroso,180solutions,False,0.18888577818870544,1,T1055,HIGH_CANDIDATE,1,0,1.194237396121025,0.05193052068352699,0.04348425267220849,False,False,False,True
1354,7990,Refroso,Pysa,False,0.3161143362522125,2,T1014; T1620,MEDIUM_CANDIDATE,0,3,2.304128833115101,0.3664214611053467,0.1590282000898178,False,False,False,True
1355,7835,Refroso,Refroso,True,0.9881106615066528,2,T1055; T1620,HIGH_CANDIDATE,2,1,6.460913918912411,2.1722961142659187,0.3362211819456634,False,False,False,True
1356,7981,Refroso,Refroso,True,0.9874846339225769,2,T1055; T1620,HIGH_CANDIDATE,2,1,6.56415718048811,2.175354167819023,0.33139885411111747,False,False,False,True
1357,8090,Refroso,Ako,False,0.2839199900627136,0,,CONTEXT_ONLY,0,0,1.5974535085260868,0.0,0.0,False,False,False,True
1358,8074,Refroso,Refroso,True,0.9838788509368896,2,T1055; T1620,HIGH_CANDIDATE,2,4,6.0909163393080235,2.7046321406960487,0.4440435543731859,False,False,False,True
1359,7975,Refroso,Refroso,True,0.6970788240432739,1,T1620,MEDIUM_CANDIDATE,0,4,3.795140467584133,0.7982124984264374,0.21032488922196713,False,False,False,True
1360,7903,Refroso,Refroso,True,0.9845097661018372,2,T1055; T1620,HIGH_CANDIDATE,2,4,6.117728140205145,2.4309184961020947,0.3973564108098107,False,False,False,True
1361,8069,Refroso,Refroso,True,0.7292876243591309,1,T1620,MEDIUM_CANDIDATE,0,4,4.064611971378326,0.4353126436471939,0.1070982043827366,False,False,False,True
1362,7888,Refroso,Refroso,True,0.7404133677482605,1,T1620,MEDIUM_CANDIDATE,0,1,4.1660828068852425,0.23216287791728973,0.055726899507037284,False,False,False,True
1363,7890,Refroso,Refroso,True,0.9654656052589417,2,T1055; T1620,HIGH_CANDIDATE,2,5,5.862342692911625,2.3024468570947647,0.3927520067836939,False,False,False,True
1364,8019,Refroso,Refroso,True,0.4939091205596924,1,T1620,MEDIUM_CANDIDATE,0,4,3.229775421321392,0.5170373842120171,0.16008462408834684,False,False,False,True
1365,7968,Refroso,Refroso,True,0.7359562516212463,1,T1620,MEDIUM_CANDIDATE,0,4,4.146003685891628,1.1256433129310608,0.27150079889255646,False,False,False,True
1366,8108,Refroso,180solutions,False,0.14669232070446014,2,T1014; T1055,HIGH_CANDIDATE,1,1,1.43702157959342,0.22367661446332932,0.15565292660853058,False,False,False,True
1367,7967,Refroso,Refroso,True,0.7053049206733704,1,T1620,MEDIUM_CANDIDATE,0,3,3.9094252325594425,0.3687126934528351,0.09431378566394641,False,False,False,True
1368,7900,Refroso,Refroso,True,0.45432132482528687,2,T1014; T1620,MEDIUM_CANDIDATE,0,5,3.366923324763775,0.5762795135378838,0.1711590844078149,False,False,False,True
1369,7932,Refroso,Refroso,True,0.9844098091125488,2,T1055; T1620,HIGH_CANDIDATE,2,2,6.234548732638359,2.624330945312977,0.42093358442679185,False,False,False,True
1370,8046,Refroso,Refroso,True,0.6297827363014221,1,T1620,MEDIUM_CANDIDATE,0,3,3.7347107008099556,0.6492107287049294,0.17383159787025365,False,False,False,True
1371,8031,Refroso,Refroso,True,0.4273921251296997,1,T1620,MEDIUM_CANDIDATE,0,3,2.9305170476436615,0.5597619563341141,0.19101132913872704,False,False,False,True
1372,7971,Refroso,Refroso,True,0.6632549166679382,1,T1620,MEDIUM_CANDIDATE,0,4,3.8323543444275856,0.7909247577190399,0.2063809049570481,False,False,False,True
1373,8005,Refroso,Refroso,True,0.9814683198928833,2,T1055; T1620,HIGH_CANDIDATE,2,2,6.052080638706684,2.731642909348011,0.451356000096482,False,False,False,True
1374,8083,Refroso,Refroso,True,0.9682425856590271,2,T1055; T1620,HIGH_CANDIDATE,2,4,5.840088114142418,2.248483292758465,0.38500845343643264,False,False,False,True
1375,8283,Scar,Refroso,False,0.4481852054595947,1,T1620,MEDIUM_CANDIDATE,0,4,2.916922476142645,0.8863107711076736,0.30385132904859924,False,False,False,True
1376,8363,Scar,Scar,True,0.5140751600265503,2,T1055; T1620,HIGH_CANDIDATE,2,2,1.9750483594834805,0.7701679766178131,0.3899489209566642,False,False,False,True
1377,8420,Scar,Scar,True,0.3843934237957001,1,T1620,MEDIUM_CANDIDATE,0,5,2.419458646327257,0.8317621722817421,0.34378028057820237,False,False,False,True
1378,8145,Scar,Scar,True,0.854090690612793,2,T1014; T1620,MEDIUM_CANDIDATE,0,6,3.8951235860586166,1.0350605696439743,0.26573240791348746,False,False,False,True
1379,8421,Scar,Scar,True,0.7671823501586914,1,T1620,MEDIUM_CANDIDATE,0,5,3.1067004278302193,1.006672739982605,0.32403276832381456,False,False,False,True
1380,8384,Scar,Scar,True,0.4562731683254242,1,T1620,MEDIUM_CANDIDATE,0,2,2.3096268475055695,0.3459576740860939,0.1497894235424797,False,False,False,True
1381,8205,Scar,Scar,True,0.8767061829566956,1,T1620,MEDIUM_CANDIDATE,0,5,4.377089865505695,0.7061568275094032,0.1613302100727647,False,False,False,True
1382,8211,Scar,Refroso,False,0.2424291968345642,1,T1620,MEDIUM_CANDIDATE,0,3,2.6565966829657555,0.5574193969368935,0.2098246228007049,False,False,False,True
1383,8369,Scar,Scar,True,0.4940779209136963,1,T1620,MEDIUM_CANDIDATE,0,6,2.5307174250483513,0.8926444873213768,0.35272388710261565,False,False,False,True
1384,8320,Scar,Scar,True,0.6305137276649475,1,T1620,MEDIUM_CANDIDATE,0,5,2.7100758217275143,0.9162879139184952,0.3381041617257835,False,False,False,True
1385,8181,Scar,Shade,False,0.4434742033481598,2,T1055; T1620,HIGH_CANDIDATE,1,3,2.4596972912549973,0.4656950458884239,0.18933022674949362,False,False,False,True
1386,8324,Scar,Scar,True,0.2897332012653351,1,T1620,MEDIUM_CANDIDATE,0,3,2.3697672337293625,1.0087193846702576,0.42566179931638704,False,False,False,True
1387,8256,Scar,Zeus,False,0.24153010547161102,2,T1014; T1620,MEDIUM_CANDIDATE,0,2,2.196478895843029,0.10534250736236572,0.04795971751048138,False,False,False,True
1388,8262,Scar,Scar,True,0.4452444612979889,1,T1620,MEDIUM_CANDIDATE,0,5,2.4771359115839005,0.9183861762285233,0.3707451706359139,False,False,False,True
1389,8376,Scar,Scar,True,0.34151798486709595,2,T1055; T1620,HIGH_CANDIDATE,1,6,1.9906885623931885,0.7838756516575813,0.39377111340571164,False,False,False,True
1390,8405,Scar,Scar,True,0.4106103777885437,1,T1620,MEDIUM_CANDIDATE,0,5,2.6323728896677494,0.7767310217022896,0.2950687665683741,False,False,False,True
1391,8450,Scar,Refroso,False,0.2801842987537384,1,T1620,MEDIUM_CANDIDATE,0,3,2.916050262749195,0.8957370966672897,0.3071747795673475,False,False,False,True
1392,8198,Scar,Scar,True,0.5026532411575317,1,T1055,HIGH_CANDIDATE,1,0,2.9460304491221905,0.07044759392738342,0.023912717517354323,False,False,False,True
1393,8142,Scar,Conti,False,0.23384462296962738,3,T1014; T1055; T1620,HIGH_CANDIDATE,2,3,1.5160590633749962,0.6736592873930931,0.4443489727197152,False,False,False,True
1394,8309,Scar,CWS,False,0.13526523113250732,1,T1620,MEDIUM_CANDIDATE,0,2,1.0569941848516464,0.12086978554725647,0.11435236567949619,False,False,False,True
1395,8401,Scar,Emotet,False,0.23550714552402496,0,,CONTEXT_ONLY,0,0,1.7927614077925682,0.0,0.0,False,False,False,True
1396,8270,Scar,Scar,True,0.5084866285324097,2,T1014; T1620,MEDIUM_CANDIDATE,0,6,3.182618137449026,1.595056463032961,0.5011774564671624,False,False,False,True
1397,8442,Scar,Scar,True,0.2235322892665863,1,T1620,MEDIUM_CANDIDATE,0,3,1.5995637383311987,0.4769725352525711,0.2981891398402101,False,False,False,True
1398,8240,Scar,Refroso,False,0.6363807320594788,1,T1620,MEDIUM_CANDIDATE,0,4,3.665383752435446,0.7732332348823547,0.2109556016797924,False,False,False,True
1399,8314,Scar,Scar,True,0.44501468539237976,2,T1055; T1620,HIGH_CANDIDATE,1,5,2.5908709168434143,0.8029648438096046,0.3099208218323344,False,False,False,True
1400,8247,Scar,Scar,True,0.5674920678138733,2,T1055; T1620,HIGH_CANDIDATE,1,5,2.757388100028038,1.57219810038805,0.5701765741181168,False,False,False,True
1401,8365,Scar,Scar,True,0.7113785147666931,2,T1055; T1620,HIGH_CANDIDATE,1,4,2.888357326388359,0.8906759470701218,0.3083676451430734,False,False,False,True
1402,8150,Scar,Scar,True,0.2681800127029419,2,T1055; T1620,HIGH_CANDIDATE,1,4,2.186478976160288,0.7443076185882092,0.3404138007744763,False,False,False,True
1403,8348,Scar,Scar,True,0.2711580991744995,1,T1620,MEDIUM_CANDIDATE,0,2,2.0244532600045204,0.2753470316529274,0.13601056497215083,False,False,False,True
1404,8404,Scar,Zeus,False,0.23199813067913055,1,T1620,MEDIUM_CANDIDATE,0,4,2.148873705416918,0.4065145142376423,0.18917561940140712,False,False,False,True
1405,8286,Scar,Scar,True,0.67107754945755,2,T1055; T1620,HIGH_CANDIDATE,1,6,2.9227998852729797,1.0624271482229233,0.3634963698938616,False,False,False,True
1406,8216,Scar,Scar,True,0.32434430718421936,1,T1620,MEDIUM_CANDIDATE,0,2,2.4891063533723354,0.4429997503757477,0.17797542068684805,False,False,False,True
1407,8235,Scar,Scar,True,0.9117692708969116,1,T1620,MEDIUM_CANDIDATE,0,5,4.017534106969833,0.8751576095819473,0.21783451895621173,False,False,False,True
1408,8383,Scar,Scar,True,0.388234406709671,1,T1620,MEDIUM_CANDIDATE,0,5,2.5581495240330696,0.5850779935717583,0.22871141349445018,False,False,False,True
1409,8371,Scar,Scar,True,0.3535633385181427,1,T1620,MEDIUM_CANDIDATE,0,6,2.0392876639962196,0.8049546629190445,0.39472345031580436,False,False,False,True
1410,8366,Scar,Scar,True,0.2362840473651886,1,T1620,MEDIUM_CANDIDATE,0,5,1.9670797400176525,0.8071964681148529,0.41035269272185637,False,False,False,True
1411,8299,Scar,Transponder,False,0.2929416596889496,1,T1620,MEDIUM_CANDIDATE,0,3,2.286590848118067,0.7170363888144493,0.313583162201752,False,False,False,True
1412,8367,Scar,Scar,True,0.5115013122558594,1,T1620,MEDIUM_CANDIDATE,0,4,2.8069802448153496,1.0824140459299088,0.3856151278332608,False,False,False,True
1413,8164,Scar,Conti,False,0.15807299315929413,3,T1014; T1055; T1620,HIGH_CANDIDATE,1,3,1.527949269860983,0.5446623228490353,0.3564662345750459,False,False,False,True
1414,8203,Scar,Transponder,False,0.3425084352493286,1,T1620,MEDIUM_CANDIDATE,0,3,2.5860508047044277,0.7396536469459534,0.2860166728358192,False,False,False,True
1415,8156,Scar,Emotet,False,0.12453435361385345,2,T1014; T1620,MEDIUM_CANDIDATE,0,3,1.2236361056566238,0.20784611999988556,0.16985942065541765,False,False,False,True
1416,8224,Scar,CWS,False,0.15779952704906464,2,T1014; T1620,MEDIUM_CANDIDATE,0,3,1.1445803083479404,0.21304580196738243,0.18613442885007134,False,False,False,True
1417,8215,Scar,Reconyc,False,0.19006070494651794,3,T1014; T1055; T1620,HIGH_CANDIDATE,2,4,1.785583384335041,0.7135739736258984,0.39963072006947264,False,False,False,True
1418,8249,Scar,Refroso,False,0.5146050453186035,2,T1014; T1620,MEDIUM_CANDIDATE,0,5,3.542998008430004,0.7637965977191925,0.2155791778324061,False,False,False,True
1419,8152,Scar,Scar,True,0.36559170484542847,2,T1055; T1620,HIGH_CANDIDATE,1,3,2.1283481791615486,0.41357846930623055,0.19431899035859704,False,False,False,True
1420,8126,Scar,Reconyc,False,0.2735194265842438,2,T1055; T1620,HIGH_CANDIDATE,2,1,2.6748511344194412,0.6764099448919296,0.25287760361241185,False,False,False,True
1421,8140,Scar,Scar,True,0.8428070545196533,1,T1620,MEDIUM_CANDIDATE,0,5,3.998136527836323,0.853418342769146,0.2134540271017187,False,False,False,True
1422,8267,Scar,CWS,False,0.2647884786128998,2,T1014; T1620,MEDIUM_CANDIDATE,0,4,1.976407490670681,0.48818548768758774,0.24700649536696764,False,False,False,True
1423,8172,Scar,Scar,True,0.4900771677494049,1,T1620,MEDIUM_CANDIDATE,0,3,3.34567978233099,0.432975709438324,0.12941337414445048,False,False,False,True
1424,8395,Scar,Scar,True,0.6657010316848755,1,T1620,MEDIUM_CANDIDATE,0,5,2.966712575405836,0.9668573141098022,0.32590191652709716,False,False,False,True
1425,8155,Scar,180solutions,False,0.18055550754070282,1,T1620,MEDIUM_CANDIDATE,0,1,1.6760042533278465,0.0544462576508522,0.032485751478699774,False,False,False,True
1426,8188,Scar,180solutions,False,0.13835258781909943,1,T1620,MEDIUM_CANDIDATE,0,2,1.2715977169573307,0.11968774348497391,0.0941239056101499,False,False,False,True
1427,8136,Scar,Reconyc,False,0.3370335102081299,2,T1055; T1620,HIGH_CANDIDATE,2,4,2.6811334416270256,1.6334141492843628,0.6092252343445979,False,False,False,True
1428,8143,Scar,Scar,True,0.7362436056137085,1,T1620,MEDIUM_CANDIDATE,0,6,3.2310371473431587,1.0651706904172897,0.329668351629187,False,False,False,True
1429,8154,Scar,Scar,True,0.7729510068893433,2,T1055; T1620,HIGH_CANDIDATE,1,5,3.214099671691656,0.9738079272210598,0.30298000270430997,False,False,False,True
1430,8292,Scar,Pysa,False,0.1607709676027298,1,T1620,MEDIUM_CANDIDATE,0,2,1.6322904229164124,0.32353153824806213,0.19820709213621956,False,False,False,True
1431,8217,Scar,Emotet,False,0.34177982807159424,2,T1014; T1620,MEDIUM_CANDIDATE,0,2,2.3059255182743073,0.1964058354496956,0.08517440563157497,False,False,False,True
1432,8396,Scar,Scar,True,0.6460139751434326,1,T1620,MEDIUM_CANDIDATE,0,5,2.936582963913679,0.9556412100791931,0.32542625964348004,False,False,False,True
1433,8332,Scar,Refroso,False,0.2117382287979126,1,T1620,MEDIUM_CANDIDATE,0,4,2.1635369658470154,0.5454384312033653,0.2521049743145149,False,False,False,True
1434,8222,Scar,Scar,True,0.27634498476982117,1,T1620,MEDIUM_CANDIDATE,0,3,2.3510389551520348,1.027767300605774,0.43715451773078395,False,False,False,True
1435,8400,Scar,Pysa,False,0.14413392543792725,1,T1620,MEDIUM_CANDIDATE,0,3,1.2810203582048416,0.37539197504520416,0.29304138114655714,False,False,False,True
1436,8192,Scar,Scar,True,0.31900519132614136,1,T1620,MEDIUM_CANDIDATE,0,2,1.9832621105015278,0.4065389782190323,0.20498499722572053,False,False,False,True
1437,8436,Scar,Reconyc,False,0.5778980255126953,2,T1055; T1620,HIGH_CANDIDATE,2,4,3.478102147579193,1.4773723259568214,0.42476392678262564,False,False,False,True
1438,8179,Scar,Shade,False,0.22599628567695618,2,T1055; T1620,HIGH_CANDIDATE,2,2,1.8628378547728062,0.39851951971650124,0.21393140508469274,False,False,False,True
1439,8162,Scar,Scar,True,0.3978338837623596,2,T1014; T1620,MEDIUM_CANDIDATE,0,5,2.7167836613953114,1.1369021199643612,0.4184735561095285,False,False,False,True
1440,8347,Scar,Scar,True,0.3211211860179901,1,T1620,MEDIUM_CANDIDATE,0,2,2.0999546013772488,0.2720436081290245,0.1295473759054627,False,False,False,True
1441,8377,Scar,Emotet,False,0.230805903673172,1,T1014,MEDIUM_CANDIDATE,0,2,2.069054491817951,0.15080536156892776,0.0728861236691859,False,False,False,True
1442,8166,Scar,Refroso,False,0.2918621599674225,1,T1620,MEDIUM_CANDIDATE,0,4,2.7550357915461063,0.9453584998846054,0.34313837329644165,False,False,False,True
1443,8226,Scar,Refroso,False,0.20221291482448578,1,T1620,MEDIUM_CANDIDATE,0,3,2.258413143455982,0.3708868697285652,0.16422454447861037,False,False,False,True
1444,8252,Scar,Transponder,False,0.2868807911872864,2,T1014; T1620,MEDIUM_CANDIDATE,0,4,1.8760265931487083,0.3510895147919655,0.18714527612463083,False,False,False,True
1445,8443,Scar,Conti,False,0.1708667278289795,3,T1014; T1055; T1620,HIGH_CANDIDATE,1,4,1.1631425209343433,0.7581721432507038,0.6518308200457413,False,False,False,True
1446,8212,Scar,Scar,True,0.392710417509079,1,T1620,MEDIUM_CANDIDATE,0,5,2.4532650113105774,0.9126996472477913,0.37203467340049456,False,False,False,True
1447,8408,Scar,Reconyc,False,0.3403703272342682,2,T1055; T1620,HIGH_CANDIDATE,2,1,2.6359407752752304,0.7070610597729683,0.2682385986836677,False,False,False,True
1448,8134,Scar,Emotet,False,0.265930712223053,1,T1620,MEDIUM_CANDIDATE,0,2,3.302908733487129,0.2661488503217697,0.08058014065704333,False,False,False,True
1449,8357,Scar,Scar,True,0.25263363122940063,1,T1620,MEDIUM_CANDIDATE,0,2,1.8936396837234497,0.30707433074712753,0.1621609081107392,False,False,False,True
1450,8328,Scar,Scar,True,0.8642299175262451,2,T1055; T1620,HIGH_CANDIDATE,1,4,3.940320633351803,1.8038826659321785,0.4578009846873095,False,False,False,True
1451,8200,Scar,Transponder,False,0.2262621372938156,1,T1620,MEDIUM_CANDIDATE,0,2,1.3414911776781082,0.21242133155465126,0.1583471699920653,False,False,False,True
1452,8174,Scar,Scar,True,0.5311332941055298,1,T1620,MEDIUM_CANDIDATE,0,5,3.3510499708354473,1.063597522675991,0.31739231940215634,False,False,False,True
1453,8303,Scar,Maze,False,0.16461972892284393,1,T1620,MEDIUM_CANDIDATE,0,1,1.8890614956617355,0.40259450674057007,0.2131187934670924,False,False,False,True
1454,8364,Scar,Scar,True,0.8513463735580444,2,T1055; T1620,HIGH_CANDIDATE,1,4,3.5096281990408897,0.6871704757213593,0.19579580421343465,False,False,False,True
1455,8331,Scar,Scar,True,0.25366076827049255,2,T1014; T1620,MEDIUM_CANDIDATE,0,2,1.8761625364422798,0.25006629526615143,0.1332860508665448,False,False,False,True
1456,8414,Scar,Scar,True,0.4797189235687256,1,T1620,MEDIUM_CANDIDATE,0,3,2.8929546140134335,0.4943092465400696,0.17086657500454455,False,False,False,True
1457,8372,Scar,Scar,True,0.8041917085647583,2,T1055; T1620,HIGH_CANDIDATE,1,5,3.3889434412121773,0.7389564886689186,0.218049224334238,False,False,False,True
1458,8163,Scar,Shade,False,0.26729723811149597,2,T1055; T1620,HIGH_CANDIDATE,1,4,1.8884662352502346,0.563077162951231,0.2981663915619966,False,False,False,True
1459,8434,Scar,Reconyc,False,0.3507716953754425,2,T1055; T1620,HIGH_CANDIDATE,2,2,2.6237227730453014,0.604919295758009,0.23055762673275557,False,False,False,True
1460,8317,Scar,Scar,True,0.43692368268966675,2,T1055; T1620,HIGH_CANDIDATE,1,4,2.377621054649353,0.9550911858677864,0.40170033992596915,False,False,False,True
1461,8449,Scar,Conti,False,0.15271969139575958,3,T1014; T1055; T1620,HIGH_CANDIDATE,1,4,1.5971179381012917,0.7901095002889633,0.49470955240054,False,False,False,True
1462,8178,Scar,CWS,False,0.21571782231330872,0,,CONTEXT_ONLY,0,0,1.838403508067131,0.0,0.0,False,False,False,True
1463,8360,Scar,Scar,True,0.24768908321857452,1,T1620,MEDIUM_CANDIDATE,0,3,2.227978803217411,0.984711542725563,0.4419752743174876,False,False,False,True
1464,8271,Scar,Shade,False,0.2509637773036957,2,T1055; T1620,HIGH_CANDIDATE,1,4,2.029879167675972,0.6283467635512352,0.3095488507676225,False,False,False,True
1465,8206,Scar,Scar,True,0.9068095088005066,1,T1620,MEDIUM_CANDIDATE,0,5,4.505204115062952,0.7443093359470367,0.16521101307229813,False,False,False,True
1466,8394,Scar,Scar,True,0.5873759388923645,1,T1620,MEDIUM_CANDIDATE,0,5,2.677294410765171,0.895050972700119,0.3343117473749603,False,False,False,True
1467,8398,Scar,Reconyc,False,0.6730747222900391,2,T1055; T1620,HIGH_CANDIDATE,2,4,3.72270230948925,2.0938669592142105,0.5624588766813016,False,False,False,True
1468,8344,Scar,Scar,True,0.6340510249137878,1,T1620,MEDIUM_CANDIDATE,0,4,3.0666976161301136,1.115962564945221,0.36389716386627696,False,False,False,True
1469,8456,Scar,Scar,True,0.7677379846572876,1,T1620,MEDIUM_CANDIDATE,0,5,3.12302815169096,0.9120704680681229,0.2920468288363918,False,False,False,True
1470,8424,Scar,Scar,True,0.8634918332099915,2,T1014; T1620,MEDIUM_CANDIDATE,0,8,3.9596870839595795,2.1359399259090424,0.5394213938170994,False,False,False,True
1471,8260,Scar,Scar,True,0.3436092138290405,2,T1014; T1620,MEDIUM_CANDIDATE,0,3,2.480275832116604,0.25445324927568436,0.10259070623549982,False,False,False,True
1472,8392,Scar,Scar,True,0.6905003190040588,2,T1014; T1620,MEDIUM_CANDIDATE,0,8,2.612520955502987,0.9959402456879616,0.38121808883106695,False,False,False,True
1473,8429,Scar,CWS,False,0.21288786828517914,1,T1620,MEDIUM_CANDIDATE,0,2,1.4434153214097023,0.2093021124601364,0.14500477399375453,False,False,False,True
1474,8189,Scar,Refroso,False,0.25684255361557007,1,T1620,MEDIUM_CANDIDATE,0,3,2.4148831516504288,0.8504546880722046,0.3521721899840038,False,False,False,True
1475,8272,Scar,Scar,True,0.5419718027114868,1,T1620,MEDIUM_CANDIDATE,0,2,2.9988098219037056,0.2400309219956398,0.08004206210157845,False,False,False,True
1476,8213,Scar,Reconyc,False,0.6445617079734802,3,T1014; T1055; T1620,HIGH_CANDIDATE,1,5,3.6846330016851425,1.6208992525935173,0.439907923489859,False,False,False,True
1477,8241,Scar,Refroso,False,0.7798346281051636,1,T1620,MEDIUM_CANDIDATE,0,3,4.181027926504612,0.5455979108810425,0.1304937255793861,False,False,False,True
1478,8350,Scar,Scar,True,0.42926594614982605,1,T1620,MEDIUM_CANDIDATE,0,3,3.0950549244880676,0.30430732667446136,0.09832049320572067,False,False,False,True
1479,8255,Scar,Scar,True,0.5309592485427856,1,T1620,MEDIUM_CANDIDATE,0,5,2.7519944608211517,0.5231475383043289,0.19009759857882488,False,False,False,True
1480,8168,Scar,Conti,False,0.17170874774456024,2,T1055; T1620,HIGH_CANDIDATE,1,1,1.24193125218153,0.5182279124855995,0.4172758448386734,False,False,False,True
1481,8233,Scar,Reconyc,False,0.25004902482032776,2,T1055; T1620,HIGH_CANDIDATE,2,3,2.427328459918499,1.2871039658784866,0.5302553762838108,False,False,False,True
1482,8312,Scar,Scar,True,0.35170337557792664,1,T1620,MEDIUM_CANDIDATE,0,5,2.158805191516876,0.6914560794830322,0.3202957275627002,False,False,False,True
1483,8460,Scar,Scar,True,0.6090598106384277,1,T1620,MEDIUM_CANDIDATE,0,3,3.5254265293478966,0.5930607616901398,0.16822383242229674,False,False,False,True
1484,8444,Scar,Pysa,False,0.15950484573841095,1,T1620,MEDIUM_CANDIDATE,0,2,1.4101804159581661,0.34265661239624023,0.24298778264015075,False,False,False,True
1485,8433,Scar,Reconyc,False,0.5210021138191223,2,T1055; T1620,HIGH_CANDIDATE,2,4,3.4974779784679413,1.4758474230766296,0.42197475785769484,False,False,False,True
1486,8273,Scar,TIBS,False,0.48624587059020996,2,T1055; T1620,HIGH_CANDIDATE,1,2,3.5356004163622856,0.3876315578818321,0.10963669878754544,False,False,False,True
1487,8182,Scar,Shade,False,0.25725057721138,2,T1055; T1620,HIGH_CANDIDATE,1,1,1.9087522439658642,0.09896120056509972,0.05184601662051511,False,False,False,True
1488,8278,Scar,Scar,True,0.3120167553424835,2,T1055; T1620,HIGH_CANDIDATE,1,5,2.4915934577584267,1.259162537753582,0.5053643618435222,False,False,False,True
1489,8340,Scar,Refroso,False,0.30545711517333984,2,T1014; T1620,MEDIUM_CANDIDATE,0,4,2.7533510848879814,0.37845899909734726,0.13745395608084782,False,False,False,True
1490,8173,Scar,Scar,True,0.34517624974250793,1,T1620,MEDIUM_CANDIDATE,0,5,2.8571489863097668,0.6469918675720692,0.22644666787492598,False,False,False,True
1491,8244,Scar,Shade,False,0.32231149077415466,2,T1055; T1620,HIGH_CANDIDATE,1,3,1.9563328102231026,0.3743963837623596,0.19137663172947705,False,False,False,True
1492,8362,Scar,Shade,False,0.3410945236682892,2,T1055; T1620,HIGH_CANDIDATE,1,4,2.1817061714828014,0.6641706824302673,0.30442719148512204,False,False,False,True
1493,8175,Scar,Scar,True,0.7732357978820801,1,T1620,MEDIUM_CANDIDATE,0,5,3.1096360087394714,1.0213732719421387,0.3284542850261644,False,False,False,True
1494,8133,Scar,Maze,False,0.6156343221664429,1,T1620,MEDIUM_CANDIDATE,0,5,3.3260969892144203,1.5737923458218575,0.47316489895670966,False,False,False,True
1495,8441,Scar,Conti,False,0.20857994258403778,3,T1014; T1055; T1620,HIGH_CANDIDATE,1,4,1.3699989430606365,0.7498426772654057,0.5473308436211088,False,False,False,True
1496,8208,Scar,Transponder,False,0.37972962856292725,1,T1620,MEDIUM_CANDIDATE,0,3,2.3617257550358772,0.7209407761693001,0.3052601575911375,False,False,False,True
1497,8351,Scar,Scar,True,0.25122636556625366,1,T1055,HIGH_CANDIDATE,1,0,1.7591110561043024,0.025212474167346954,0.014332508501869162,False,False,False,True
1498,8330,Scar,Gator,False,0.24022816121578217,2,T1014; T1620,MEDIUM_CANDIDATE,0,5,1.8690738715231419,0.5077349506318569,0.2716505529115843,False,False,False,True
1499,8342,Scar,Scar,True,0.21898780763149261,1,T1620,MEDIUM_CANDIDATE,0,2,1.69122826308012,0.3325635567307472,0.19664025489088718,False,False,False,True
1500,9367,Shade,Shade,True,0.21830686926841736,1,T1620,MEDIUM_CANDIDATE,0,3,1.360484603792429,0.27661115676164627,0.2033181088492856,False,False,False,True
1501,9335,Shade,Maze,False,0.4509885609149933,1,T1620,MEDIUM_CANDIDATE,0,3,2.881885215640068,1.2343753427267075,0.4283221746750077,False,False,False,True
1502,9135,Shade,Shade,True,0.7456272840499878,2,T1014; T1055,HIGH_CANDIDATE,1,2,3.8999094888567924,0.43001364171504974,0.11026246710179488,False,False,False,True
1503,9328,Shade,Scar,False,0.21634215116500854,2,T1014; T1620,MEDIUM_CANDIDATE,0,4,2.090585358440876,0.4445798024535179,0.21265804845446645,False,False,False,True
1504,9225,Shade,Shade,True,0.29639682173728943,2,T1055; T1620,HIGH_CANDIDATE,1,1,2.092780079692602,0.23061086982488632,0.11019355166012455,False,False,False,True
1505,9258,Shade,Zeus,False,0.27266570925712585,2,T1014; T1620,MEDIUM_CANDIDATE,0,2,1.9357931390404701,0.10521640256047249,0.05435312298535469,False,False,False,True
1506,9133,Shade,Emotet,False,0.3570648431777954,2,T1014; T1620,MEDIUM_CANDIDATE,0,6,2.0514614805579185,0.7294019758701324,0.3555523624415132,False,False,False,True
1507,9249,Shade,Shade,True,0.24104616045951843,2,T1055; T1620,HIGH_CANDIDATE,1,3,2.0477166436612606,0.40773405507206917,0.19911644334884732,False,False,False,True
1508,9130,Shade,Shade,True,0.556614100933075,2,T1055; T1620,HIGH_CANDIDATE,1,4,2.452684074640274,0.6923654973506927,0.28228890320994127,False,False,False,True
1509,9188,Shade,Shade,True,0.26496535539627075,1,T1620,MEDIUM_CANDIDATE,0,4,2.051943428814411,0.2477121502161026,0.12072075025929334,False,False,False,True
1510,9268,Shade,Ako,False,0.2035970687866211,2,T1014; T1620,MEDIUM_CANDIDATE,0,2,1.8404710106551647,0.27970176935195923,0.15197292852354785,False,False,False,True
1511,9096,Shade,Transponder,False,0.1807231605052948,2,T1014; T1620,MEDIUM_CANDIDATE,0,6,1.2994502037763596,0.8422612696886063,0.6481674074473135,False,False,False,True
1512,9288,Shade,Shade,True,0.4095204472541809,2,T1055; T1620,HIGH_CANDIDATE,1,3,2.9224940091371536,0.5030406340956688,0.17212717375054196,False,False,False,True
1513,5615,Shade,180solutions,False,0.21275246143341064,2,T1055; T1620,HIGH_CANDIDATE,1,4,1.3797383941709995,0.4203784614801407,0.3046798315217722,False,False,False,True
1514,5620,Shade,Shade,True,0.9085894227027893,3,T1014; T1055; T1620,HIGH_CANDIDATE,2,2,4.5530824810266495,0.3964184373617172,0.08706594686427271,False,False,False,True
1515,9110,Shade,Shade,True,0.4356040358543396,2,T1055; T1620,HIGH_CANDIDATE,2,1,2.5831499323248863,0.19194072112441063,0.07430490918181437,False,False,False,True
1516,9121,Shade,Shade,True,0.7403956055641174,2,T1014; T1620,MEDIUM_CANDIDATE,0,4,2.9275741428136826,0.5490997657179832,0.18756135248217665,False,False,False,True
1517,9324,Shade,CWS,False,0.3366298973560333,1,T1620,MEDIUM_CANDIDATE,0,1,2.0877749249339104,0.09768263250589371,0.04678791345718739,False,False,False,True
1518,9290,Shade,Shade,True,0.5450252294540405,3,T1014; T1055; T1620,HIGH_CANDIDATE,1,2,3.276907529681921,0.2773131765425205,0.08462648824559246,False,False,False,True
1519,9151,Shade,Scar,False,0.22727617621421814,2,T1014; T1620,MEDIUM_CANDIDATE,0,4,2.386751413345337,1.1485343128442764,0.48121237361475316,False,False,False,True
1520,9361,Shade,Ako,False,0.3259594440460205,1,T1620,MEDIUM_CANDIDATE,0,5,2.122227881103754,0.4337104521691799,0.20436563671174207,False,False,False,True
1521,9287,Shade,Shade,True,0.9616589546203613,3,T1014; T1055; T1620,HIGH_CANDIDATE,1,3,4.632912032306194,0.5051912814378738,0.10904400470267449,False,False,False,True
1522,9317,Shade,CWS,False,0.20319367945194244,1,T1620,MEDIUM_CANDIDATE,0,4,2.0804342851042747,0.6932061389088631,0.33320261248920846,False,False,False,True
1523,9184,Shade,Shade,True,0.6500672698020935,2,T1055; T1620,HIGH_CANDIDATE,2,2,3.270637061446905,0.6933832764625549,0.212002513099331,False,False,False,True
1524,5576,Shade,Pysa,False,0.3197380006313324,1,T1620,MEDIUM_CANDIDATE,0,4,2.434900812804699,1.0629969388246536,0.4365668339484495,False,False,False,True
1525,9174,Shade,Shade,True,0.18320661783218384,1,T1620,MEDIUM_CANDIDATE,0,4,1.4183534570038319,0.5153800621628761,0.3633650410748664,False,False,False,True
1526,9336,Shade,Zeus,False,0.29290109872817993,2,T1014; T1620,MEDIUM_CANDIDATE,0,4,2.452559534460306,0.2950601875782013,0.12030704389939723,False,False,False,True
1527,9145,Shade,Gator,False,0.18917690217494965,2,T1014; T1620,MEDIUM_CANDIDATE,0,3,1.705970361828804,0.24265706911683083,0.14223990905486888,False,False,False,True
1528,9203,Shade,Ako,False,0.27070266008377075,2,T1014; T1620,MEDIUM_CANDIDATE,0,3,1.9234280101954937,0.2313598096370697,0.12028514111820318,False,False,False,True
1529,9321,Shade,Reconyc,False,0.7440869808197021,2,T1014; T1620,MEDIUM_CANDIDATE,0,3,3.337655507028103,0.4163958430290222,0.1247569864991211,False,False,False,True
1530,9277,Shade,Scar,False,0.2791019678115845,2,T1055; T1620,HIGH_CANDIDATE,1,5,1.9199870713055134,0.7353688962757587,0.38300721253072695,False,False,False,True
1531,9215,Shade,Zeus,False,0.33374178409576416,2,T1014; T1620,MEDIUM_CANDIDATE,0,3,2.9749256148934364,0.2689882069826126,0.09041846479655523,False,False,False,True
1532,9242,Shade,Shade,True,0.7037434577941895,3,T1014; T1055; T1620,HIGH_CANDIDATE,1,5,3.264968104660511,0.748996339738369,0.22940387646336566,False,False,False,True
1533,9210,Shade,Shade,True,0.2615116238594055,3,T1014; T1055; T1620,HIGH_CANDIDATE,1,2,1.9035726860165596,0.21589070558547974,0.11341342895461237,False,False,False,True
1534,5611,Shade,Shade,True,0.34865912795066833,1,T1055,HIGH_CANDIDATE,1,0,2.0271896831691265,0.05036396533250809,0.02484422930456788,False,False,False,True
1535,9137,Shade,Shade,True,0.36397767066955566,2,T1055; T1620,HIGH_CANDIDATE,1,4,2.233675353229046,0.44644540548324585,0.19987031904070365,False,False,False,True
1536,9349,Shade,Pysa,False,0.5481200814247131,1,T1620,MEDIUM_CANDIDATE,0,5,3.3467045575380325,1.1535044237971306,0.3446687342624871,False,False,False,True
1537,9254,Shade,Zeus,False,0.23624993860721588,2,T1014; T1620,MEDIUM_CANDIDATE,0,2,1.9178818054497242,0.10701107606291771,0.055796491608003276,False,False,False,True
1538,9310,Shade,Shade,True,0.9493322968482971,3,T1014; T1055; T1620,HIGH_CANDIDATE,1,3,4.484392821788788,0.5127370730042458,0.11433812633740661,False,False,False,True
1539,9344,Shade,Shade,True,0.27931636571884155,1,T1620,MEDIUM_CANDIDATE,0,4,1.6799738481640816,0.3491721451282501,0.20784379799116182,False,False,False,True
1540,9111,Shade,Conti,False,0.37297824025154114,2,T1055; T1620,HIGH_CANDIDATE,1,4,2.5043362863361835,0.8948391675949097,0.35731589742048964,False,False,False,True
1541,9370,Shade,Shade,True,0.6272884607315063,3,T1014; T1055; T1620,HIGH_CANDIDATE,2,4,3.1322920620441437,1.0578153282403946,0.3377128656227737,False,False,False,True
1542,9170,Shade,Shade,True,0.4329303503036499,2,T1055; T1620,HIGH_CANDIDATE,2,1,2.5977704375982285,0.1580205149948597,0.0608292837226055,False,False,False,True
1543,5624,Shade,Zeus,False,0.23815535008907318,2,T1014; T1620,MEDIUM_CANDIDATE,0,3,1.9592240676283836,0.16868114471435547,0.0860958925022506,False,False,False,True
1544,9261,Shade,Shade,True,0.3575456440448761,3,T1014; T1055; T1620,HIGH_CANDIDATE,1,5,2.294903114438057,0.7817714586853981,0.3406555395593801,False,False,False,True
1545,9176,Shade,Ako,False,0.19760501384735107,2,T1014; T1620,MEDIUM_CANDIDATE,0,4,1.3630481399595737,0.2135525830090046,0.1566728105548336,False,False,False,True
1546,9284,Shade,Conti,False,0.25333279371261597,3,T1014; T1055; T1620,HIGH_CANDIDATE,1,6,1.837671309709549,0.9795091897249222,0.5330165326898081,False,False,False,True
1547,9230,Shade,TIBS,False,0.17689386010169983,1,T1620,MEDIUM_CANDIDATE,0,1,2.854715220630169,0.5516486763954163,0.1932412285501605,False,False,False,True
1548,5626,Shade,Shade,True,0.37885403633117676,2,T1055; T1620,HIGH_CANDIDATE,1,1,2.378478180617094,0.11422402411699295,0.04802399494258031,False,False,False,True
1549,9148,Shade,Shade,True,0.9648359417915344,3,T1014; T1055; T1620,HIGH_CANDIDATE,1,3,4.671947672963142,0.47995129227638245,0.10273045116791248,False,False,False,True
1550,9178,Shade,Shade,True,0.29967886209487915,3,T1014; T1055; T1620,HIGH_CANDIDATE,1,2,2.0067253448069096,0.22702788561582565,0.11313351186964285,False,False,False,True
1551,9129,Shade,Shade,True,0.19427865743637085,2,T1055; T1620,HIGH_CANDIDATE,1,3,1.8489610776305199,0.34896450117230415,0.18873545008286982,False,False,False,True
1552,5610,Shade,Shade,True,0.2965470254421234,1,T1055,HIGH_CANDIDATE,2,0,1.8685938529670238,0.09120092540979385,0.048807248972258785,False,False,False,True
1553,5600,Shade,Shade,True,0.5660101175308228,2,T1014; T1055,HIGH_CANDIDATE,2,1,3.2153759002685547,0.1990872025489807,0.06191724038621815,False,False,False,True
1554,9169,Shade,180solutions,False,0.16439183056354523,3,T1014; T1055; T1620,HIGH_CANDIDATE,1,3,1.5721604190766811,0.5438275150954723,0.34591095698418517,False,False,False,True
1555,5632,Shade,Shade,True,0.5206652879714966,2,T1055; T1620,HIGH_CANDIDATE,1,1,2.957240752875805,0.24345874786376953,0.08232631977190734,False,False,False,True
1556,9180,Shade,Shade,True,0.13173145055770874,3,T1014; T1055; T1620,HIGH_CANDIDATE,1,3,0.905356626957655,0.23935167863965034,0.26437281344475677,False,False,False,True
1557,9163,Shade,Shade,True,0.22711893916130066,2,T1014; T1620,MEDIUM_CANDIDATE,0,2,1.811474770307541,0.13864026218652725,0.07653447039893897,False,False,False,True
1558,9124,Shade,Shade,True,0.5047580003738403,3,T1014; T1055; T1620,HIGH_CANDIDATE,1,3,2.468450516462326,0.44613347202539444,0.1807342172954608,False,False,False,True
1559,5604,Shade,Shade,True,0.27447769045829773,2,T1014; T1055,HIGH_CANDIDATE,1,1,2.0306284353137016,0.21428323537111282,0.10552557604562908,False,False,False,True
1560,9270,Shade,Shade,True,0.2363312840461731,2,T1055; T1620,HIGH_CANDIDATE,1,4,1.6010786704719067,0.3808575011789799,0.23787556989109399,False,False,False,True
1561,9274,Shade,Shade,True,0.1921398639678955,1,T1620,MEDIUM_CANDIDATE,0,4,1.3801987543702126,0.3522731587290764,0.2552336448744437,False,False,False,True
1562,5618,Shade,Shade,True,0.22422417998313904,3,T1014; T1055; T1620,HIGH_CANDIDATE,1,3,1.5126391611993313,0.2873888164758682,0.1899916542210935,False,False,False,True
1563,5587,Shade,Refroso,False,0.3666776716709137,2,T1014; T1055,HIGH_CANDIDATE,1,1,3.7184355407953262,2.330738365650177,0.6268061769740028,False,False,False,True
1564,9112,Shade,Conti,False,0.25123316049575806,3,T1014; T1055; T1620,HIGH_CANDIDATE,1,6,1.6229057312011719,1.3189551942050457,0.8127121427002656,False,False,False,True
1565,9157,Shade,Shade,True,0.7251912951469421,3,T1014; T1055; T1620,HIGH_CANDIDATE,1,3,3.411625735461712,0.5365418493747711,0.1572686721751905,False,False,False,True
1566,9339,Shade,Shade,True,0.27908211946487427,3,T1014; T1055; T1620,HIGH_CANDIDATE,1,4,2.3061733916401863,0.6645271182060242,0.2881514116045724,False,False,False,True
1567,9220,Shade,Shade,True,0.9295727610588074,3,T1014; T1055; T1620,HIGH_CANDIDATE,1,3,4.339060544967651,0.47052260488271713,0.10843881987966705,False,False,False,True
1568,9264,Shade,Scar,False,0.2934421896934509,1,T1620,MEDIUM_CANDIDATE,0,6,1.7540760859847069,0.7348148077726364,0.418918434407664,False,False,False,True
1569,9275,Shade,Shade,True,0.7348722815513611,2,T1055; T1620,HIGH_CANDIDATE,1,3,3.2340177968144417,0.986527606844902,0.30504705565215107,False,False,False,True
1570,9360,Shade,Shade,True,0.7736355066299438,3,T1014; T1055; T1620,HIGH_CANDIDATE,2,4,3.410487823188305,1.3304392397403717,0.3901023280876595,False,False,False,True
1571,9239,Shade,Shade,True,0.22826693952083588,3,T1014; T1055; T1620,HIGH_CANDIDATE,1,2,1.513003684580326,0.1805754229426384,0.11934896443608202,False,False,False,True
1572,5622,Shade,Gator,False,0.2779138684272766,2,T1014; T1620,MEDIUM_CANDIDATE,0,3,2.0782953798770905,0.267208244651556,0.1285708697804826,False,False,False,True
1573,9337,Shade,Maze,False,0.34630686044692993,1,T1620,MEDIUM_CANDIDATE,0,5,2.608633168041706,1.490991160273552,0.571560301593817,False,False,False,True
1574,9147,Shade,Shade,True,0.27696430683135986,2,T1055; T1620,HIGH_CANDIDATE,1,4,2.067081246525049,0.569779559969902,0.27564449192684276,False,False,False,True
1575,9209,Shade,Ako,False,0.13798436522483826,2,T1014; T1620,MEDIUM_CANDIDATE,0,2,1.1767801716923714,0.06894928216934204,0.05859147173612172,False,False,False,True
1576,9330,Shade,Zeus,False,0.3154199719429016,1,T1620,MEDIUM_CANDIDATE,0,1,2.631529290229082,0.07245822250843048,0.02753464412403435,False,False,False,True
1577,9340,Shade,Shade,True,0.28220489621162415,3,T1014; T1055; T1620,HIGH_CANDIDATE,1,4,2.312399297952652,0.6670128628611565,0.2884505558584606,False,False,False,True
1578,9260,Shade,Shade,True,0.274036169052124,3,T1014; T1055; T1620,HIGH_CANDIDATE,1,4,2.267941150814295,0.5151771567761898,0.22715631602311093,False,False,False,True
1579,9108,Shade,Shade,True,0.46322140097618103,2,T1055; T1620,HIGH_CANDIDATE,2,2,2.417142402380705,0.1959756426513195,0.08107740878580348,False,False,False,True
1580,9099,Shade,Shade,True,0.9663817286491394,3,T1014; T1055; T1620,HIGH_CANDIDATE,1,4,4.832011766731739,0.5910712853074074,0.12232405752339348,False,False,False,True
1581,5617,Shade,Transponder,False,0.4416959285736084,1,T1620,MEDIUM_CANDIDATE,0,3,2.682235948741436,0.7444030344486237,0.2775307797950862,False,False,False,True
1582,5570,Shade,180solutions,False,0.21337096393108368,1,T1055,HIGH_CANDIDATE,2,0,1.8689891546964645,0.8137924075126648,0.43541847499100644,False,False,False,True
1583,9223,Shade,Shade,True,0.18207578361034393,3,T1014; T1055; T1620,HIGH_CANDIDATE,1,5,1.285380370914936,0.41661036014556885,0.3241144563682926,False,False,False,True
1584,9161,Shade,Shade,True,0.48158296942710876,2,T1055; T1620,HIGH_CANDIDATE,1,2,2.4248459339141846,0.31488239765167236,0.12985666150896005,False,False,False,True
1585,9194,Shade,Ako,False,0.21714837849140167,1,T1620,MEDIUM_CANDIDATE,0,1,1.5534681901335716,0.05916283652186394,0.03808435660132632,False,False,False,True
1586,9271,Shade,Shade,True,0.9817212820053101,2,T1014; T1055,HIGH_CANDIDATE,1,2,5.4214781150221825,0.45106836408376694,0.08320025544950878,False,False,False,True
1587,9266,Shade,Scar,False,0.1539628654718399,1,T1620,MEDIUM_CANDIDATE,0,2,1.391539853066206,0.16633009538054466,0.11952952336509984,False,False,False,True
1588,9102,Shade,Shade,True,0.9680091142654419,3,T1014; T1055; T1620,HIGH_CANDIDATE,1,3,4.791973274201155,0.5046034082770348,0.10530179936388619,False,False,False,True
1589,9281,Shade,Shade,True,0.30077940225601196,2,T1055; T1620,HIGH_CANDIDATE,1,2,2.335285946726799,0.3327006697654724,0.14246678023810952,False,False,False,True
1590,9373,Shade,Maze,False,0.4145054817199707,2,T1014; T1620,MEDIUM_CANDIDATE,0,7,2.7097183912992477,1.8970028758049011,0.7000738091072747,False,False,False,True
1591,9353,Shade,Shade,True,0.44372546672821045,1,T1055,HIGH_CANDIDATE,2,0,2.181152418255806,0.772792637348175,0.35430473857766953,False,False,False,True
1592,5621,Shade,Shade,True,0.8519150614738464,3,T1014; T1055; T1620,HIGH_CANDIDATE,1,3,4.380466990172863,0.38617583364248276,0.08815859918790152,False,False,False,True
1593,9100,Shade,Shade,True,0.818414568901062,3,T1014; T1055; T1620,HIGH_CANDIDATE,1,3,3.7794138491153717,0.3524850383400917,0.09326447232620373,False,False,False,True
1594,9101,Shade,Zeus,False,0.3253476023674011,2,T1014; T1620,MEDIUM_CANDIDATE,0,5,2.550273559987545,0.5219418182969093,0.20466111027691414,False,False,False,True
1595,5641,Shade,TIBS,False,0.22533129155635834,2,T1014; T1620,MEDIUM_CANDIDATE,0,3,2.685250110924244,0.39516187459230423,0.14716017438550347,False,False,False,True
1596,9222,Shade,Shade,True,0.6541033387184143,2,T1055; T1620,HIGH_CANDIDATE,2,1,3.4945720806717873,0.8129070028662682,0.23261989854563167,False,False,False,True
1597,5625,Shade,CWS,False,0.16779875755310059,2,T1014; T1620,MEDIUM_CANDIDATE,0,2,1.8574388548731804,0.18017346039414406,0.09700101832232086,False,False,False,True
1598,5628,Shade,Transponder,False,0.2666311264038086,2,T1014; T1620,MEDIUM_CANDIDATE,0,5,1.725105907768011,0.5431757643818855,0.314865169689588,False,False,False,True
1599,5593,Shade,Maze,False,0.39397740364074707,2,T1014; T1620,MEDIUM_CANDIDATE,0,6,2.6542307138442993,1.7292237356305122,0.6514971462770703,False,False,False,True
1600,9244,Shade,Shade,True,0.7462483048439026,2,T1055; T1620,HIGH_CANDIDATE,1,3,3.474530354142189,1.0366065055131912,0.2983443515689516,False,False,False,True
1601,9241,Shade,Pysa,False,0.2903482913970947,2,T1014; T1620,MEDIUM_CANDIDATE,0,4,2.1185810938477516,0.6227837055921555,0.2939626466981541,False,False,False,True
1602,9118,Shade,Shade,True,0.2565491795539856,2,T1055; T1620,HIGH_CANDIDATE,1,3,2.0116530135273933,0.3916044570505619,0.19466799414074465,False,False,False,True
1603,9123,Shade,Shade,True,0.46230489015579224,3,T1014; T1055; T1620,HIGH_CANDIDATE,1,4,3.2212936766445637,0.6426588781177998,0.19950334947021053,False,False,False,True
1604,5638,Shade,Shade,True,0.40397897362709045,2,T1055; T1620,HIGH_CANDIDATE,1,4,2.278631303459406,0.6671568378806114,0.29278841068659833,False,False,False,True
1605,5612,Shade,Shade,True,0.960040807723999,3,T1014; T1055; T1620,HIGH_CANDIDATE,1,3,4.739141568541527,0.4463244378566742,0.09417832985184083,False,False,False,True
1606,5609,Shade,Shade,True,0.3290936052799225,3,T1014; T1055; T1620,HIGH_CANDIDATE,2,3,2.2025973610579967,0.2609510272741318,0.11847423041893886,False,False,False,True
1607,5596,Shade,Maze,False,0.5663567185401917,1,T1620,MEDIUM_CANDIDATE,0,5,3.0605489015579224,1.6790230795741081,0.5486019448078182,False,False,False,True
1608,9204,Shade,Zeus,False,0.24962633848190308,1,T1620,MEDIUM_CANDIDATE,0,3,2.5282093435525894,0.33181387186050415,0.13124461892631323,False,False,False,True
1609,9171,Shade,Zeus,False,0.4032285809516907,2,T1014; T1620,MEDIUM_CANDIDATE,0,5,2.3831080496311188,0.32576898112893105,0.13669920723038842,False,False,False,True
1610,9144,Shade,Shade,True,0.9712453484535217,3,T1014; T1055; T1620,HIGH_CANDIDATE,1,4,4.9188664853572845,0.484114833176136,0.09841999871662954,False,False,False,True
1611,9286,Shade,Pysa,False,0.34532180428504944,1,T1620,MEDIUM_CANDIDATE,0,5,2.0926731005311012,0.9180063232779503,0.4386764101115309,False,False,False,True
1612,5642,Shade,Shade,True,0.33865243196487427,1,T1620,MEDIUM_CANDIDATE,0,1,2.3524006381630898,0.08206424117088318,0.03488531665888527,False,False,False,True
1613,9097,Shade,Conti,False,0.17311203479766846,2,T1055; T1620,HIGH_CANDIDATE,1,4,1.3971839472651482,0.8731508627533913,0.6249362258008326,False,False,False,True
1614,9136,Shade,Zeus,False,0.16952550411224365,2,T1014; T1620,MEDIUM_CANDIDATE,0,2,1.7005687542259693,0.13716187700629234,0.08065647252746504,False,False,False,True
1615,9306,Shade,Shade,True,0.19454102218151093,1,T1620,MEDIUM_CANDIDATE,0,2,1.351375486701727,0.1219655517488718,0.0902528963630608,False,False,False,True
1616,5586,Shade,Shade,True,0.5830694437026978,2,T1055; T1620,HIGH_CANDIDATE,2,1,2.85687442868948,0.20548009872436523,0.07192479188475362,False,False,False,True
1617,9325,Shade,Shade,True,0.26725104451179504,2,T1014; T1055,HIGH_CANDIDATE,1,1,1.9380068816244602,0.14735693112015724,0.0760352981804899,False,False,False,True
1618,9149,Shade,Shade,True,0.38547906279563904,3,T1014; T1055; T1620,HIGH_CANDIDATE,1,3,2.4574632793664932,0.46533481031656265,0.18935575323693984,False,False,False,True
1619,9125,Shade,Zeus,False,0.24737873673439026,2,T1014; T1620,MEDIUM_CANDIDATE,0,2,1.8802402764558792,0.10500457510352135,0.05584635986069163,False,False,False,True
1620,9189,Shade,Shade,True,0.33242201805114746,3,T1014; T1055; T1620,HIGH_CANDIDATE,1,6,2.022883091121912,0.8351089581847191,0.41283105378154056,False,False,False,True
1621,9237,Shade,Shade,True,0.2072180211544037,2,T1014; T1620,MEDIUM_CANDIDATE,0,2,1.6765786595642567,0.11340375989675522,0.06763998769149841,False,False,False,True
1622,9227,Shade,Scar,False,0.20858421921730042,1,T1620,MEDIUM_CANDIDATE,0,3,2.21238349378109,0.9696228951215744,0.43827071475046736,False,False,False,True
1623,9297,Shade,Conti,False,0.3389075696468353,2,T1055; T1620,HIGH_CANDIDATE,1,2,2.0663983933627605,0.6359900012612343,0.30777704981963994,False,False,False,True
1624,9263,Shade,Shade,True,0.20424871146678925,1,T1620,MEDIUM_CANDIDATE,0,1,1.7971734143793583,0.056730031967163086,0.03156625371444993,False,False,False,True
1625,6835,TIBS,Transponder,False,0.7780537009239197,2,T1055; T1620,HIGH_CANDIDATE,2,3,3.4633799232542515,1.286600086838007,0.3714868467647336,False,False,False,True
1626,6729,TIBS,TIBS,True,0.989463210105896,1,T1620,MEDIUM_CANDIDATE,0,3,6.932666793465614,1.1831361278891563,0.17066104042449023,False,False,False,True
1627,6706,TIBS,TIBS,True,0.9101831912994385,3,T1014; T1055; T1620,HIGH_CANDIDATE,1,3,5.311952717602253,0.5663101896643639,0.1066105479041216,False,False,False,True
1628,6815,TIBS,CWS,False,0.3337031900882721,1,T1620,MEDIUM_CANDIDATE,0,3,2.471960127353668,0.5084132626652718,0.20567211300837138,False,False,False,True
1629,6742,TIBS,TIBS,True,0.9883280396461487,1,T1620,MEDIUM_CANDIDATE,0,2,6.87902744114399,1.0704973936080933,0.15561754953983267,False,False,False,True
1630,6719,TIBS,TIBS,True,0.3776470422744751,1,T1620,MEDIUM_CANDIDATE,0,4,3.2148853465914726,1.19063526019454,0.3703507689494715,False,False,False,True
1631,6667,TIBS,TIBS,True,0.986029326915741,1,T1620,MEDIUM_CANDIDATE,0,2,6.664138495922089,1.05312579870224,0.15802879837306313,False,False,False,True
1632,6645,TIBS,TIBS,True,0.8001385927200317,2,T1055; T1620,HIGH_CANDIDATE,1,2,4.4548444002866745,0.8839992880821228,0.1984355027136832,False,False,False,True
1633,6668,TIBS,TIBS,True,0.9832453727722168,1,T1620,MEDIUM_CANDIDATE,0,2,6.700208619236946,1.0885692834854126,0.162467968588325,False,False,False,True
1634,6792,TIBS,Zeus,False,0.2643968462944031,2,T1014; T1620,MEDIUM_CANDIDATE,0,3,2.198221318423748,0.26603393629193306,0.12102236206256739,False,False,False,True
1635,6793,TIBS,180solutions,False,0.26760485768318176,2,T1055; T1620,HIGH_CANDIDATE,1,3,1.663939457386732,0.3824516534805298,0.2298470967694833,False,False,False,True
1636,6640,TIBS,TIBS,True,0.9898731708526611,1,T1620,MEDIUM_CANDIDATE,0,3,6.976249568164349,1.1772132217884064,0.16874585839941,False,False,False,True
1637,6848,TIBS,Gator,False,0.3695519268512726,2,T1014; T1620,MEDIUM_CANDIDATE,0,5,2.5304319635033607,0.6234174557030201,0.24636799751766655,False,False,False,True
1638,6773,TIBS,Transponder,False,0.26351189613342285,2,T1055; T1620,HIGH_CANDIDATE,2,4,2.247521348297596,0.958764411509037,0.42658745476889964,False,False,False,True
1639,6802,TIBS,Transponder,False,0.3584039807319641,1,T1620,MEDIUM_CANDIDATE,0,3,2.602659475058317,0.7388346120715141,0.2838767880131377,False,False,False,True
1640,6783,TIBS,TIBS,True,0.6473726034164429,2,T1014; T1620,MEDIUM_CANDIDATE,0,5,4.315716132521629,1.4165890142321587,0.32823961788340794,False,False,False,True
1641,6656,TIBS,TIBS,True,0.9700818061828613,1,T1620,MEDIUM_CANDIDATE,0,4,5.766272351145744,1.2768196165561676,0.2214289472994571,False,False,False,True
1642,6822,TIBS,TIBS,True,0.21097153425216675,2,T1014; T1620,MEDIUM_CANDIDATE,0,3,2.780785910785198,0.3459949344396591,0.12442343479148385,False,False,False,True
1643,6780,TIBS,TIBS,True,0.38363024592399597,1,T1620,MEDIUM_CANDIDATE,0,4,3.4546813294291496,1.185291275382042,0.3430971375811091,False,False,False,True
1644,6674,TIBS,TIBS,True,0.29830196499824524,1,T1620,MEDIUM_CANDIDATE,0,2,3.2567280009388924,0.7325621843338013,0.2249380925034601,False,False,False,True
1645,6736,TIBS,TIBS,True,0.989371657371521,1,T1620,MEDIUM_CANDIDATE,0,2,6.914935536682606,1.0761165022850037,0.15562205845251645,False,False,False,True
1646,6740,TIBS,TIBS,True,0.9896486401557922,1,T1620,MEDIUM_CANDIDATE,0,3,6.94958658516407,1.1720948442816734,0.1686567725890132,False,False,False,True
1647,6715,TIBS,TIBS,True,0.9893022179603577,1,T1620,MEDIUM_CANDIDATE,0,2,6.779335409402847,1.0657232999801636,0.15720173669265863,False,False,False,True
1648,6839,TIBS,Transponder,False,0.5050405859947205,1,T1620,MEDIUM_CANDIDATE,0,3,3.0135893747210503,0.7969016209244728,0.2644360335250509,False,False,False,True
1649,6699,TIBS,TIBS,True,0.7844381928443909,1,T1620,MEDIUM_CANDIDATE,0,4,4.791452199220657,1.1862808465957642,0.24758273635469347,False,False,False,True
1650,6704,TIBS,TIBS,True,0.5286048054695129,3,T1014; T1055; T1620,HIGH_CANDIDATE,2,2,3.904466710984707,0.8232048824429512,0.21083670149548767,False,False,False,True
1651,6790,TIBS,Emotet,False,0.4541148841381073,1,T1620,MEDIUM_CANDIDATE,0,2,3.4099524840712547,0.21965110301971436,0.06441471077551957,False,False,False,True
1652,6758,TIBS,TIBS,True,0.9198703765869141,1,T1620,MEDIUM_CANDIDATE,0,1,5.847950056195259,0.5377999544143677,0.09196384190125356,False,False,False,True
1653,6812,TIBS,TIBS,True,0.9296464323997498,2,T1014; T1620,MEDIUM_CANDIDATE,0,4,6.102330483496189,1.7543847411870956,0.28749421977912304,False,False,False,True
1654,6775,TIBS,TIBS,True,0.45077237486839294,3,T1014; T1055; T1620,HIGH_CANDIDATE,1,2,3.51814853399992,0.3409726098179817,0.09691819618267132,False,False,False,True
1655,6787,TIBS,TIBS,True,0.4447300136089325,1,T1620,MEDIUM_CANDIDATE,0,4,3.20458110421896,1.275694265961647,0.39808456221692884,False,False,False,True
1656,6774,TIBS,Refroso,False,0.2641894817352295,1,T1620,MEDIUM_CANDIDATE,0,5,2.299734838306904,0.5227479934692383,0.2273079420991389,False,False,False,True
1657,6841,TIBS,CWS,False,0.29760152101516724,1,T1620,MEDIUM_CANDIDATE,0,3,2.479020766913891,0.5235047712922096,0.2111740160789035,False,False,False,True
1658,6703,TIBS,TIBS,True,0.672240138053894,1,T1620,MEDIUM_CANDIDATE,0,1,4.053123630583286,0.7562234997749329,0.18657795041551806,False,False,False,True
1659,6820,TIBS,TIBS,True,0.5656542778015137,2,T1055; T1620,HIGH_CANDIDATE,1,3,3.3349929600954056,0.8886876627802849,0.26647362480635095,False,False,False,True
1660,6701,TIBS,TIBS,True,0.2805074155330658,2,T1014; T1620,MEDIUM_CANDIDATE,0,3,2.8683647513389587,0.8653740137815475,0.30169594483323264,False,False,False,True
1661,6669,TIBS,TIBS,True,0.9882436990737915,1,T1620,MEDIUM_CANDIDATE,0,2,6.748297110199928,1.0529970228672028,0.15603892443852493,False,False,False,True
1662,6784,TIBS,Pysa,False,0.10737398266792297,1,T1620,MEDIUM_CANDIDATE,0,2,1.163591530174017,0.31588198244571686,0.27147153812513247,False,False,False,True
1663,6685,TIBS,TIBS,True,0.9887263178825378,1,T1620,MEDIUM_CANDIDATE,0,2,6.7675649374723434,1.0350253582000732,0.15293910996983368,False,False,False,True
1664,6682,TIBS,TIBS,True,0.9896138310432434,1,T1620,MEDIUM_CANDIDATE,0,3,6.958951361477375,1.1822953522205353,0.1698956194413659,False,False,False,True
1665,6809,TIBS,TIBS,True,0.24305540323257446,3,T1014; T1055; T1620,HIGH_CANDIDATE,1,2,2.8662070967257023,0.2172180600464344,0.07578589149911044,False,False,False,True
1666,6680,TIBS,Pysa,False,0.27974823117256165,1,T1620,MEDIUM_CANDIDATE,0,5,2.1684444546699524,0.9128116965293884,0.4209523073388212,False,False,False,True
1667,6693,TIBS,TIBS,True,0.9899056553840637,1,T1620,MEDIUM_CANDIDATE,0,3,6.916561082005501,1.1893454417586327,0.17195618279912225,False,False,False,True
1668,6712,TIBS,TIBS,True,0.9902170896530151,1,T1620,MEDIUM_CANDIDATE,0,3,6.991849698126316,1.175010308623314,0.1680542859693043,False,False,False,True
1669,6658,TIBS,TIBS,True,0.9904929995536804,1,T1620,MEDIUM_CANDIDATE,0,3,6.9912621676921844,1.1739550456404686,0.1679174686175431,False,False,False,True
1670,6716,TIBS,TIBS,True,0.9895673394203186,1,T1620,MEDIUM_CANDIDATE,0,3,6.917148590087891,1.1904006823897362,0.17209413198027176,False,False,False,True
1671,6737,TIBS,TIBS,True,0.989962637424469,1,T1620,MEDIUM_CANDIDATE,0,3,6.998595155775547,1.1742547377943993,0.16778434980988333,False,False,False,True
1672,6834,TIBS,Refroso,False,0.15368595719337463,1,T1620,MEDIUM_CANDIDATE,0,1,1.8761489540338516,0.16485607624053955,0.08786939644961955,False,False,False,True
1673,6770,TIBS,TIBS,True,0.5209981799125671,2,T1014; T1620,MEDIUM_CANDIDATE,0,5,4.083081856369972,1.329538032412529,0.325621204565941,False,False,False,True
1674,6830,TIBS,Shade,False,0.22612227499485016,2,T1014; T1055,HIGH_CANDIDATE,1,1,1.9420637339353561,0.15361301600933075,0.0790978243016014,False,False,False,True
1675,6653,TIBS,TIBS,True,0.9840598106384277,1,T1620,MEDIUM_CANDIDATE,0,4,6.387771584093571,1.4351456090807915,0.2246707776236867,False,False,False,True
1676,6803,TIBS,CWS,False,0.3357767164707184,0,,CONTEXT_ONLY,0,0,1.8697413206100464,0.0,0.0,False,False,False,True
1677,6676,TIBS,TIBS,True,0.928558349609375,1,T1620,MEDIUM_CANDIDATE,0,1,5.6934637278318405,0.584563136100769,0.1026726723915355,False,False,False,True
1678,6657,TIBS,TIBS,True,0.9898640513420105,1,T1620,MEDIUM_CANDIDATE,0,2,6.922990918159485,1.0970796942710876,0.15846903560040382,False,False,False,True
1679,6651,TIBS,Transponder,False,0.2858898639678955,1,T1620,MEDIUM_CANDIDATE,0,2,2.14357359521091,0.42283087968826294,0.19725512603483059,False,False,False,True
1680,6757,TIBS,TIBS,True,0.6193783283233643,1,T1620,MEDIUM_CANDIDATE,0,3,4.011653319001198,1.1354524418711662,0.2830385259097777,False,False,False,True
1681,6713,TIBS,TIBS,True,0.9876003265380859,1,T1620,MEDIUM_CANDIDATE,0,2,6.836754038929939,1.0875743627548218,0.15907759099741497,False,False,False,True
1682,6833,TIBS,TIBS,True,0.3319292664527893,1,T1620,MEDIUM_CANDIDATE,0,2,3.532366096973419,0.6533700227737427,0.18496667809533085,False,False,False,True
1683,6650,TIBS,TIBS,True,0.9889318943023682,1,T1620,MEDIUM_CANDIDATE,0,2,6.768878653645515,1.0632938146591187,0.15708566648427955,False,False,False,True
1684,6694,TIBS,TIBS,True,0.9901494979858398,1,T1620,MEDIUM_CANDIDATE,0,3,6.975022599101067,1.1764034405350685,0.1686594450155161,False,False,False,True
1685,6796,TIBS,TIBS,True,0.6621427536010742,2,T1055; T1620,HIGH_CANDIDATE,1,4,4.215492740273476,1.4121529310941696,0.33499119037803343,False,False,False,True
1686,6772,TIBS,Ako,False,0.41025206446647644,3,T1014; T1055; T1620,HIGH_CANDIDATE,2,4,2.3202187418937683,1.2432426661252975,0.535829938650767,False,False,False,True
1687,6754,TIBS,TIBS,True,0.23119767010211945,1,T1620,MEDIUM_CANDIDATE,0,2,2.735450364649296,0.5979397296905518,0.21858913523631487,False,False,False,True
1688,6821,TIBS,Conti,False,0.1996324062347412,3,T1014; T1055; T1620,HIGH_CANDIDATE,1,3,1.4974520802497864,0.7260254323482513,0.4848405113752587,False,False,False,True
1689,6646,TIBS,TIBS,True,0.8837159276008606,3,T1014; T1055; T1620,HIGH_CANDIDATE,1,3,5.028100892901421,1.1661227643489838,0.23192111478814878,False,False,False,True
1690,6743,TIBS,TIBS,True,0.983871579170227,1,T1620,MEDIUM_CANDIDATE,0,2,6.7066740244627,1.069137990474701,0.1594140384004058,False,False,False,True
1691,6844,TIBS,Gator,False,0.3263658583164215,1,T1620,MEDIUM_CANDIDATE,0,5,2.576276108622551,0.8335369415581226,0.3235433262639644,False,False,False,True
1692,6847,TIBS,Maze,False,0.14974160492420197,1,T1620,MEDIUM_CANDIDATE,0,5,1.452451717108488,0.7980572879314423,0.549455295849833,False,False,False,True
1693,6846,TIBS,Gator,False,0.33740854263305664,2,T1014; T1620,MEDIUM_CANDIDATE,0,4,2.4127575010061264,0.3186492621898651,0.13206849924080125,False,False,False,True
1694,6786,TIBS,TIBS,True,0.9271984100341797,1,T1620,MEDIUM_CANDIDATE,0,3,5.300807259976864,0.484291210770607,0.09136178453934594,False,False,False,True
1695,6788,TIBS,TIBS,True,0.5706358551979065,2,T1014; T1620,MEDIUM_CANDIDATE,0,5,4.517799593508244,1.395872950553894,0.30897186155837103,False,False,False,True
1696,6724,TIBS,CWS,False,0.48441535234451294,1,T1055,HIGH_CANDIDATE,1,0,2.669886976480484,0.30703291296958923,0.11499846835251737,False,False,False,True
1697,6648,TIBS,TIBS,True,0.990371584892273,1,T1620,MEDIUM_CANDIDATE,0,2,6.975034952163696,1.0971521735191345,0.15729701442984045,False,False,False,True
1698,6686,TIBS,TIBS,True,0.9866153001785278,1,T1620,MEDIUM_CANDIDATE,0,2,6.835267499089241,1.0561976730823517,0.15452177595435493,False,False,False,True
1699,6741,TIBS,TIBS,True,0.9898731708526611,1,T1620,MEDIUM_CANDIDATE,0,3,6.976040296256542,1.1772251576185226,0.16875263152511333,False,False,False,True
1700,6702,TIBS,TIBS,True,0.9400345683097839,2,T1055; T1620,HIGH_CANDIDATE,1,2,5.48117420822382,0.9169718623161316,0.16729478529259834,False,False,False,True
1701,6849,TIBS,Gator,False,0.336640864610672,1,T1620,MEDIUM_CANDIDATE,0,5,2.6469009667634964,0.8221709989011288,0.31061645646170133,False,False,False,True
1702,6761,TIBS,TIBS,True,0.9834875464439392,1,T1620,MEDIUM_CANDIDATE,0,2,6.700208619236946,1.0885692834854126,0.162467968588325,False,False,False,True
1703,6663,TIBS,Pysa,False,0.2939653992652893,1,T1055,HIGH_CANDIDATE,1,0,1.6329872235655785,0.26324132084846497,0.16120231502711055,False,False,False,True
1704,6661,TIBS,TIBS,True,0.9517396688461304,2,T1055; T1620,HIGH_CANDIDATE,1,1,5.782175198197365,0.8928214013576508,0.15440926135133268,False,False,False,True
1705,6806,TIBS,TIBS,True,0.38927382230758667,1,T1620,MEDIUM_CANDIDATE,0,4,3.315087668597698,1.2961707040667534,0.3909913805130352,False,False,False,True
1706,6823,TIBS,Maze,False,0.23858742415905,1,T1620,MEDIUM_CANDIDATE,0,2,2.2155895084142685,0.7328446507453918,0.33076734113527195,False,False,False,True
1707,6755,TIBS,CWS,False,0.1852010190486908,2,T1055; T1620,HIGH_CANDIDATE,1,1,1.754636500030756,0.14320777729153633,0.08161677777079533,False,False,False,True
1708,6827,TIBS,Shade,False,0.26316526532173157,2,T1055; T1620,HIGH_CANDIDATE,1,4,1.9966231361031532,0.5532850958406925,0.2771104300236395,False,False,False,True
1709,6842,TIBS,Gator,False,0.27089473605155945,1,T1620,MEDIUM_CANDIDATE,0,2,1.7764057144522667,0.15851877629756927,0.08923568248396826,False,False,False,True
1710,6696,TIBS,TIBS,True,0.9243854880332947,3,T1014; T1055; T1620,HIGH_CANDIDATE,1,4,5.170442633330822,0.7722197100520134,0.14935272757383752,False,False,False,True
1711,6795,TIBS,Maze,False,0.5252494812011719,2,T1014; T1620,MEDIUM_CANDIDATE,0,6,2.9303074032068253,1.6440831422805786,0.5610616621591823,False,False,False,True
1712,6733,TIBS,Shade,False,0.15411409735679626,2,T1055; T1620,HIGH_CANDIDATE,1,2,1.7679208666086197,0.22977624461054802,0.12996975653742066,False,False,False,True
1713,6725,TIBS,TIBS,True,0.966097354888916,1,T1620,MEDIUM_CANDIDATE,0,2,6.6348858922719955,1.048449069261551,0.15802066324648256,False,False,False,True
1714,6748,TIBS,TIBS,True,0.9559507369995117,2,T1055; T1620,HIGH_CANDIDATE,1,1,5.778213880956173,0.968320906162262,0.167581354050194,False,False,False,True
1715,6766,TIBS,CWS,False,0.38110682368278503,3,T1014; T1055; T1620,HIGH_CANDIDATE,1,3,2.6896480210125446,0.7341867759823799,0.2729676040309498,False,False,False,True
1716,6735,TIBS,TIBS,True,0.989890456199646,1,T1620,MEDIUM_CANDIDATE,0,2,6.925468772649765,1.097489058971405,0.1584714472045035,False,False,False,True
1717,6756,TIBS,TIBS,True,0.27096208930015564,2,T1055; T1620,HIGH_CANDIDATE,1,2,2.7233740463852882,0.8106734156608582,0.2976724466978226,False,False,False,True
1718,6662,TIBS,TIBS,True,0.6723547577857971,1,T1620,MEDIUM_CANDIDATE,0,1,4.001263611018658,0.7514186501502991,0.18779533747315386,False,False,False,True
1719,6837,TIBS,180solutions,False,0.2388792186975479,3,T1014; T1055; T1620,HIGH_CANDIDATE,1,4,1.4913833737373352,0.45672573149204254,0.3062430086956848,False,False,False,True
1720,6728,TIBS,TIBS,True,0.9870880842208862,1,T1620,MEDIUM_CANDIDATE,0,2,6.873004779219627,1.0781444013118744,0.15686652867922038,False,False,False,True
1721,6691,TIBS,TIBS,True,0.9889318943023682,1,T1620,MEDIUM_CANDIDATE,0,2,6.768878653645515,1.0632938146591187,0.15708566648427955,False,False,False,True
1722,6679,TIBS,TIBS,True,0.8553308844566345,2,T1055; T1620,HIGH_CANDIDATE,1,3,4.719238594174385,0.9744066298007965,0.20647539011984742,False,False,False,True
1723,6753,TIBS,TIBS,True,0.9832592010498047,1,T1620,MEDIUM_CANDIDATE,0,2,6.901768408715725,1.062956154346466,0.1540121446271855,False,False,False,True
1724,6720,TIBS,Scar,False,0.1523200422525406,2,T1014; T1620,MEDIUM_CANDIDATE,0,3,1.4065462499856949,0.30562369897961617,0.21728663311478344,False,False,False,True
1725,6778,TIBS,TIBS,True,0.9292548298835754,1,T1620,MEDIUM_CANDIDATE,0,3,5.310252234339714,0.4318709149956703,0.08132775919812214,False,False,False,True
1726,6750,TIBS,TIBS,True,0.9730690121650696,2,T1055; T1620,HIGH_CANDIDATE,2,1,5.8995542004704475,0.8895343393087387,0.15077992490310618,False,False,False,True
1727,6643,TIBS,TIBS,True,0.9716001152992249,1,T1620,MEDIUM_CANDIDATE,0,4,5.805117651820183,1.337987408041954,0.230484115618644,False,False,False,True
1728,6819,TIBS,180solutions,False,0.28483399748802185,1,T1055,HIGH_CANDIDATE,2,0,2.1810028702020645,0.09308541938662529,0.042680099443427676,False,False,False,True
1729,6825,TIBS,Shade,False,0.3162577748298645,2,T1055; T1620,HIGH_CANDIDATE,1,1,2.2553955279290676,0.11816447600722313,0.0523919084453108,False,False,False,True
1730,6808,TIBS,TIBS,True,0.6109107136726379,2,T1055; T1620,HIGH_CANDIDATE,1,2,3.7569405287504196,0.98238755017519,0.26148605298842403,False,False,False,True
1731,6814,TIBS,TIBS,True,0.8114273548126221,3,T1014; T1055; T1620,HIGH_CANDIDATE,1,3,5.1741480976343155,0.6078821942210197,0.1174844984624524,False,False,False,True
1732,6732,TIBS,TIBS,True,0.9884948134422302,1,T1620,MEDIUM_CANDIDATE,0,2,6.739053562283516,1.0632211565971375,0.1577701003220498,False,False,False,True
1733,6818,TIBS,180solutions,False,0.27444973587989807,2,T1055; T1620,HIGH_CANDIDATE,1,2,2.0045599080622196,0.2161363624036312,0.107822351197559,False,False,False,True
1734,6677,TIBS,TIBS,True,0.9343510270118713,1,T1620,MEDIUM_CANDIDATE,0,1,5.796675719320774,0.5994730591773987,0.10341669746667181,False,False,False,True
1735,6836,TIBS,Transponder,False,0.18321971595287323,2,T1014; T1620,MEDIUM_CANDIDATE,0,7,1.8072369247674942,1.095473662018776,0.6061594066642433,False,False,False,True
1736,6678,TIBS,TIBS,True,0.8977265357971191,1,T1620,MEDIUM_CANDIDATE,0,4,5.287455931305885,1.5936380624771118,0.30139978151714225,False,False,False,True
1737,6845,TIBS,Gator,False,0.2785766124725342,2,T1014; T1620,MEDIUM_CANDIDATE,0,5,2.0284368582069874,0.5217637941241264,0.25722456778138675,False,False,False,True
1738,6665,TIBS,TIBS,True,0.7831674218177795,2,T1055; T1620,HIGH_CANDIDATE,1,4,4.420128360390663,1.4510500058531761,0.32828232294252385,False,False,False,True
1739,6717,TIBS,TIBS,True,0.9881131052970886,1,T1620,MEDIUM_CANDIDATE,0,2,6.734213501214981,1.0367920696735382,0.15395889504935967,False,False,False,True
1740,6698,TIBS,Shade,False,0.2511032223701477,1,T1014,MEDIUM_CANDIDATE,0,1,2.061336003243923,0.07911796867847443,0.038381888519856314,False,False,False,True
1741,6840,TIBS,TIBS,True,0.2814124822616577,1,T1620,MEDIUM_CANDIDATE,0,3,3.0506890192627907,1.230100303888321,0.4032204843303166,False,False,False,True
1742,6671,TIBS,TIBS,True,0.9865764379501343,1,T1620,MEDIUM_CANDIDATE,0,2,6.857851646840572,1.0806016325950623,0.15757145068789843,False,False,False,True
1743,6664,TIBS,Pysa,False,0.7327635884284973,2,T1055; T1620,HIGH_CANDIDATE,2,3,3.348922111093998,1.6634416282176971,0.496709559982659,False,False,False,True
1744,6687,TIBS,TIBS,True,0.9893022179603577,1,T1620,MEDIUM_CANDIDATE,0,2,6.794492498040199,1.0657232999801636,0.15685105256758475,False,False,False,True
1745,6789,TIBS,TIBS,True,0.35281509160995483,2,T1014; T1620,MEDIUM_CANDIDATE,0,4,3.264103315770626,1.097186028957367,0.33613704065562977,False,False,False,True
1746,6707,TIBS,TIBS,True,0.6533870697021484,1,T1620,MEDIUM_CANDIDATE,0,4,4.08266818523407,1.7952777221798897,0.43973147969088794,False,False,False,True
1747,6655,TIBS,TIBS,True,0.6787977814674377,2,T1055; T1620,HIGH_CANDIDATE,1,3,4.635000124573708,0.8551457449793816,0.1844974588987808,False,False,False,True
1748,6800,TIBS,Gator,False,0.12968485057353973,2,T1014; T1620,MEDIUM_CANDIDATE,0,3,1.38622485101223,0.29591960459947586,0.2134715766950748,False,False,False,True
1749,6721,TIBS,TIBS,True,0.9759440422058105,1,T1620,MEDIUM_CANDIDATE,0,4,5.974463060498238,1.3377641141414642,0.22391369744780076,False,False,False,True
1750,7220,Transponder,Gator,False,0.2652078866958618,2,T1014; T1620,MEDIUM_CANDIDATE,0,6,1.9979771003127098,0.720980815589428,0.36085539492749186,False,False,False,True
1751,7061,Transponder,Transponder,True,0.29483869671821594,1,T1620,MEDIUM_CANDIDATE,0,2,1.6221595592796803,0.23127330094575882,0.14257124067897223,False,False,False,True
1752,7016,Transponder,CWS,False,0.19240930676460266,1,T1620,MEDIUM_CANDIDATE,0,3,1.317591667175293,0.23953567445278168,0.18179810970291582,False,False,False,True
1753,6943,Transponder,Transponder,True,0.7927747368812561,2,T1055; T1620,HIGH_CANDIDATE,1,3,4.649743005633354,1.1220710277557373,0.24131893448655167,False,False,False,True
1754,7178,Transponder,Gator,False,0.280292272567749,2,T1014; T1620,MEDIUM_CANDIDATE,0,2,1.713442962616682,0.1329718716442585,0.07760507618017859,False,False,False,True
1755,7140,Transponder,Transponder,True,0.5017252564430237,2,T1055; T1620,HIGH_CANDIDATE,2,3,2.7800012715160847,1.1108851060271263,0.3995987762341205,False,False,False,True
1756,7113,Transponder,TIBS,False,0.6304161548614502,2,T1055; T1620,HIGH_CANDIDATE,1,1,3.8611758574843407,0.5688087642192841,0.1473149074825818,False,False,False,True
1757,6969,Transponder,Transponder,True,0.3451252281665802,2,T1055; T1620,HIGH_CANDIDATE,2,2,2.2599416822195053,0.6079497784376144,0.2690112683972192,False,False,False,True
1758,6994,Transponder,Maze,False,0.3082035183906555,1,T1620,MEDIUM_CANDIDATE,0,4,3.2190363630652428,1.3944798707962036,0.43319792432178267,False,False,False,True
1759,6903,Transponder,Transponder,True,0.3898122310638428,2,T1055; T1620,HIGH_CANDIDATE,2,1,2.426816865801811,0.6207766458392143,0.2557987191316606,False,False,False,True
1760,6891,Transponder,Gator,False,0.7250039577484131,2,T1014; T1620,MEDIUM_CANDIDATE,0,5,3.619042679667473,1.5393484383821487,0.4253468595522582,False,False,False,True
1761,7179,Transponder,Transponder,True,0.3060328960418701,1,T1620,MEDIUM_CANDIDATE,0,2,1.9057744070887566,0.2316405437886715,0.12154667568577723,False,False,False,True
1762,6907,Transponder,Transponder,True,0.41383686661720276,2,T1055; T1620,HIGH_CANDIDATE,2,2,2.5454899072647095,0.8400271087884903,0.33000606539082794,False,False,False,True
1763,7009,Transponder,Gator,False,0.21762225031852722,2,T1014; T1620,MEDIUM_CANDIDATE,0,3,1.8382252007722855,0.22202710062265396,0.12078340593381849,False,False,False,True
1764,7127,Transponder,Transponder,True,0.28336822986602783,1,T1014,MEDIUM_CANDIDATE,0,3,2.180847678333521,0.42420683056116104,0.1945146535338569,False,False,False,True
1765,7069,Transponder,Transponder,True,0.6748992800712585,3,T1014; T1055; T1620,HIGH_CANDIDATE,2,5,2.6362737864255905,0.9847544617950916,0.3735402851045595,False,False,False,True
1766,6862,Transponder,Gator,False,0.46243128180503845,2,T1014; T1620,MEDIUM_CANDIDATE,0,5,3.1507985442876816,1.6385750249028206,0.5200507115485107,False,False,False,True
1767,7037,Transponder,CWS,False,0.21381600201129913,1,T1620,MEDIUM_CANDIDATE,0,2,1.775619424879551,0.1769702136516571,0.09966674793708222,False,False,False,True
1768,7053,Transponder,CWS,False,0.21243315935134888,1,T1620,MEDIUM_CANDIDATE,0,2,1.6665966399013996,0.09777083992958069,0.058664968828549345,False,False,False,True
1769,7091,Transponder,Transponder,True,0.49172544479370117,2,T1055; T1620,HIGH_CANDIDATE,2,4,2.6995621137320995,1.088976576924324,0.4033900799633138,False,False,False,True
1770,7093,Transponder,Transponder,True,0.5481494665145874,2,T1014; T1620,MEDIUM_CANDIDATE,0,5,2.411908086389303,0.7705328911542892,0.3194702549000528,False,False,False,True
1771,7094,Transponder,Transponder,True,0.5382698774337769,1,T1620,MEDIUM_CANDIDATE,0,3,3.026458963751793,0.8105867430567741,0.2678333830939901,False,False,False,True
1772,7191,Transponder,Transponder,True,0.7856608033180237,2,T1055; T1620,HIGH_CANDIDATE,2,3,3.383376147598028,1.1375725083053112,0.3362240728430127,False,False,False,True
1773,7104,Transponder,Maze,False,0.1976892501115799,1,T1620,MEDIUM_CANDIDATE,0,3,1.9821385070681572,0.5848818272352219,0.29507616402666975,False,False,False,True
1774,7133,Transponder,Transponder,True,0.4371654689311981,2,T1014; T1620,MEDIUM_CANDIDATE,0,6,2.1193641498684883,0.532819576561451,0.25140539278939567,False,False,False,True
1775,7182,Transponder,Transponder,True,0.1590672731399536,0,,CONTEXT_ONLY,0,0,1.7989962100982666,0.0,0.0,False,False,False,True
1776,6866,Transponder,Transponder,True,0.6460909843444824,2,T1014; T1620,MEDIUM_CANDIDATE,0,6,2.93535515666008,0.7523617148399353,0.25631028433915,False,False,False,True
1777,6976,Transponder,180solutions,False,0.2730743885040283,2,T1055; T1620,HIGH_CANDIDATE,1,3,1.5099842306226492,0.42247771099209785,0.2797894854954129,False,False,False,True
1778,7056,Transponder,Transponder,True,0.4731297194957733,2,T1055; T1620,HIGH_CANDIDATE,1,4,2.963585536926985,0.8189652189612389,0.2763426966276952,False,False,False,True
1779,6879,Transponder,CWS,False,0.3731161653995514,2,T1055; T1620,HIGH_CANDIDATE,1,1,2.468157257884741,0.33467313274741173,0.13559635703044026,False,False,False,True
1780,7031,Transponder,Transponder,True,0.46015480160713196,3,T1014; T1055; T1620,HIGH_CANDIDATE,2,4,2.5434240624308586,0.975979670882225,0.3837266798323201,False,False,False,True
1781,7018,Transponder,Transponder,True,0.3221145570278168,2,T1014; T1620,MEDIUM_CANDIDATE,0,4,1.9196490496397018,0.5517299026250839,0.28741185933368285,False,False,False,True
1782,7138,Transponder,CWS,False,0.44788306951522827,2,T1055; T1620,HIGH_CANDIDATE,1,1,2.333098277449608,0.32972104102373123,0.14132325423692008,False,False,False,True
1783,6936,Transponder,TIBS,False,0.7710751891136169,1,T1620,MEDIUM_CANDIDATE,0,1,5.153475791215897,0.5513274669647217,0.10698167398097799,False,False,False,True
1784,7160,Transponder,Transponder,True,0.537447452545166,3,T1014; T1055; T1620,HIGH_CANDIDATE,1,4,2.650919944047928,0.6137121692299843,0.23150912972982957,False,False,False,True
1785,7218,Transponder,CWS,False,0.16420075297355652,2,T1014; T1620,MEDIUM_CANDIDATE,0,4,1.2484373301267624,0.33533601462841034,0.2686046039606661,False,False,False,True
1786,6968,Transponder,CWS,False,0.680256724357605,3,T1014; T1055; T1620,HIGH_CANDIDATE,1,2,2.8130925819277763,0.5979166328907013,0.21254779765582996,False,False,False,True
1787,7063,Transponder,Transponder,True,0.28173741698265076,1,T1620,MEDIUM_CANDIDATE,0,1,2.140946676954627,0.04763532429933548,0.02224965470279436,False,False,False,True
1788,7173,Transponder,Transponder,True,0.29096341133117676,2,T1014; T1620,MEDIUM_CANDIDATE,0,5,2.328683577477932,1.030372329056263,0.4424698739758375,False,False,False,True
1789,6989,Transponder,Transponder,True,0.20084534585475922,1,T1620,MEDIUM_CANDIDATE,0,2,1.4425928518176079,0.19754333049058914,0.13693630204925294,False,False,False,True
1790,6925,Transponder,Gator,False,0.28459063172340393,1,T1620,MEDIUM_CANDIDATE,0,2,1.9527443386614323,0.08195649832487106,0.041969907018678455,False,False,False,True
1791,6938,Transponder,Transponder,True,0.9944446682929993,1,T1620,MEDIUM_CANDIDATE,0,3,5.061350002884865,0.7569895088672638,0.1495627665416925,False,False,False,True
1792,7163,Transponder,Transponder,True,0.5210617780685425,2,T1014; T1620,MEDIUM_CANDIDATE,0,5,2.7543741017580032,1.111332267522812,0.4034790578423949,False,False,False,True
1793,6962,Transponder,CWS,False,0.43656495213508606,2,T1055; T1620,HIGH_CANDIDATE,1,1,2.4680055975914,0.3176958039402962,0.1287257226038486,False,False,False,True
1794,7088,Transponder,Transponder,True,0.4134875237941742,2,T1055; T1620,HIGH_CANDIDATE,2,1,2.4369138069450855,0.6707614958286285,0.2752503982360767,False,False,False,True
1795,6854,Transponder,Transponder,True,0.25821661949157715,1,T1620,MEDIUM_CANDIDATE,0,2,3.123030573129654,0.31416531652212143,0.10059629874429626,False,False,False,True
1796,7234,Transponder,Transponder,True,0.38386717438697815,1,T1620,MEDIUM_CANDIDATE,0,3,2.5907006077468395,0.7400390580296516,0.2856520957368639,False,False,False,True
1797,7081,Transponder,Transponder,True,0.45889174938201904,2,T1055; T1620,HIGH_CANDIDATE,2,3,2.8079727590084076,0.8743122220039368,0.31136777206937244,False,False,False,True
1798,6869,Transponder,Gator,False,0.5281325578689575,2,T1014; T1620,MEDIUM_CANDIDATE,0,4,3.3079720214009285,1.4624796509742737,0.4421076241010384,False,False,False,True
1799,7023,Transponder,Transponder,True,0.3472912311553955,1,T1620,MEDIUM_CANDIDATE,0,3,2.130269981920719,0.589021697640419,0.27650096121118806,False,False,False,True
1800,7054,Transponder,CWS,False,0.31190168857574463,2,T1014; T1620,MEDIUM_CANDIDATE,0,2,1.643706701695919,0.13143602013587952,0.07996318321283745,False,False,False,True
1801,6859,Transponder,CWS,False,0.3654061257839203,1,T1620,MEDIUM_CANDIDATE,0,1,2.5651241466403008,0.14680200815200806,0.057229981770778454,False,False,False,True
1802,6900,Transponder,Transponder,True,0.5481494665145874,2,T1014; T1620,MEDIUM_CANDIDATE,0,5,2.411908086389303,0.7705328911542892,0.3194702549000528,False,False,False,True
1803,6982,Transponder,Gator,False,0.6719997525215149,2,T1014; T1620,MEDIUM_CANDIDATE,0,5,3.5245222114026546,1.6497818678617477,0.46808667073350174,False,False,False,True
1804,7107,Transponder,CWS,False,0.3888671100139618,1,T1055,HIGH_CANDIDATE,1,0,2.54573655128479,0.2832929193973541,0.11128131827088746,False,False,False,True
1805,7197,Transponder,180solutions,False,0.20266012847423553,2,T1055; T1620,HIGH_CANDIDATE,1,3,1.7688482627272606,0.37026092410087585,0.20932316915075408,False,False,False,True
1806,7212,Transponder,Gator,False,0.26558321714401245,2,T1014; T1620,MEDIUM_CANDIDATE,0,3,1.9396646432578564,0.2552565261721611,0.1315982775988703,False,False,False,True
1807,7090,Transponder,Transponder,True,0.5147757530212402,3,T1014; T1055; T1620,HIGH_CANDIDATE,2,3,2.9013170823454857,0.8829976916313171,0.304343739953264,False,False,False,True
1808,7167,Transponder,Transponder,True,0.17162658274173737,2,T1014; T1620,MEDIUM_CANDIDATE,0,4,1.3225982338190079,0.35527579486370087,0.26861958966771077,False,False,False,True
1809,7084,Transponder,Transponder,True,0.7133998274803162,2,T1055; T1620,HIGH_CANDIDATE,2,2,3.5319538712501526,1.1169077530503273,0.3162294281762497,False,False,False,True
1810,7124,Transponder,Gator,False,0.7995957136154175,2,T1014; T1620,MEDIUM_CANDIDATE,0,5,3.7600667253136635,1.7322322502732277,0.4606918910803971,False,False,False,True
1811,7157,Transponder,CWS,False,0.4603358805179596,3,T1014; T1055; T1620,HIGH_CANDIDATE,1,2,2.84774237126112,0.4218869134783745,0.14814785134216418,False,False,False,True
1812,6941,Transponder,Transponder,True,0.30933672189712524,1,T1620,MEDIUM_CANDIDATE,0,2,2.4420602694153786,0.49579285085201263,0.2030223647881974,False,False,False,True
1813,7230,Transponder,Transponder,True,0.5818991661071777,2,T1055; T1620,HIGH_CANDIDATE,2,2,2.910352624952793,0.8295904472470284,0.2850480866594248,False,False,False,True
1814,6959,Transponder,Scar,False,0.18647779524326324,1,T1620,MEDIUM_CANDIDATE,0,1,1.6499074529856443,0.22910019755363464,0.13885639290801363,False,False,False,True
1815,7239,Transponder,Ako,False,0.4326070547103882,3,T1014; T1055; T1620,HIGH_CANDIDATE,2,2,2.781988725066185,1.366430252790451,0.4911703057883324,False,False,False,True
1816,6867,Transponder,Transponder,True,0.6017746329307556,2,T1055; T1620,HIGH_CANDIDATE,1,1,2.8460135608911514,0.2940409183502197,0.10331676643808711,False,False,False,True
1817,6927,Transponder,Transponder,True,0.2273322194814682,1,T1620,MEDIUM_CANDIDATE,0,3,1.6908130198717117,0.23444361612200737,0.13865732837791578,False,False,False,True
1818,6884,Transponder,CWS,False,0.31896093487739563,2,T1055; T1620,HIGH_CANDIDATE,1,1,2.2362481504678726,0.40503406524658203,0.1811221465568747,False,False,False,True
1819,6940,Transponder,CWS,False,0.36629754304885864,1,T1620,MEDIUM_CANDIDATE,0,2,2.1164524629712105,0.2230304628610611,0.1053793868575516,False,False,False,True
1820,7119,Transponder,Pysa,False,0.43842974305152893,2,T1055; T1620,HIGH_CANDIDATE,2,4,2.872324176132679,1.5900578275322914,0.5535788198089668,False,False,False,True
1821,7101,Transponder,Refroso,False,0.6214606761932373,1,T1620,MEDIUM_CANDIDATE,0,3,3.720515325665474,0.7568805515766144,0.20343433243114895,False,False,False,True
1822,7187,Transponder,CWS,False,0.18750189244747162,2,T1014; T1620,MEDIUM_CANDIDATE,0,4,1.160339392721653,0.30624230206012726,0.2639247654445443,False,False,False,True
1823,6967,Transponder,Transponder,True,0.5266043543815613,1,T1620,MEDIUM_CANDIDATE,0,3,2.9901782535016537,0.7970421761274338,0.26655339867917777,False,False,False,True
1824,6950,Transponder,TIBS,False,0.6289531588554382,2,T1055; T1620,HIGH_CANDIDATE,1,3,3.998465672135353,1.1650942340493202,0.2913853286696118,False,False,False,True
1825,6978,Transponder,Transponder,True,0.3526771068572998,1,T1014,MEDIUM_CANDIDATE,0,1,2.322669092565775,0.04807083681225777,0.020696377700172314,False,False,False,True
1826,6939,Transponder,Scar,False,0.2915765345096588,2,T1055; T1620,HIGH_CANDIDATE,1,2,2.4469595216214657,0.5484480559825897,0.22413450289490824,False,False,False,True
1827,6887,Transponder,CWS,False,0.26307082176208496,2,T1014; T1620,MEDIUM_CANDIDATE,0,4,1.9944100864231586,0.4499649479985237,0.22561305273255303,False,False,False,True
1828,7189,Transponder,Transponder,True,0.513765811920166,2,T1055; T1620,HIGH_CANDIDATE,2,2,2.906340539455414,0.8189738690853119,0.2817886816659035,False,False,False,True
1829,6877,Transponder,Transponder,True,0.7572374939918518,1,T1620,MEDIUM_CANDIDATE,0,3,3.1777218356728554,0.8683936968445778,0.2732755545485632,False,False,False,True
1830,6915,Transponder,Transponder,True,0.2782786786556244,2,T1055; T1620,HIGH_CANDIDATE,2,1,2.263454671949148,0.6254343688488007,0.27631848633850264,False,False,False,True
1831,6929,Transponder,Transponder,True,0.4068431556224823,2,T1014; T1620,MEDIUM_CANDIDATE,0,6,2.0424893125891685,0.8989856913685799,0.4401421764253824,False,False,False,True
1832,6908,Transponder,CWS,False,0.3143249452114105,2,T1055; T1620,HIGH_CANDIDATE,1,1,2.4609132185578346,0.3821774274110794,0.15529902660892947,False,False,False,True
1833,7099,Transponder,Transponder,True,0.7611403465270996,1,T1014,MEDIUM_CANDIDATE,0,5,3.6700748279690742,1.313957691192627,0.35801931916460067,False,False,False,True
1834,6902,Transponder,Transponder,True,0.27423807978630066,0,,CONTEXT_ONLY,0,0,2.1886742934584618,0.0,0.0,False,False,False,True
1835,6909,Transponder,Gator,False,0.7817245721817017,2,T1014; T1620,MEDIUM_CANDIDATE,0,6,3.7674524262547493,1.7991637662053108,0.47755447518520416,False,False,False,True
1836,6996,Transponder,Transponder,True,0.5142363905906677,1,T1620,MEDIUM_CANDIDATE,0,3,2.9876599349081516,0.807409942150116,0.27024827448273087,False,False,False,True
1837,7060,Transponder,Gator,False,0.24870683252811432,1,T1620,MEDIUM_CANDIDATE,0,5,2.4807400293648243,0.7341587841510773,0.29594345858927157,False,False,False,True
1838,7115,Transponder,Transponder,True,0.5014325380325317,2,T1055; T1620,HIGH_CANDIDATE,2,4,2.7684973031282425,1.1267451047897339,0.40698797268705184,False,False,False,True
1839,7221,Transponder,Transponder,True,0.42053624987602234,2,T1055; T1620,HIGH_CANDIDATE,1,4,2.939578503370285,0.9559123739600182,0.32518688405975404,False,False,False,True
1840,7206,Transponder,Transponder,True,0.3901784121990204,1,T1620,MEDIUM_CANDIDATE,0,1,2.476241186261177,0.12442490458488464,0.05024749013756254,False,False,False,True
1841,7169,Transponder,Scar,False,0.23918847739696503,2,T1055; T1620,HIGH_CANDIDATE,2,4,1.5303928405046463,0.3985287733376026,0.2604094601005765,False,False,False,True
1842,6872,Transponder,Transponder,True,0.5907492637634277,2,T1055; T1620,HIGH_CANDIDATE,1,2,2.8900242373347282,0.36476021260023117,0.12621354793087292,False,False,False,True
1843,7204,Transponder,Gator,False,0.737042248249054,2,T1014; T1620,MEDIUM_CANDIDATE,0,5,3.44502355158329,1.6927068494260311,0.49134841143483154,False,False,False,True
1844,7223,Transponder,180solutions,False,0.27208399772644043,2,T1055; T1620,HIGH_CANDIDATE,1,3,1.571557778865099,0.3602647930383682,0.2292405649243985,False,False,False,True
1845,7000,Transponder,Gator,False,0.6897197365760803,2,T1014; T1620,MEDIUM_CANDIDATE,0,5,3.2660136222839355,1.6421724632382393,0.5028063728925484,False,False,False,True
1846,6984,Transponder,Gator,False,0.7503892779350281,2,T1014; T1620,MEDIUM_CANDIDATE,0,5,3.688488330692053,1.7144218236207962,0.4648033746928319,False,False,False,True
1847,7106,Transponder,CWS,False,0.45799165964126587,1,T1055,HIGH_CANDIDATE,1,0,2.6623633578419685,0.31083691120147705,0.11675224957025854,False,False,False,True
1848,6960,Transponder,Transponder,True,0.4327629506587982,1,T1620,MEDIUM_CANDIDATE,0,3,2.771433684974909,0.7734332457184792,0.2790733366313549,False,False,False,True
1849,6977,Transponder,Transponder,True,0.269111305475235,1,T1620,MEDIUM_CANDIDATE,0,3,1.4972215220332146,0.32514043152332306,0.21716254190748274,False,False,False,True
1850,7161,Transponder,Transponder,True,0.24877192080020905,1,T1620,MEDIUM_CANDIDATE,0,3,2.25027996301651,0.6817889325320721,0.3029796041991731,False,False,False,True
1851,7125,Transponder,Transponder,True,0.5151830911636353,3,T1014; T1055; T1620,HIGH_CANDIDATE,2,3,3.033655695617199,1.1553439274430275,0.38084214009921524,False,False,False,True
1852,7120,Transponder,Transponder,True,0.6423988938331604,3,T1014; T1055; T1620,HIGH_CANDIDATE,2,4,3.1074385941028595,1.2337248623371124,0.3970230866921758,False,False,False,True
1853,7042,Transponder,Transponder,True,0.4320859909057617,1,T1620,MEDIUM_CANDIDATE,0,3,2.7465911023318768,0.7549590654671192,0.27487129949054057,False,False,False,True
1854,7174,Transponder,Transponder,True,0.29058870673179626,2,T1014; T1620,MEDIUM_CANDIDATE,0,5,2.338159702718258,1.0370453670620918,0.4435305962447566,False,False,False,True
1855,6958,Transponder,Transponder,True,0.17915655672550201,1,T1620,MEDIUM_CANDIDATE,0,2,2.1346476674079895,0.2348901405930519,0.1100369602812575,False,False,False,True
1856,7205,Transponder,Transponder,True,0.5082681775093079,1,T1620,MEDIUM_CANDIDATE,0,3,3.1159074753522873,0.8086817264556885,0.2595332925809224,False,False,False,True
1857,7238,Transponder,Gator,False,0.68365478515625,2,T1014; T1620,MEDIUM_CANDIDATE,0,6,3.352234471589327,1.8009562082588673,0.5372405252443504,False,False,False,True
1858,7020,Transponder,Transponder,True,0.46449366211891174,2,T1014; T1620,MEDIUM_CANDIDATE,0,6,2.612410753965378,1.1430639550089836,0.43755138937241284,False,False,False,True
1859,7131,Transponder,Reconyc,False,0.38420435786247253,2,T1055; T1620,HIGH_CANDIDATE,1,3,2.618716537952423,0.5939199104905128,0.2267980905466383,False,False,False,True
1860,7114,Transponder,Transponder,True,0.36029958724975586,2,T1055; T1620,HIGH_CANDIDATE,2,2,2.496688436716795,0.699375681579113,0.28012132843407916,False,False,False,True
1861,7210,Transponder,Transponder,True,0.442242830991745,2,T1055; T1620,HIGH_CANDIDATE,1,3,2.3342632055282593,0.4097132682800293,0.17552145246932788,False,False,False,True
1862,6873,Transponder,Transponder,True,0.636229395866394,2,T1014; T1620,MEDIUM_CANDIDATE,0,6,3.0443394407629967,1.0313874334096909,0.3387885790919544,False,False,False,True
1863,6901,Transponder,Scar,False,0.32215553522109985,2,T1014; T1620,MEDIUM_CANDIDATE,0,6,2.0697896257042885,0.8818838335573673,0.4260741394224006,False,False,False,True
1864,7019,Transponder,Transponder,True,0.4271194040775299,2,T1014; T1620,MEDIUM_CANDIDATE,0,5,2.2829510159790516,0.766724206507206,0.3358478570677495,False,False,False,True
1865,7083,Transponder,Pysa,False,0.45833438634872437,2,T1055; T1620,HIGH_CANDIDATE,2,3,2.956387661397457,1.6488932222127914,0.5577391773558461,False,False,False,True
1866,6878,Transponder,Transponder,True,0.7526255249977112,1,T1620,MEDIUM_CANDIDATE,0,3,3.1777218356728554,0.8683936968445778,0.2732755545485632,False,False,False,True
1867,6892,Transponder,Gator,False,0.6799836158752441,2,T1014; T1620,MEDIUM_CANDIDATE,0,5,3.3546280786395073,1.659528162330389,0.49469810763744104,False,False,False,True
1868,7165,Transponder,Transponder,True,0.2826913893222809,0,,CONTEXT_ONLY,0,0,2.1733584329485893,0.0,0.0,False,False,False,True
1869,6951,Transponder,Transponder,True,0.6864171624183655,2,T1055; T1620,HIGH_CANDIDATE,2,2,3.4563704803586006,1.1416591331362724,0.3303057758489549,False,False,False,True
1870,7086,Transponder,Transponder,True,0.639787495136261,3,T1014; T1055; T1620,HIGH_CANDIDATE,2,3,3.126227106899023,0.9471574015915394,0.30297139945505963,False,False,False,True
1871,7208,Transponder,Transponder,True,0.2169140726327896,1,T1620,MEDIUM_CANDIDATE,0,2,2.0063867829740047,0.59153201431036,0.2948245170522657,False,False,False,True
1872,6997,Transponder,Transponder,True,0.43193039298057556,2,T1055; T1620,HIGH_CANDIDATE,1,1,2.364564012736082,0.2685233913362026,0.11356148105522806,False,False,False,True
1873,7192,Transponder,180solutions,False,0.15757188200950623,1,T1620,MEDIUM_CANDIDATE,0,4,1.66420179605484,0.5346715785562992,0.3212780924908221,False,False,False,True
1874,7147,Transponder,Ako,False,0.2542581856250763,2,T1055; T1620,HIGH_CANDIDATE,2,2,2.0261318311095238,1.1542296148836613,0.5696715273712457,False,False,False,True
1875,8509,Zeus,Gator,False,0.37047049403190613,2,T1014; T1620,MEDIUM_CANDIDATE,0,4,2.2644489631056786,0.5235344991087914,0.23119730567509317,False,False,False,True
1876,8664,Zeus,Zeus,True,0.513695478439331,1,T1620,MEDIUM_CANDIDATE,0,3,3.1800594478845596,0.40324094146490097,0.12680295701174552,False,False,False,True
1877,8603,Zeus,Pysa,False,0.21756277978420258,1,T1620,MEDIUM_CANDIDATE,0,5,1.854457825422287,0.847331240773201,0.4569158862268822,False,False,False,True
1878,8590,Zeus,Zeus,True,0.37953007221221924,2,T1014; T1620,MEDIUM_CANDIDATE,0,4,2.409196451306343,0.2870399095118046,0.11914342201366036,False,False,False,True
1879,8727,Zeus,Pysa,False,0.2625220715999603,1,T1620,MEDIUM_CANDIDATE,0,3,1.847330890595913,0.42578569799661636,0.23048696915324476,False,False,False,True
1880,8536,Zeus,Gator,False,0.34754282236099243,2,T1014; T1620,MEDIUM_CANDIDATE,0,4,2.3683938533067703,0.382998563349247,0.16171236165576994,False,False,False,True
1881,8754,Zeus,Shade,False,0.4366165101528168,3,T1014; T1055; T1620,HIGH_CANDIDATE,1,4,2.5564321875572205,0.5525255426764488,0.21613150756187688,False,False,False,True
1882,8759,Zeus,Zeus,True,0.6162533164024353,3,T1014; T1055; T1620,HIGH_CANDIDATE,1,4,3.5598145127296448,0.7864538282155991,0.22092550760813404,False,False,False,True
1883,8635,Zeus,Zeus,True,0.39844340085983276,2,T1014; T1620,MEDIUM_CANDIDATE,0,3,2.951120901852846,0.28757786750793457,0.09744699626754712,False,False,False,True
1884,8677,Zeus,Scar,False,0.14760132133960724,2,T1014; T1620,MEDIUM_CANDIDATE,0,2,1.540024857968092,0.1910356692969799,0.12404713359564357,False,False,False,True
1885,8631,Zeus,Maze,False,0.22516465187072754,1,T1620,MEDIUM_CANDIDATE,0,2,1.954820528626442,0.6024335324764252,0.3081784356437704,False,False,False,True
1886,8584,Zeus,Zeus,True,0.5624874830245972,2,T1014; T1620,MEDIUM_CANDIDATE,0,2,2.8169846571981907,0.13505251705646515,0.047942226703779824,False,False,False,True
1887,8606,Zeus,Conti,False,0.4140135645866394,3,T1014; T1055; T1620,HIGH_CANDIDATE,1,6,2.148144043982029,1.4282779097557068,0.6648892627833739,False,False,False,True
1888,8651,Zeus,Zeus,True,0.38182395696640015,1,T1620,MEDIUM_CANDIDATE,0,2,3.0027649626135826,0.2571863830089569,0.08564985478753687,False,False,False,True
1889,8742,Zeus,Shade,False,0.2943066954612732,2,T1055; T1620,HIGH_CANDIDATE,1,3,2.0343753956258297,0.38648392260074615,0.18997669920297727,False,False,False,True
1890,8589,Zeus,Zeus,True,0.2500993013381958,1,T1620,MEDIUM_CANDIDATE,0,3,2.173170030117035,0.2946818992495537,0.13560001986300343,False,False,False,True
1891,8649,Zeus,Zeus,True,0.9846012592315674,2,T1055; T1620,HIGH_CANDIDATE,2,1,6.530051007866859,0.5895073115825653,0.09027606535881208,False,False,False,True
1892,8620,Zeus,Zeus,True,0.2524395287036896,2,T1014; T1620,MEDIUM_CANDIDATE,0,2,1.934547282755375,0.11246241256594658,0.05813371095575726,False,False,False,True
1893,8605,Zeus,Zeus,True,0.28601744771003723,1,T1620,MEDIUM_CANDIDATE,0,2,2.8975997269153595,0.23851924017071724,0.08231614530990895,False,False,False,True
1894,8570,Zeus,Zeus,True,0.31401363015174866,1,T1620,MEDIUM_CANDIDATE,0,2,2.7833774760365486,0.2994072958827019,0.10756977753123499,False,False,False,True
1895,8735,Zeus,Maze,False,0.40637049078941345,1,T1620,MEDIUM_CANDIDATE,0,3,2.82417082041502,1.211211770772934,0.42887341021211417,False,False,False,True
1896,8595,Zeus,180solutions,False,0.3237554430961609,1,T1620,MEDIUM_CANDIDATE,0,2,2.3757526502013206,0.22151988744735718,0.09324198267382156,False,False,False,True
1897,8687,Zeus,Zeus,True,0.545125424861908,2,T1014; T1620,MEDIUM_CANDIDATE,0,3,3.537336688488722,0.4314611293375492,0.1219734414147286,False,False,False,True
1898,8581,Zeus,Zeus,True,0.7023013234138489,2,T1014; T1620,MEDIUM_CANDIDATE,0,5,3.7679303586483,1.2718451917171478,0.3375447714414252,False,False,False,True
1899,8474,Zeus,Pysa,False,0.37377020716667175,1,T1620,MEDIUM_CANDIDATE,0,3,2.4237978383898735,0.4856531471014023,0.20036866912300788,False,False,False,True
1900,8745,Zeus,Zeus,True,0.25258415937423706,2,T1014; T1620,MEDIUM_CANDIDATE,0,3,1.9685933478176594,0.15395095199346542,0.07820353155420959,False,False,False,True
1901,8558,Zeus,Refroso,False,0.4650108516216278,1,T1620,MEDIUM_CANDIDATE,0,3,3.170568972826004,0.3173297345638275,0.1000860530975877,False,False,False,True
1902,8526,Zeus,Zeus,True,0.2176719754934311,2,T1014; T1620,MEDIUM_CANDIDATE,0,3,1.9366326555609703,0.18033649399876595,0.09311858574775977,False,False,False,True
1903,8761,Zeus,Zeus,True,0.5293686985969543,2,T1055; T1620,HIGH_CANDIDATE,1,2,3.3349649608135223,0.4673583582043648,0.1401389111117853,False,False,False,True
1904,8594,Zeus,Zeus,True,0.4405686557292938,2,T1014; T1620,MEDIUM_CANDIDATE,0,4,2.6102958023548126,0.32413097470998764,0.12417403974583303,False,False,False,True
1905,8732,Zeus,Zeus,True,0.4405686557292938,2,T1014; T1620,MEDIUM_CANDIDATE,0,4,2.6102958023548126,0.32413097470998764,0.12417403974583303,False,False,False,True
1906,8502,Zeus,CWS,False,0.2826167941093445,2,T1014; T1620,MEDIUM_CANDIDATE,0,5,1.9604076966643333,0.4322105571627617,0.22046973081067536,False,False,False,True
1907,8725,Zeus,Zeus,True,0.7051090598106384,3,T1014; T1055; T1620,HIGH_CANDIDATE,2,4,3.1143308952450752,1.4979020431637764,0.4809707425279556,False,False,False,True
1908,8637,Zeus,Zeus,True,0.3460531234741211,2,T1014; T1620,MEDIUM_CANDIDATE,0,3,2.90196730196476,0.36000513285398483,0.12405554418557559,False,False,False,True
1909,8684,Zeus,Zeus,True,0.9722806215286255,3,T1014; T1055; T1620,HIGH_CANDIDATE,2,3,6.351321786642075,1.2191008105874062,0.19194442535589765,False,False,False,True
1910,8518,Zeus,Gator,False,0.31461408734321594,2,T1014; T1620,MEDIUM_CANDIDATE,0,6,2.0819246098399162,0.5823657214641571,0.2797246925809367,False,False,False,True
1911,8553,Zeus,Zeus,True,0.4469449520111084,1,T1620,MEDIUM_CANDIDATE,0,3,2.7038881443440914,0.25854915007948875,0.09562124476943093,False,False,False,True
1912,8655,Zeus,Maze,False,0.1783944070339203,1,T1620,MEDIUM_CANDIDATE,0,2,1.550837904214859,0.6521983295679092,0.42054577579988733,False,False,False,True
1913,8722,Zeus,Maze,False,0.4807663857936859,1,T1620,MEDIUM_CANDIDATE,0,4,3.0794235542416573,1.3565932214260101,0.4405347941037252,False,False,False,True
1914,8699,Zeus,180solutions,False,0.16516317427158356,2,T1055; T1620,HIGH_CANDIDATE,1,1,1.1288110297173262,0.08990025520324707,0.07964154569410936,False,False,False,True
1915,8710,Zeus,Zeus,True,0.34935852885246277,2,T1014; T1620,MEDIUM_CANDIDATE,0,3,2.197168678045273,0.26055362820625305,0.11858608344902154,False,False,False,True
1916,8688,Zeus,Zeus,True,0.3882316052913666,1,T1620,MEDIUM_CANDIDATE,0,1,2.703806512057781,0.08163683116436005,0.030193296302932878,False,False,False,True
1917,8464,Zeus,Refroso,False,0.21980373561382294,1,T1620,MEDIUM_CANDIDATE,0,1,2.7931853234767914,0.19782693684101105,0.07082485189159157,False,False,False,True
1918,8501,Zeus,Shade,False,0.21790838241577148,2,T1055; T1620,HIGH_CANDIDATE,1,3,1.8718809261918068,0.3535495139658451,0.18887393370961555,False,False,False,True
1919,8576,Zeus,Zeus,True,0.306156724691391,2,T1055; T1620,HIGH_CANDIDATE,1,1,2.538892637938261,0.44161807000637054,0.1739412149247051,False,False,False,True
1920,8733,Zeus,Zeus,True,0.9567686915397644,3,T1014; T1055; T1620,HIGH_CANDIDATE,2,2,5.422627680003643,0.561970379203558,0.10363432866244293,False,False,False,True
1921,8634,Zeus,Maze,False,0.13421107828617096,1,T1620,MEDIUM_CANDIDATE,0,2,1.1563898399472237,0.4304014593362808,0.3721940858248321,False,False,False,True
1922,8572,Zeus,Zeus,True,0.27387088537216187,2,T1014; T1620,MEDIUM_CANDIDATE,0,4,2.055284485220909,0.2072167471051216,0.10082144277114476,False,False,False,True
1923,8621,Zeus,Zeus,True,0.35340744256973267,1,T1620,MEDIUM_CANDIDATE,0,3,2.7695102728903294,0.3207603357732296,0.11581843147975623,False,False,False,True
1924,8756,Zeus,Zeus,True,0.2405964583158493,1,T1055,HIGH_CANDIDATE,2,0,1.886352315545082,0.47018730640411377,0.24925741736015417,False,False,False,True
1925,8507,Zeus,TIBS,False,0.20180951058864594,2,T1014; T1620,MEDIUM_CANDIDATE,0,2,3.2163342610001564,0.8501668348908424,0.2643278856926,False,False,False,True
1926,8466,Zeus,Transponder,False,0.259164035320282,2,T1014; T1620,MEDIUM_CANDIDATE,0,8,1.8460818603634834,1.0621584728360176,0.5753582739970612,False,False,False,True
1927,8480,Zeus,Zeus,True,0.4179069697856903,1,T1620,MEDIUM_CANDIDATE,0,3,2.378175750374794,0.25965966656804085,0.10918438913823723,False,False,False,True
1928,8728,Zeus,Conti,False,0.22617220878601074,3,T1014; T1055; T1620,HIGH_CANDIDATE,1,5,1.7143501862883568,1.098906509578228,0.6410046899212632,False,False,False,True
1929,8475,Zeus,Zeus,True,0.3221566379070282,2,T1014; T1620,MEDIUM_CANDIDATE,0,5,2.595678471028805,0.5084211491048336,0.19587216012286737,False,False,False,True
1930,8740,Zeus,Pysa,False,0.6025545001029968,1,T1620,MEDIUM_CANDIDATE,0,5,3.5381519496440887,1.2160890325903893,0.34370740711481274,False,False,False,True
1931,8678,Zeus,Zeus,True,0.3492339253425598,2,T1055; T1620,HIGH_CANDIDATE,2,1,2.7877387292683125,0.6572362631559372,0.23575963423532145,False,False,False,True
1932,8645,Zeus,Maze,False,0.40470999479293823,1,T1620,MEDIUM_CANDIDATE,0,3,2.9074401780962944,1.2263040095567703,0.42178133837295934,False,False,False,True
1933,8548,Zeus,Ako,False,0.2041737139225006,2,T1014; T1620,MEDIUM_CANDIDATE,0,4,1.1025482639670372,0.613668117672205,0.5565907069357571,False,False,False,True
1934,8533,Zeus,Zeus,True,0.3874519467353821,2,T1014; T1620,MEDIUM_CANDIDATE,0,4,3.2663270011544228,0.3397003076970577,0.1040007040253462,False,False,False,True
1935,8489,Zeus,Scar,False,0.5000989437103271,2,T1055; T1620,HIGH_CANDIDATE,2,5,2.5065868347883224,0.9888231661170721,0.3944898905529346,False,False,False,True
1936,8757,Zeus,Zeus,True,0.38572075963020325,3,T1014; T1055; T1620,HIGH_CANDIDATE,2,3,2.294243574142456,0.9952668026089668,0.4338104348754593,False,False,False,True
1937,8763,Zeus,Maze,False,0.33826979994773865,1,T1620,MEDIUM_CANDIDATE,0,2,2.2827965691685677,0.6668297648429871,0.2921109019740018,False,False,False,True
1938,8593,Zeus,Zeus,True,0.4604884088039398,2,T1014; T1620,MEDIUM_CANDIDATE,0,4,2.7045736759901047,0.3381963297724724,0.12504607760358522,False,False,False,True
1939,8528,Zeus,CWS,False,0.15395328402519226,1,T1620,MEDIUM_CANDIDATE,0,2,1.5336318872869015,0.16856247559189796,0.10991064869555912,False,False,False,True
1940,8611,Zeus,Scar,False,0.22839806973934174,1,T1620,MEDIUM_CANDIDATE,0,3,2.2171890512108803,0.9143285267055035,0.41238185178939,False,False,False,True
1941,8718,Zeus,Zeus,True,0.4122840464115143,2,T1014; T1620,MEDIUM_CANDIDATE,0,3,2.698890157043934,0.1511039398610592,0.055987435971296344,False,False,False,True
1942,8522,Zeus,Gator,False,0.42686983942985535,2,T1014; T1620,MEDIUM_CANDIDATE,0,4,2.3519564270973206,0.5324030295014381,0.22636602590401989,False,False,False,True
1943,8746,Zeus,Refroso,False,0.20397965610027313,1,T1620,MEDIUM_CANDIDATE,0,1,2.8166473135352135,0.19948019087314606,0.07082185615307857,False,False,False,True
1944,8527,Zeus,Shade,False,0.19307397305965424,2,T1014; T1055,HIGH_CANDIDATE,1,2,1.5341410785913467,0.2738019526004791,0.1784724732433897,False,False,False,True
1945,8719,Zeus,Conti,False,0.4078165590763092,3,T1014; T1055; T1620,HIGH_CANDIDATE,1,4,2.2024609372019768,0.7308830246329308,0.33184834849395795,False,False,False,True
1946,8556,Zeus,TIBS,False,0.38904497027397156,2,T1055; T1620,HIGH_CANDIDATE,1,3,3.575241632759571,0.8450059071183205,0.23634931395283001,False,False,False,True
1947,8517,Zeus,Ako,False,0.26568567752838135,1,T1055,HIGH_CANDIDATE,2,0,1.9080327711999416,1.1364599168300629,0.5956186570712595,False,False,False,True
1948,8487,Zeus,Transponder,False,0.264562726020813,0,,CONTEXT_ONLY,0,0,2.2078127525746822,0.0,0.0,False,False,False,True
1949,8567,Zeus,Zeus,True,0.4367544949054718,1,T1620,MEDIUM_CANDIDATE,0,1,2.7808255963027477,0.08469057828187943,0.030455192297740626,False,False,False,True
1950,8600,Zeus,Zeus,True,0.4344225823879242,2,T1055; T1620,HIGH_CANDIDATE,2,1,2.346369720995426,1.0980935171246529,0.46799679833014407,False,False,False,True
1951,8575,Zeus,Zeus,True,0.32894471287727356,3,T1014; T1055; T1620,HIGH_CANDIDATE,2,3,2.3069098368287086,1.0872502624988556,0.47130158497806324,False,False,False,True
1952,8749,Zeus,Zeus,True,0.5585781931877136,3,T1014; T1055; T1620,HIGH_CANDIDATE,2,4,2.8885632529854774,1.8196442127227783,0.629947850663157,False,False,False,True
1953,8697,Zeus,Shade,False,0.25105300545692444,2,T1055; T1620,HIGH_CANDIDATE,1,3,2.2124494649469852,0.3893846906721592,0.17599710042710043,False,False,False,True
1954,8627,Zeus,Gator,False,0.5857059359550476,2,T1014; T1620,MEDIUM_CANDIDATE,0,5,3.5580838099122047,1.511213593184948,0.4247268119359552,False,False,False,True
1955,8674,Zeus,Emotet,False,0.1425676941871643,0,,CONTEXT_ONLY,0,0,1.4738372936844826,0.0,0.0,False,False,False,True
1956,8498,Zeus,Shade,False,0.2517538070678711,2,T1055; T1620,HIGH_CANDIDATE,1,3,1.9908237643539906,0.3915865160524845,0.19669572117025225,False,False,False,True
1957,8650,Zeus,Maze,False,0.4814252555370331,2,T1014; T1620,MEDIUM_CANDIDATE,0,5,3.0026444233953953,1.3955373726785183,0.4647694418310252,False,False,False,True
1958,8495,Zeus,Shade,False,0.2910480797290802,2,T1055; T1620,HIGH_CANDIDATE,1,2,2.335215710103512,0.33723656088113785,0.14441345158053487,False,False,False,True
1959,8561,Zeus,Zeus,True,0.9622640609741211,2,T1055; T1620,HIGH_CANDIDATE,2,1,5.517918024212122,0.7568320408463478,0.13715898596634413,False,False,False,True
1960,8493,Zeus,Gator,False,0.2732584476470947,2,T1014; T1620,MEDIUM_CANDIDATE,0,5,2.045634400099516,0.5240936055779457,0.25620101302190146,False,False,False,True
1961,8622,Zeus,Zeus,True,0.3692138195037842,1,T1620,MEDIUM_CANDIDATE,0,1,2.680327206850052,0.08119583874940872,0.030293256189728755,False,False,False,True
1962,8530,Zeus,Gator,False,0.21368955075740814,2,T1014; T1620,MEDIUM_CANDIDATE,0,4,1.754709605127573,0.4188886396586895,0.23872248629324336,False,False,False,True
1963,8485,Zeus,Shade,False,0.21403111517429352,2,T1055; T1620,HIGH_CANDIDATE,1,3,1.9491945020854473,0.3803073838353157,0.19511002284709095,False,False,False,True
1964,8626,Zeus,Gator,False,0.6100280284881592,2,T1014; T1620,MEDIUM_CANDIDATE,0,6,3.314048394560814,1.6836383938789368,0.5080307205658826,False,False,False,True
1965,8488,Zeus,Scar,False,0.2541031539440155,2,T1055; T1620,HIGH_CANDIDATE,1,3,1.696130059659481,0.5272098667919636,0.31083103786145233,False,False,False,True
1966,8515,Zeus,Transponder,False,0.5490700006484985,1,T1620,MEDIUM_CANDIDATE,0,3,3.019358228892088,0.8178094103932381,0.2708553766716585,False,False,False,True
1967,8681,Zeus,180solutions,False,0.1442374289035797,2,T1014; T1055,HIGH_CANDIDATE,1,1,1.2626056261360645,0.11712691560387611,0.0927660333356173,False,False,False,True
1968,8608,Zeus,Zeus,True,0.39950326085090637,1,T1620,MEDIUM_CANDIDATE,0,1,2.7201833091676235,0.07432662695646286,0.02732412433602014,False,False,False,True
1969,8686,Zeus,Zeus,True,0.3234226703643799,2,T1014; T1620,MEDIUM_CANDIDATE,0,5,2.4043011032044888,0.4342973046004772,0.1806334922117863,False,False,False,True
1970,8560,Zeus,Zeus,True,0.9826673865318298,3,T1014; T1055; T1620,HIGH_CANDIDATE,2,3,6.459644589573145,0.840451966971159,0.13010808184830744,False,False,False,True
1971,8639,Zeus,Refroso,False,0.393963098526001,1,T1620,MEDIUM_CANDIDATE,0,1,3.2217534258961678,0.4832395613193512,0.14999272055866056,False,False,False,True
1972,8658,Zeus,Shade,False,0.18335889279842377,1,T1620,MEDIUM_CANDIDATE,0,3,1.280274797230959,0.23154479265213013,0.1808555422265021,False,False,False,True
1973,8544,Zeus,TIBS,False,0.24425049126148224,1,T1620,MEDIUM_CANDIDATE,0,1,2.841303400695324,0.2147071212530136,0.07556641828552012,False,False,False,True
1974,8579,Zeus,Emotet,False,0.17110547423362732,1,T1014,MEDIUM_CANDIDATE,0,1,1.4143955036997795,0.22703881561756134,0.16052003490089767,False,False,False,True
1975,8618,Zeus,Zeus,True,0.24414601922035217,2,T1014; T1620,MEDIUM_CANDIDATE,0,2,1.9455215893685818,0.10522663220763206,0.054086591884998474,False,False,False,True
1976,8513,Zeus,Shade,False,0.25077298283576965,1,T1055,HIGH_CANDIDATE,1,0,1.6947219669818878,0.038083385676145554,0.022471760216791103,False,False,False,True
1977,8675,Zeus,Zeus,True,0.2536785304546356,2,T1014; T1620,MEDIUM_CANDIDATE,0,2,1.8604642786085606,0.1074272133409977,0.057742153169069395,False,False,False,True
1978,8478,Zeus,Zeus,True,0.22422385215759277,2,T1014; T1620,MEDIUM_CANDIDATE,0,2,1.8408610075712204,0.11336908489465714,0.06158481516441759,False,False,False,True
1979,8706,Zeus,Zeus,True,0.30648812651634216,1,T1620,MEDIUM_CANDIDATE,0,3,2.384693209081888,0.2546747401356697,0.10679559918473538,False,False,False,True
1980,8615,Zeus,Scar,False,0.3381365239620209,1,T1620,MEDIUM_CANDIDATE,0,5,1.8471921384334564,0.71361243724823,0.38632279902047517,False,False,False,True
1981,8469,Zeus,Zeus,True,0.42344558238983154,1,T1620,MEDIUM_CANDIDATE,0,2,3.1452422738075256,0.26280807703733444,0.08355733967647196,False,False,False,True
1982,8566,Zeus,Zeus,True,0.274265319108963,1,T1620,MEDIUM_CANDIDATE,0,1,1.981502402573824,0.0743236169219017,0.03750871905346209,False,False,False,True
1983,8520,Zeus,Gator,False,0.6004562973976135,2,T1014; T1620,MEDIUM_CANDIDATE,0,6,2.9993182569742203,0.9538900703191757,0.31803562963054194,False,False,False,True
1984,8707,Zeus,Zeus,True,0.9314165711402893,3,T1014; T1055; T1620,HIGH_CANDIDATE,2,3,5.488532550632954,0.7424236536026001,0.13526815168782805,False,False,False,True
1985,8467,Zeus,Zeus,True,0.2519628405570984,1,T1620,MEDIUM_CANDIDATE,0,2,2.3494538702070713,0.19309617206454277,0.08218768391801796,False,False,False,True
1986,8689,Zeus,Zeus,True,0.48865628242492676,2,T1014; T1620,MEDIUM_CANDIDATE,0,4,2.7446503080427647,0.2002258189022541,0.07295130396594565,False,False,False,True
1987,8685,Zeus,Zeus,True,0.9123865365982056,2,T1055; T1620,HIGH_CANDIDATE,2,2,5.564000815153122,0.6198907941579819,0.1114109819088735,False,False,False,True
1988,8547,Zeus,Conti,False,0.21516403555870056,3,T1014; T1055; T1620,HIGH_CANDIDATE,1,4,1.8041281327605247,0.7718748599290848,0.42783815955911453,False,False,False,True
1989,8503,Zeus,Transponder,False,0.16000843048095703,2,T1014; T1620,MEDIUM_CANDIDATE,0,7,1.7832133919000626,0.8765562698245049,0.49155994106263984,False,False,False,True
1990,8672,Zeus,Maze,False,0.13728420436382294,2,T1014; T1620,MEDIUM_CANDIDATE,0,6,1.6402975283563137,1.1716164462268353,0.714270689294321,False,False,False,True
1991,8497,Zeus,Zeus,True,0.2518461346626282,1,T1620,MEDIUM_CANDIDATE,0,4,1.8833538889884949,0.3887033835053444,0.206388924449089,False,False,False,True
1992,8708,Zeus,Zeus,True,0.9628979563713074,2,T1055; T1620,HIGH_CANDIDATE,2,1,5.861045375466347,0.800503596663475,0.13658034452595946,False,False,False,True
1993,8477,Zeus,Zeus,True,0.2311791181564331,2,T1014; T1620,MEDIUM_CANDIDATE,0,2,1.9470770917832851,0.13389841839671135,0.06876893522180816,False,False,False,True
1994,8648,Zeus,Maze,False,0.342392235994339,1,T1620,MEDIUM_CANDIDATE,0,2,2.565644770860672,0.6753972768783569,0.2632466055118721,False,False,False,True
1995,8717,Zeus,Zeus,True,0.30940502882003784,2,T1014; T1620,MEDIUM_CANDIDATE,0,5,2.309707347303629,0.3592527247965336,0.1555403654129291,False,False,False,True
1996,8616,Zeus,Zeus,True,0.6349896192550659,2,T1055; T1620,HIGH_CANDIDATE,1,2,3.339117147028446,0.5204243212938309,0.15585686227180376,False,False,False,True
1997,8671,Zeus,Zeus,True,0.21433736383914948,2,T1014; T1620,MEDIUM_CANDIDATE,0,2,1.8059002161026,0.10760517045855522,0.05958533561216527,False,False,False,True
1998,8720,Zeus,Zeus,True,0.674640953540802,3,T1014; T1055; T1620,HIGH_CANDIDATE,1,5,3.7310698479413986,0.9098522439599037,0.24385827149869915,False,False,False,True
1999,8660,Zeus,Maze,False,0.32866260409355164,1,T1620,MEDIUM_CANDIDATE,0,5,2.4136610478162766,1.3371680825948715,0.5539999428688026,False,False,False,True
